,ticker,end_date,summary,target
0,AAPL,2022-05-26,"[2022-05-20] Summary: 
Warren Buffett has increased his investment in Apple (AAPL), while Michael Burry has shorted the stock. Apple's stock price has been volatile, with some analysts predicting a potential bounce or further decline. The company is expected to release earnings reports soon, which may impact the stock price.

Keywords: 
- AAPL
- Apple
- Warren Buffett
- Michael Burry
- Short
- Earnings reports
- Stock price
- Volatility
- Bounce
- Decline
- Technical bear market

Note: The news data is noisy and contains various unrelated information, but the above summary and keywords are extracted based on the relevant information related to AAPL stock.
[2022-05-23] Summary: 
Apple Inc. is reportedly in talks to acquire Electronic Arts (EA), according to various news sources. The company's stock price has been fluctuating, with some analysts predicting a potential split and others discussing the possibility of a retest of a certain price range. Apple's stock has been mentioned in several tweets as a potential target for acquisition or a possible short sell. The company's sentiment report shows a mixed reaction from the public, with some users expressing bullish sentiments and others being bearish.

Keywords: 
- Apple Inc. (AAPL)
- Electronic Arts (EA)
- Stock split
- Acquisition
- Short sell
- Sentiment report
- Stock price
- Options trading
- Earnings report
- Market analysis
- Trading
- Stocks
- Options
[2022-05-24] Summary: 
Apple's stock ($AAPL) has been a topic of discussion among traders and investors, with various news and updates about the company's performance, earnings reports, and market trends. The stock has seen fluctuations in price, with some analysts predicting a potential acquisition by EA, while others discuss its production plans outside of China. The company has also expanded its Today at Apple Creative Studios, providing new opportunities for young creatives. Additionally, there have been discussions about the stock's performance compared to other tech giants like Microsoft ($MSFT) and Tesla ($TSLA).

Keywords: 
- $AAPL (Apple)
- $MSFT (Microsoft)
- $TSLA (Tesla)
- $EA (Electronic Arts)
- $SPY (S&P 500)
- $
[2022-05-25] Summary: 
The news articles are about various stocks, but the main focus is on Apple (AAPL) stock. There are reports about Apple's iPhone development schedule being impacted by China lockdowns, and the stock price being affected by this news. There are also mentions of Apple's earnings reports, analyst price targets, and trading activity.

Keywords: 
- AAPL (Apple stock)
- iPhone
- China lockdowns
- Earnings reports
- Analyst price targets
- Trading activity
- Stock price
- China
- COVID-19
- iPhone development schedule

Note: The news articles are quite noisy and contain a lot of irrelevant information, but the above summary and keywords are the most relevant information extracted from the articles.
[2022-05-26] Summary: 
Apple's stock price has been fluctuating, with some reports suggesting that the company will keep iPhone production flat in 2022, leading to a 1.4% drop in pre-market shares. However, the company has also announced a pay increase for its US hourly workers, with a starting wage of $22 per hour. Analysts have set a price target of $180 for Apple's stock. The company's earnings reports are expected today before the market opens.

Keywords: 
- $AAPL (Apple)
- $TSLA (Tesla)
- $NVDA (NVIDIA)
- $AMZN (Amazon)
- $GOOGL (Alphabet)
- $MSFT (Microsoft)
- $NVDA (NVIDIA)
- $SPY (S",Positive
1,BABA,2022-05-26,"[2022-05-23] Summary: 
Alibaba Group Holding Limited (BABA) is expected to report its earnings on Thursday before the market opens. Despite the company's potential for great earnings, analysts are bearish on Chinese stocks due to the ongoing slowdown in China. There are also concerns about the company's guidance, with some analysts predicting a downward revision. Additionally, there are reports of big money leaving BABA, which is seen as a red flag.

Keywords: BABA, earnings, Chinese stocks, slowdown, guidance, bearish, red flag, Alibaba Group Holding Limited.

Note: The news data is noisy and contains irrelevant information, but the above summary and keywords are extracted based on the relevant information related to BABA stock.
[2022-05-24] Summary: 
The news about BABA (Alibaba Group) stock is that it is currently trading at a lower level than its previous ""lowest average"" of $82.70, which is a good opportunity for investors to buy more shares at a lower average price. There are also mentions of potential earnings releases and market volatility, but no specific information about BABA's earnings. Some analysts are discussing the stock's potential to retest its support level, while others are discussing its potential to continue falling.

Keywords: 
- BABA (Alibaba Group)
- Stock price
- Earnings release
- Market volatility
- Dollar cost averaging (DCA)
- Support level
- Trading opportunity
- Alibaba Group
- China
- US-China relationship
- Delisting
- Metaverse
[2022-05-25] Summary: 
Alibaba's Q4 earnings report is expected to be released tomorrow morning, and there is a lot of speculation and analysis surrounding the company's performance. Analysts are predicting a potential 8.51% move in the stock price, with a range of $75.52 to $89.58. Some analysts are also predicting a top analyst price target for the stock. There is also a mention of a potential delisting of Alibaba from the US stock exchange due to the US-China relationship.

Keywords: 
- Alibaba (BABA)
- Earnings report
- Q4
- Stock price
- Analysts
- Price target
- US-China relationship
- Delisting
- Stock market
- Trading
- Options
- Earnings
- Wall Street
-
[2022-05-26] Summary: 
Alibaba Group Holding Limited (BABA) stock has seen a significant increase in value, with a 14% rise in 24 hours, reaching $94 per share. The company has broken its pattern of recent revenue decline and has beaten earnings expectations for the latest quarter. Analysts are optimistic about the company's future, with some predicting a price target of $168 per share in a year. However, some analysts also warn that the stock is overvalued, with a 582% overvaluation compared to its intrinsic value.

Keywords: 
- BABA
- Alibaba Group Holding Limited
- Stock price
- Earnings
- Revenue
- Valuation
- Intrinsic value
- Overvaluation
- Analysts' predictions
- Price target
- Stock market",Positive
2,AAPL,2022-05-27,"[2022-05-23] Summary: 
Apple Inc. is reportedly in talks to acquire Electronic Arts (EA), according to various news sources. The company's stock price has been fluctuating, with some analysts predicting a potential split and others discussing the possibility of a retest of a certain price range. Apple's stock has been mentioned in several tweets as a potential target for acquisition or a possible short sell. The company's sentiment report shows a mixed reaction from the public, with some users expressing bullish sentiments and others being bearish.

Keywords: 
- Apple Inc. (AAPL)
- Electronic Arts (EA)
- Stock split
- Acquisition
- Short sell
- Sentiment report
- Stock price
- Options trading
- Earnings report
- Market analysis
- Trading
- Stocks
- Options
[2022-05-24] Summary: 
Apple's stock ($AAPL) has been a topic of discussion among traders and investors, with various news and updates about the company's performance, earnings reports, and market trends. The stock has seen fluctuations in price, with some analysts predicting a potential acquisition by EA, while others discuss its production plans outside of China. The company has also expanded its Today at Apple Creative Studios, providing new opportunities for young creatives. Additionally, there have been discussions about the stock's performance compared to other tech giants like Microsoft ($MSFT) and Tesla ($TSLA).

Keywords: 
- $AAPL (Apple)
- $MSFT (Microsoft)
- $TSLA (Tesla)
- $EA (Electronic Arts)
- $SPY (S&P 500)
- $
[2022-05-25] Summary: 
The news articles are about various stocks, but the main focus is on Apple (AAPL) stock. There are reports about Apple's iPhone development schedule being impacted by China lockdowns, and the stock price being affected by this news. There are also mentions of Apple's earnings reports, analyst price targets, and trading activity.

Keywords: 
- AAPL (Apple stock)
- iPhone
- China lockdowns
- Earnings reports
- Analyst price targets
- Trading activity
- Stock price
- China
- COVID-19
- iPhone development schedule

Note: The news articles are quite noisy and contain a lot of irrelevant information, but the above summary and keywords are the most relevant information extracted from the articles.
[2022-05-26] Summary: 
Apple's stock price has been fluctuating, with some reports suggesting that the company will keep iPhone production flat in 2022, leading to a 1.4% drop in pre-market shares. However, the company has also announced a pay increase for its US hourly workers, with a starting wage of $22 per hour. Analysts have set a price target of $180 for Apple's stock. The company's earnings reports are expected today before the market opens.

Keywords: 
- $AAPL (Apple)
- $TSLA (Tesla)
- $NVDA (NVIDIA)
- $AMZN (Amazon)
- $GOOGL (Alphabet)
- $MSFT (Microsoft)
- $NVDA (NVIDIA)
- $SPY (S
[2022-05-27] Summary: 
Apple's stock price has been fluctuating, with some reports suggesting a 1.6% drop after a report that the company will keep iPhone production flat. However, other analysts have set a high price target for the stock. There are also reports of a union push facing a setback in Atlanta, which may impact the company's stock price. Additionally, there are mentions of Apple's stock being the largest in the world and its dividend payments.

Keywords: 
- $AAPL (Apple stock)
- iPhone production
- Union push
- Stock price
- Price target
- Dividend payments
- Apple's largest company in the world

Note: The news is mostly about Apple's stock price and its fluctuations, with some mentions of the company's production and union push.",Positive
3,BABA,2022-05-27,"[2022-05-23] Summary: 
Alibaba Group Holding Limited (BABA) is expected to report its earnings on Thursday before the market opens. Despite the company's potential for great earnings, analysts are bearish on Chinese stocks due to the ongoing slowdown in China. There are also concerns about the company's guidance, with some analysts predicting a downward revision. Additionally, there are reports of big money leaving BABA, which is seen as a red flag.

Keywords: BABA, earnings, Chinese stocks, slowdown, guidance, bearish, red flag, Alibaba Group Holding Limited.

Note: The news data is noisy and contains irrelevant information, but the above summary and keywords are extracted based on the relevant information related to BABA stock.
[2022-05-24] Summary: 
The news about BABA (Alibaba Group) stock is that it is currently trading at a lower level than its previous ""lowest average"" of $82.70, which is a good opportunity for investors to buy more shares at a lower average price. There are also mentions of potential earnings releases and market volatility, but no specific information about BABA's earnings. Some analysts are discussing the stock's potential to retest its support level, while others are discussing its potential to continue falling.

Keywords: 
- BABA (Alibaba Group)
- Stock price
- Earnings release
- Market volatility
- Dollar cost averaging (DCA)
- Support level
- Trading opportunity
- Alibaba Group
- China
- US-China relationship
- Delisting
- Metaverse
[2022-05-25] Summary: 
Alibaba's Q4 earnings report is expected to be released tomorrow morning, and there is a lot of speculation and analysis surrounding the company's performance. Analysts are predicting a potential 8.51% move in the stock price, with a range of $75.52 to $89.58. Some analysts are also predicting a top analyst price target for the stock. There is also a mention of a potential delisting of Alibaba from the US stock exchange due to the US-China relationship.

Keywords: 
- Alibaba (BABA)
- Earnings report
- Q4
- Stock price
- Analysts
- Price target
- US-China relationship
- Delisting
- Stock market
- Trading
- Options
- Earnings
- Wall Street
-
[2022-05-26] Summary: 
Alibaba Group Holding Limited (BABA) stock has seen a significant increase in value, with a 14% rise in 24 hours, reaching $94 per share. The company has broken its pattern of recent revenue decline and has beaten earnings expectations for the latest quarter. Analysts are optimistic about the company's future, with some predicting a price target of $168 per share in a year. However, some analysts also warn that the stock is overvalued, with a 582% overvaluation compared to its intrinsic value.

Keywords: 
- BABA
- Alibaba Group Holding Limited
- Stock price
- Earnings
- Revenue
- Valuation
- Intrinsic value
- Overvaluation
- Analysts' predictions
- Price target
- Stock market
[2022-05-27] Summary: 
Alibaba Group (BABA) stock has been in the news due to its recent earnings report, which beat expectations. However, the company's cloud business EBITA was only profitable for the first time, and its cash flow was weak. The stock has been affected by China's lockdowns, which have dampened its earnings. Despite this, some analysts believe that Alibaba's buyback program could be a positive factor for the stock. The company has repurchased $2B in the quarter and $3.4B since April 1-May 25. The stock's price target has been lowered by Citigroup from $177.00 to $176.00.

Keywords: 
- Alibaba Group (BABA)
- Earnings report
- China lockdowns
- Cloud",Negative
4,AAPL,2022-05-31,"[2022-05-24] Summary: 
Apple's stock ($AAPL) has been a topic of discussion among traders and investors, with various news and updates about the company's performance, earnings reports, and market trends. The stock has seen fluctuations in price, with some analysts predicting a potential acquisition by EA, while others discuss its production plans outside of China. The company has also expanded its Today at Apple Creative Studios, providing new opportunities for young creatives. Additionally, there have been discussions about the stock's performance compared to other tech giants like Microsoft ($MSFT) and Tesla ($TSLA).

Keywords: 
- $AAPL (Apple)
- $MSFT (Microsoft)
- $TSLA (Tesla)
- $EA (Electronic Arts)
- $SPY (S&P 500)
- $
[2022-05-25] Summary: 
The news articles are about various stocks, but the main focus is on Apple (AAPL) stock. There are reports about Apple's iPhone development schedule being impacted by China lockdowns, and the stock price being affected by this news. There are also mentions of Apple's earnings reports, analyst price targets, and trading activity.

Keywords: 
- AAPL (Apple stock)
- iPhone
- China lockdowns
- Earnings reports
- Analyst price targets
- Trading activity
- Stock price
- China
- COVID-19
- iPhone development schedule

Note: The news articles are quite noisy and contain a lot of irrelevant information, but the above summary and keywords are the most relevant information extracted from the articles.
[2022-05-26] Summary: 
Apple's stock price has been fluctuating, with some reports suggesting that the company will keep iPhone production flat in 2022, leading to a 1.4% drop in pre-market shares. However, the company has also announced a pay increase for its US hourly workers, with a starting wage of $22 per hour. Analysts have set a price target of $180 for Apple's stock. The company's earnings reports are expected today before the market opens.

Keywords: 
- $AAPL (Apple)
- $TSLA (Tesla)
- $NVDA (NVIDIA)
- $AMZN (Amazon)
- $GOOGL (Alphabet)
- $MSFT (Microsoft)
- $NVDA (NVIDIA)
- $SPY (S
[2022-05-27] Summary: 
Apple's stock price has been fluctuating, with some reports suggesting a 1.6% drop after a report that the company will keep iPhone production flat. However, other analysts have set a high price target for the stock. There are also reports of a union push facing a setback in Atlanta, which may impact the company's stock price. Additionally, there are mentions of Apple's stock being the largest in the world and its dividend payments.

Keywords: 
- $AAPL (Apple stock)
- iPhone production
- Union push
- Stock price
- Price target
- Dividend payments
- Apple's largest company in the world

Note: The news is mostly about Apple's stock price and its fluctuations, with some mentions of the company's production and union push.
[2022-05-31] Summary: 
The news is about Apple Inc. (AAPL) stock, with various analysts and traders discussing its price target, technical analysis, and potential breakout levels. Some analysts are predicting a possible breakout above $150, while others are warning of a potential pullback. The stock is also mentioned in various watchlists and trading alerts, with some traders suggesting it as a potential option for trading.

Keywords: 
- AAPL
- Apple
- Stock
- Price target
- Breakout
- Technical analysis
- Trading
- Options
- Watchlist
- Trading alerts
- Earnings reports
- iPhone
- iPad
- Software
- MacBook Air
- WWDC
- June 6
- Nasdaq
- S&P 500
- Dow Jones",Negative
5,BABA,2022-05-31,"[2022-05-24] Summary: 
The news about BABA (Alibaba Group) stock is that it is currently trading at a lower level than its previous ""lowest average"" of $82.70, which is a good opportunity for investors to buy more shares at a lower average price. There are also mentions of potential earnings releases and market volatility, but no specific information about BABA's earnings. Some analysts are discussing the stock's potential to retest its support level, while others are discussing its potential to continue falling.

Keywords: 
- BABA (Alibaba Group)
- Stock price
- Earnings release
- Market volatility
- Dollar cost averaging (DCA)
- Support level
- Trading opportunity
- Alibaba Group
- China
- US-China relationship
- Delisting
- Metaverse
[2022-05-25] Summary: 
Alibaba's Q4 earnings report is expected to be released tomorrow morning, and there is a lot of speculation and analysis surrounding the company's performance. Analysts are predicting a potential 8.51% move in the stock price, with a range of $75.52 to $89.58. Some analysts are also predicting a top analyst price target for the stock. There is also a mention of a potential delisting of Alibaba from the US stock exchange due to the US-China relationship.

Keywords: 
- Alibaba (BABA)
- Earnings report
- Q4
- Stock price
- Analysts
- Price target
- US-China relationship
- Delisting
- Stock market
- Trading
- Options
- Earnings
- Wall Street
-
[2022-05-26] Summary: 
Alibaba Group Holding Limited (BABA) stock has seen a significant increase in value, with a 14% rise in 24 hours, reaching $94 per share. The company has broken its pattern of recent revenue decline and has beaten earnings expectations for the latest quarter. Analysts are optimistic about the company's future, with some predicting a price target of $168 per share in a year. However, some analysts also warn that the stock is overvalued, with a 582% overvaluation compared to its intrinsic value.

Keywords: 
- BABA
- Alibaba Group Holding Limited
- Stock price
- Earnings
- Revenue
- Valuation
- Intrinsic value
- Overvaluation
- Analysts' predictions
- Price target
- Stock market
[2022-05-27] Summary: 
Alibaba Group (BABA) stock has been in the news due to its recent earnings report, which beat expectations. However, the company's cloud business EBITA was only profitable for the first time, and its cash flow was weak. The stock has been affected by China's lockdowns, which have dampened its earnings. Despite this, some analysts believe that Alibaba's buyback program could be a positive factor for the stock. The company has repurchased $2B in the quarter and $3.4B since April 1-May 25. The stock's price target has been lowered by Citigroup from $177.00 to $176.00.

Keywords: 
- Alibaba Group (BABA)
- Earnings report
- China lockdowns
- Cloud
[2022-05-31] Summary: 
Alibaba Group Holding Limited (BABA) stock has been trending on social media and financial platforms, with various analysts and traders discussing its performance and potential. The stock has seen a significant increase in price, with some analysts predicting a long-term buy. There are also discussions about Alibaba's earnings reports, with some indicating that the company will report its earnings before the market opens. Additionally, there are mentions of China's lifting of COVID-19 restrictions, which may have a positive impact on the stock.

Keywords: 
- BABA
- Alibaba Group Holding Limited
- Stock
- Earnings
- China
- COVID-19
- Restrictions
- Buy
- Long-term
- Analysts
- Price
- Trading
- Options
- Alerts
- Ideas",Positive
6,BABA,2022-06-01,"[2022-05-25] Summary: 
Alibaba's Q4 earnings report is expected to be released tomorrow morning, and there is a lot of speculation and analysis surrounding the company's performance. Analysts are predicting a potential 8.51% move in the stock price, with a range of $75.52 to $89.58. Some analysts are also predicting a top analyst price target for the stock. There is also a mention of a potential delisting of Alibaba from the US stock exchange due to the US-China relationship.

Keywords: 
- Alibaba (BABA)
- Earnings report
- Q4
- Stock price
- Analysts
- Price target
- US-China relationship
- Delisting
- Stock market
- Trading
- Options
- Earnings
- Wall Street
-
[2022-05-26] Summary: 
Alibaba Group Holding Limited (BABA) stock has seen a significant increase in value, with a 14% rise in 24 hours, reaching $94 per share. The company has broken its pattern of recent revenue decline and has beaten earnings expectations for the latest quarter. Analysts are optimistic about the company's future, with some predicting a price target of $168 per share in a year. However, some analysts also warn that the stock is overvalued, with a 582% overvaluation compared to its intrinsic value.

Keywords: 
- BABA
- Alibaba Group Holding Limited
- Stock price
- Earnings
- Revenue
- Valuation
- Intrinsic value
- Overvaluation
- Analysts' predictions
- Price target
- Stock market
[2022-05-27] Summary: 
Alibaba Group (BABA) stock has been in the news due to its recent earnings report, which beat expectations. However, the company's cloud business EBITA was only profitable for the first time, and its cash flow was weak. The stock has been affected by China's lockdowns, which have dampened its earnings. Despite this, some analysts believe that Alibaba's buyback program could be a positive factor for the stock. The company has repurchased $2B in the quarter and $3.4B since April 1-May 25. The stock's price target has been lowered by Citigroup from $177.00 to $176.00.

Keywords: 
- Alibaba Group (BABA)
- Earnings report
- China lockdowns
- Cloud
[2022-05-31] Summary: 
Alibaba Group Holding Limited (BABA) stock has been trending on social media and financial platforms, with various analysts and traders discussing its performance and potential. The stock has seen a significant increase in price, with some analysts predicting a long-term buy. There are also discussions about Alibaba's earnings reports, with some indicating that the company will report its earnings before the market opens. Additionally, there are mentions of China's lifting of COVID-19 restrictions, which may have a positive impact on the stock.

Keywords: 
- BABA
- Alibaba Group Holding Limited
- Stock
- Earnings
- China
- COVID-19
- Restrictions
- Buy
- Long-term
- Analysts
- Price
- Trading
- Options
- Alerts
- Ideas
[2022-06-01] Summary: 
Alibaba Group Holding Limited (BABA) stock has been mentioned in various news and updates, with some analysts predicting a potential recovery in its stock price. Deutsche Bank has released a report suggesting that Alibaba's stock is likely to recover. The stock has been actively traded, with a high volume of options trading today. There is also a mention of earnings reports for BABA before the market opens.

Keywords: 
- BABA
- Alibaba Group Holding Limited
- Stock price
- Analysts
- Deutsche Bank
- Earnings reports
- Options trading
- Recovery
- Stock market
- Trading volume",Negative
7,AAPL,2022-06-02,"[2022-05-26] Summary: 
Apple's stock price has been fluctuating, with some reports suggesting that the company will keep iPhone production flat in 2022, leading to a 1.4% drop in pre-market shares. However, the company has also announced a pay increase for its US hourly workers, with a starting wage of $22 per hour. Analysts have set a price target of $180 for Apple's stock. The company's earnings reports are expected today before the market opens.

Keywords: 
- $AAPL (Apple)
- $TSLA (Tesla)
- $NVDA (NVIDIA)
- $AMZN (Amazon)
- $GOOGL (Alphabet)
- $MSFT (Microsoft)
- $NVDA (NVIDIA)
- $SPY (S
[2022-05-27] Summary: 
Apple's stock price has been fluctuating, with some reports suggesting a 1.6% drop after a report that the company will keep iPhone production flat. However, other analysts have set a high price target for the stock. There are also reports of a union push facing a setback in Atlanta, which may impact the company's stock price. Additionally, there are mentions of Apple's stock being the largest in the world and its dividend payments.

Keywords: 
- $AAPL (Apple stock)
- iPhone production
- Union push
- Stock price
- Price target
- Dividend payments
- Apple's largest company in the world

Note: The news is mostly about Apple's stock price and its fluctuations, with some mentions of the company's production and union push.
[2022-05-31] Summary: 
The news is about Apple Inc. (AAPL) stock, with various analysts and traders discussing its price target, technical analysis, and potential breakout levels. Some analysts are predicting a possible breakout above $150, while others are warning of a potential pullback. The stock is also mentioned in various watchlists and trading alerts, with some traders suggesting it as a potential option for trading.

Keywords: 
- AAPL
- Apple
- Stock
- Price target
- Breakout
- Technical analysis
- Trading
- Options
- Watchlist
- Trading alerts
- Earnings reports
- iPhone
- iPad
- Software
- MacBook Air
- WWDC
- June 6
- Nasdaq
- S&P 500
- Dow Jones
[2022-06-01] Summary: 
Apple's stock (AAPL) is being discussed in various contexts, including its recent performance, earnings reports, and production shifts. The company is reportedly moving some iPad production from China to Vietnam due to supply chain issues. Analysts are also discussing Apple's stock price and potential future moves.

Keywords: 
- AAPL
- Apple
- iPad
- Vietnam
- China
- Supply chain
- Earnings reports
- Stock price
- Production shift
- iPhone 14
- WWDC 2022
- Options trading
- Sentiment analysis
- Market analysis
- Trading
- Investing
- Stocks
- ETFs
- Options
- Smart trading
- Money management
- DRAT Smart Trader
- TD Ameritrade
- Discord
[2022-06-02] Summary: 
Apple (AAPL) stock is experiencing various market activities, including pre-market trading, earnings reports, and partnership announcements. The stock is trading near the $150 level, with some analysts predicting a potential breakout or a pullback. There are also discussions about the company's software updates, working hours for retail staff, and its partnership with Square to enable Tap to Pay on iPhone.

Keywords: 
- AAPL
- Apple
- Stock
- Trading
- Earnings
- Partnership
- Tap to Pay
- iPhone
- Software
- Retail
- Square
- $150 level
- Breakout
- Pullback
- Pre-market
- Earnings reports
- Software updates
- Working hours
- Retail staff
- Contactless payment
- Accept",Positive
8,BABA,2022-06-02,"[2022-05-26] Summary: 
Alibaba Group Holding Limited (BABA) stock has seen a significant increase in value, with a 14% rise in 24 hours, reaching $94 per share. The company has broken its pattern of recent revenue decline and has beaten earnings expectations for the latest quarter. Analysts are optimistic about the company's future, with some predicting a price target of $168 per share in a year. However, some analysts also warn that the stock is overvalued, with a 582% overvaluation compared to its intrinsic value.

Keywords: 
- BABA
- Alibaba Group Holding Limited
- Stock price
- Earnings
- Revenue
- Valuation
- Intrinsic value
- Overvaluation
- Analysts' predictions
- Price target
- Stock market
[2022-05-27] Summary: 
Alibaba Group (BABA) stock has been in the news due to its recent earnings report, which beat expectations. However, the company's cloud business EBITA was only profitable for the first time, and its cash flow was weak. The stock has been affected by China's lockdowns, which have dampened its earnings. Despite this, some analysts believe that Alibaba's buyback program could be a positive factor for the stock. The company has repurchased $2B in the quarter and $3.4B since April 1-May 25. The stock's price target has been lowered by Citigroup from $177.00 to $176.00.

Keywords: 
- Alibaba Group (BABA)
- Earnings report
- China lockdowns
- Cloud
[2022-05-31] Summary: 
Alibaba Group Holding Limited (BABA) stock has been trending on social media and financial platforms, with various analysts and traders discussing its performance and potential. The stock has seen a significant increase in price, with some analysts predicting a long-term buy. There are also discussions about Alibaba's earnings reports, with some indicating that the company will report its earnings before the market opens. Additionally, there are mentions of China's lifting of COVID-19 restrictions, which may have a positive impact on the stock.

Keywords: 
- BABA
- Alibaba Group Holding Limited
- Stock
- Earnings
- China
- COVID-19
- Restrictions
- Buy
- Long-term
- Analysts
- Price
- Trading
- Options
- Alerts
- Ideas
[2022-06-01] Summary: 
Alibaba Group Holding Limited (BABA) stock has been mentioned in various news and updates, with some analysts predicting a potential recovery in its stock price. Deutsche Bank has released a report suggesting that Alibaba's stock is likely to recover. The stock has been actively traded, with a high volume of options trading today. There is also a mention of earnings reports for BABA before the market opens.

Keywords: 
- BABA
- Alibaba Group Holding Limited
- Stock price
- Analysts
- Deutsche Bank
- Earnings reports
- Options trading
- Recovery
- Stock market
- Trading volume
[2022-06-02] Summary: 
Alibaba ($BABA) is taking a new approach by doing more direct orders to reduce the influence of third-party sellers, as reported by Nikkei Asia. This move marks a significant shift in the company's strategy, reversing the philosophy of its founder Jack Ma.

Keywords: 
- Alibaba
- $BABA
- Direct orders
- Third-party sellers
- Jack Ma
- Nikkei Asia
- Stock market
- Trading
- Analysis
- Price target
- Stock performance",Positive
9,AAPL,2022-06-03,"[2022-05-27] Summary: 
Apple's stock price has been fluctuating, with some reports suggesting a 1.6% drop after a report that the company will keep iPhone production flat. However, other analysts have set a high price target for the stock. There are also reports of a union push facing a setback in Atlanta, which may impact the company's stock price. Additionally, there are mentions of Apple's stock being the largest in the world and its dividend payments.

Keywords: 
- $AAPL (Apple stock)
- iPhone production
- Union push
- Stock price
- Price target
- Dividend payments
- Apple's largest company in the world

Note: The news is mostly about Apple's stock price and its fluctuations, with some mentions of the company's production and union push.
[2022-05-31] Summary: 
The news is about Apple Inc. (AAPL) stock, with various analysts and traders discussing its price target, technical analysis, and potential breakout levels. Some analysts are predicting a possible breakout above $150, while others are warning of a potential pullback. The stock is also mentioned in various watchlists and trading alerts, with some traders suggesting it as a potential option for trading.

Keywords: 
- AAPL
- Apple
- Stock
- Price target
- Breakout
- Technical analysis
- Trading
- Options
- Watchlist
- Trading alerts
- Earnings reports
- iPhone
- iPad
- Software
- MacBook Air
- WWDC
- June 6
- Nasdaq
- S&P 500
- Dow Jones
[2022-06-01] Summary: 
Apple's stock (AAPL) is being discussed in various contexts, including its recent performance, earnings reports, and production shifts. The company is reportedly moving some iPad production from China to Vietnam due to supply chain issues. Analysts are also discussing Apple's stock price and potential future moves.

Keywords: 
- AAPL
- Apple
- iPad
- Vietnam
- China
- Supply chain
- Earnings reports
- Stock price
- Production shift
- iPhone 14
- WWDC 2022
- Options trading
- Sentiment analysis
- Market analysis
- Trading
- Investing
- Stocks
- ETFs
- Options
- Smart trading
- Money management
- DRAT Smart Trader
- TD Ameritrade
- Discord
[2022-06-02] Summary: 
Apple (AAPL) stock is experiencing various market activities, including pre-market trading, earnings reports, and partnership announcements. The stock is trading near the $150 level, with some analysts predicting a potential breakout or a pullback. There are also discussions about the company's software updates, working hours for retail staff, and its partnership with Square to enable Tap to Pay on iPhone.

Keywords: 
- AAPL
- Apple
- Stock
- Trading
- Earnings
- Partnership
- Tap to Pay
- iPhone
- Software
- Retail
- Square
- $150 level
- Breakout
- Pullback
- Pre-market
- Earnings reports
- Software updates
- Working hours
- Retail staff
- Contactless payment
- Accept
[2022-06-03] Summary: 
The news data is related to various stocks, but the main focus is on AAPL (Apple Inc.). The news includes information about Apple's partnership with Square, Apple's earnings reports, stock prices, analyst predictions, and market trends. There is also a mention of Apple's production moving from China, which is seen as a positive sign by an expert.

Keywords: 
- AAPL (Apple Inc.)
- $AAPL (stock symbol)
- Apple
- Square
- Earnings reports
- Stock prices
- Analyst predictions
- Market trends
- Production
- China
- Unionization
- Inflation
- Economic hurricane

Note: The news data is noisy and contains various unrelated information, but the above summary and keywords are extracted based on the relevance to AAP",Negative
10,BABA,2022-06-03,"[2022-05-27] Summary: 
Alibaba Group (BABA) stock has been in the news due to its recent earnings report, which beat expectations. However, the company's cloud business EBITA was only profitable for the first time, and its cash flow was weak. The stock has been affected by China's lockdowns, which have dampened its earnings. Despite this, some analysts believe that Alibaba's buyback program could be a positive factor for the stock. The company has repurchased $2B in the quarter and $3.4B since April 1-May 25. The stock's price target has been lowered by Citigroup from $177.00 to $176.00.

Keywords: 
- Alibaba Group (BABA)
- Earnings report
- China lockdowns
- Cloud
[2022-05-31] Summary: 
Alibaba Group Holding Limited (BABA) stock has been trending on social media and financial platforms, with various analysts and traders discussing its performance and potential. The stock has seen a significant increase in price, with some analysts predicting a long-term buy. There are also discussions about Alibaba's earnings reports, with some indicating that the company will report its earnings before the market opens. Additionally, there are mentions of China's lifting of COVID-19 restrictions, which may have a positive impact on the stock.

Keywords: 
- BABA
- Alibaba Group Holding Limited
- Stock
- Earnings
- China
- COVID-19
- Restrictions
- Buy
- Long-term
- Analysts
- Price
- Trading
- Options
- Alerts
- Ideas
[2022-06-01] Summary: 
Alibaba Group Holding Limited (BABA) stock has been mentioned in various news and updates, with some analysts predicting a potential recovery in its stock price. Deutsche Bank has released a report suggesting that Alibaba's stock is likely to recover. The stock has been actively traded, with a high volume of options trading today. There is also a mention of earnings reports for BABA before the market opens.

Keywords: 
- BABA
- Alibaba Group Holding Limited
- Stock price
- Analysts
- Deutsche Bank
- Earnings reports
- Options trading
- Recovery
- Stock market
- Trading volume
[2022-06-02] Summary: 
Alibaba ($BABA) is taking a new approach by doing more direct orders to reduce the influence of third-party sellers, as reported by Nikkei Asia. This move marks a significant shift in the company's strategy, reversing the philosophy of its founder Jack Ma.

Keywords: 
- Alibaba
- $BABA
- Direct orders
- Third-party sellers
- Jack Ma
- Nikkei Asia
- Stock market
- Trading
- Analysis
- Price target
- Stock performance
[2022-06-03] Summary: 
Alibaba's CEO, Chun Li, has been replaced. The news is related to BABA stock, but the details are not provided in the noisy text. There is a mention of a top analyst price target for BABA, but the specific target is not mentioned. The text also mentions that BABA earnings reports are today before the market opens.

Keywords: 
- BABA
- Alibaba
- Lazada
- CEO
- Chun Li
- Earnings reports
- Stock market
- Trading
- Options
- Stocks
- Finance
- Cryptocurrency
- Bitcoin
- Tesla
- Amazon
- Microsoft
- Facebook
- Ukraine
- AMC
- NIO
- AMD
- NVDA
- TSLA
- SPY",Negative
11,BABA,2022-06-06,"[2022-05-31] Summary: 
Alibaba Group Holding Limited (BABA) stock has been trending on social media and financial platforms, with various analysts and traders discussing its performance and potential. The stock has seen a significant increase in price, with some analysts predicting a long-term buy. There are also discussions about Alibaba's earnings reports, with some indicating that the company will report its earnings before the market opens. Additionally, there are mentions of China's lifting of COVID-19 restrictions, which may have a positive impact on the stock.

Keywords: 
- BABA
- Alibaba Group Holding Limited
- Stock
- Earnings
- China
- COVID-19
- Restrictions
- Buy
- Long-term
- Analysts
- Price
- Trading
- Options
- Alerts
- Ideas
[2022-06-01] Summary: 
Alibaba Group Holding Limited (BABA) stock has been mentioned in various news and updates, with some analysts predicting a potential recovery in its stock price. Deutsche Bank has released a report suggesting that Alibaba's stock is likely to recover. The stock has been actively traded, with a high volume of options trading today. There is also a mention of earnings reports for BABA before the market opens.

Keywords: 
- BABA
- Alibaba Group Holding Limited
- Stock price
- Analysts
- Deutsche Bank
- Earnings reports
- Options trading
- Recovery
- Stock market
- Trading volume
[2022-06-02] Summary: 
Alibaba ($BABA) is taking a new approach by doing more direct orders to reduce the influence of third-party sellers, as reported by Nikkei Asia. This move marks a significant shift in the company's strategy, reversing the philosophy of its founder Jack Ma.

Keywords: 
- Alibaba
- $BABA
- Direct orders
- Third-party sellers
- Jack Ma
- Nikkei Asia
- Stock market
- Trading
- Analysis
- Price target
- Stock performance
[2022-06-03] Summary: 
Alibaba's CEO, Chun Li, has been replaced. The news is related to BABA stock, but the details are not provided in the noisy text. There is a mention of a top analyst price target for BABA, but the specific target is not mentioned. The text also mentions that BABA earnings reports are today before the market opens.

Keywords: 
- BABA
- Alibaba
- Lazada
- CEO
- Chun Li
- Earnings reports
- Stock market
- Trading
- Options
- Stocks
- Finance
- Cryptocurrency
- Bitcoin
- Tesla
- Amazon
- Microsoft
- Facebook
- Ukraine
- AMC
- NIO
- AMD
- NVDA
- TSLA
- SPY
[2022-06-06] Summary: 
Alibaba Group (BABA) stock is experiencing a surge in price, with some analysts predicting a positive outcome from the Chinese government's potential restructuring of Ant Group, a subsidiary of BABA. The stock has also seen increased option activity, with a large number of calls bought for the $110 strike price on July 15. Additionally, BABA has been mentioned as one of the most mentioned tickers on the Wall Street Bets (WSB) community.

Keywords: 
- Alibaba Group (BABA)
- Ant Group
- Chinese government
- Restructuring
- Option activity
- $110 strike price
- Wall Street Bets (WSB)
- Stock surge
- Price target
- Earnings
- IPO
- Digital bank
- Singapore",Positive
12,AAPL,2022-06-07,"[2022-06-01] Summary: 
Apple's stock (AAPL) is being discussed in various contexts, including its recent performance, earnings reports, and production shifts. The company is reportedly moving some iPad production from China to Vietnam due to supply chain issues. Analysts are also discussing Apple's stock price and potential future moves.

Keywords: 
- AAPL
- Apple
- iPad
- Vietnam
- China
- Supply chain
- Earnings reports
- Stock price
- Production shift
- iPhone 14
- WWDC 2022
- Options trading
- Sentiment analysis
- Market analysis
- Trading
- Investing
- Stocks
- ETFs
- Options
- Smart trading
- Money management
- DRAT Smart Trader
- TD Ameritrade
- Discord
[2022-06-02] Summary: 
Apple (AAPL) stock is experiencing various market activities, including pre-market trading, earnings reports, and partnership announcements. The stock is trading near the $150 level, with some analysts predicting a potential breakout or a pullback. There are also discussions about the company's software updates, working hours for retail staff, and its partnership with Square to enable Tap to Pay on iPhone.

Keywords: 
- AAPL
- Apple
- Stock
- Trading
- Earnings
- Partnership
- Tap to Pay
- iPhone
- Software
- Retail
- Square
- $150 level
- Breakout
- Pullback
- Pre-market
- Earnings reports
- Software updates
- Working hours
- Retail staff
- Contactless payment
- Accept
[2022-06-03] Summary: 
The news data is related to various stocks, but the main focus is on AAPL (Apple Inc.). The news includes information about Apple's partnership with Square, Apple's earnings reports, stock prices, analyst predictions, and market trends. There is also a mention of Apple's production moving from China, which is seen as a positive sign by an expert.

Keywords: 
- AAPL (Apple Inc.)
- $AAPL (stock symbol)
- Apple
- Square
- Earnings reports
- Stock prices
- Analyst predictions
- Market trends
- Production
- China
- Unionization
- Inflation
- Economic hurricane

Note: The news data is noisy and contains various unrelated information, but the above summary and keywords are extracted based on the relevance to AAP
[2022-06-06] Summary: 
Nancy Pelosi and her husband have purchased Apple call options worth at least $1 million, with some options expiring in March and June 2023. Apple has announced several new features and products, including a new MacBook Air with the M2 chip, a buy now pay later service, and an edit button for its Messages app. The company is also expected to make several announcements at its Worldwide Developers Conference (WWDC) this week.

Keywords: 
- $AAPL
- Apple
- Nancy Pelosi
- Call options
- M2 chip
- MacBook Air
- Buy now pay later
- Messages app
- WWDC
- WWDC22
- iOS 16
- Apple Pay
- Tim Cook
- Stock market
- Trading
- Options
[2022-06-07] Summary: 
Nancy Pelosi and her husband have made significant trades in Apple (AAPL) stock, including purchasing $2.1 million worth of call options. Apple is also introducing a ""buy now, pay later"" service, which may impact the stock. The company is also working on new products, including a custom chip for the new MacBook Air and MacBook Pro. The stock has been trending upwards, with some analysts predicting a price target of over $185.00.

Keywords: 
- AAPL
- Nancy Pelosi
- Apple
- Buy now, pay later
- Stock market
- Trading
- Options
- Chip
- MacBook Air
- MacBook Pro
- M2 custom chip
- MicroOLED
- Pancake Optics
- VR
- AR",Positive
13,BABA,2022-06-07,"[2022-06-01] Summary: 
Alibaba Group Holding Limited (BABA) stock has been mentioned in various news and updates, with some analysts predicting a potential recovery in its stock price. Deutsche Bank has released a report suggesting that Alibaba's stock is likely to recover. The stock has been actively traded, with a high volume of options trading today. There is also a mention of earnings reports for BABA before the market opens.

Keywords: 
- BABA
- Alibaba Group Holding Limited
- Stock price
- Analysts
- Deutsche Bank
- Earnings reports
- Options trading
- Recovery
- Stock market
- Trading volume
[2022-06-02] Summary: 
Alibaba ($BABA) is taking a new approach by doing more direct orders to reduce the influence of third-party sellers, as reported by Nikkei Asia. This move marks a significant shift in the company's strategy, reversing the philosophy of its founder Jack Ma.

Keywords: 
- Alibaba
- $BABA
- Direct orders
- Third-party sellers
- Jack Ma
- Nikkei Asia
- Stock market
- Trading
- Analysis
- Price target
- Stock performance
[2022-06-03] Summary: 
Alibaba's CEO, Chun Li, has been replaced. The news is related to BABA stock, but the details are not provided in the noisy text. There is a mention of a top analyst price target for BABA, but the specific target is not mentioned. The text also mentions that BABA earnings reports are today before the market opens.

Keywords: 
- BABA
- Alibaba
- Lazada
- CEO
- Chun Li
- Earnings reports
- Stock market
- Trading
- Options
- Stocks
- Finance
- Cryptocurrency
- Bitcoin
- Tesla
- Amazon
- Microsoft
- Facebook
- Ukraine
- AMC
- NIO
- AMD
- NVDA
- TSLA
- SPY
[2022-06-06] Summary: 
Alibaba Group (BABA) stock is experiencing a surge in price, with some analysts predicting a positive outcome from the Chinese government's potential restructuring of Ant Group, a subsidiary of BABA. The stock has also seen increased option activity, with a large number of calls bought for the $110 strike price on July 15. Additionally, BABA has been mentioned as one of the most mentioned tickers on the Wall Street Bets (WSB) community.

Keywords: 
- Alibaba Group (BABA)
- Ant Group
- Chinese government
- Restructuring
- Option activity
- $110 strike price
- Wall Street Bets (WSB)
- Stock surge
- Price target
- Earnings
- IPO
- Digital bank
- Singapore
[2022-06-07] Summary: 
The news is about the stock market, specifically the stock $BABA (Alibaba Group). There are various mentions of the stock's price, potential growth, and analyst predictions. Some tweets mention the stock's performance in comparison to other stocks in the FANG+ group. There are also mentions of earnings reports, analyst price targets, and potential buy and sell signals.

Keywords: 
- $BABA (Alibaba Group)
- Stock market
- Price
- Growth
- Analyst predictions
- Earnings reports
- Buy and sell signals
- FANG+ group
- Alibaba
- Stock performance
- Analyst price targets

Note: The news is quite noisy and contains a lot of irrelevant information, but the above summary and keywords are the most relevant information that can",Positive
14,AAPL,2022-06-08,"[2022-06-02] Summary: 
Apple (AAPL) stock is experiencing various market activities, including pre-market trading, earnings reports, and partnership announcements. The stock is trading near the $150 level, with some analysts predicting a potential breakout or a pullback. There are also discussions about the company's software updates, working hours for retail staff, and its partnership with Square to enable Tap to Pay on iPhone.

Keywords: 
- AAPL
- Apple
- Stock
- Trading
- Earnings
- Partnership
- Tap to Pay
- iPhone
- Software
- Retail
- Square
- $150 level
- Breakout
- Pullback
- Pre-market
- Earnings reports
- Software updates
- Working hours
- Retail staff
- Contactless payment
- Accept
[2022-06-03] Summary: 
The news data is related to various stocks, but the main focus is on AAPL (Apple Inc.). The news includes information about Apple's partnership with Square, Apple's earnings reports, stock prices, analyst predictions, and market trends. There is also a mention of Apple's production moving from China, which is seen as a positive sign by an expert.

Keywords: 
- AAPL (Apple Inc.)
- $AAPL (stock symbol)
- Apple
- Square
- Earnings reports
- Stock prices
- Analyst predictions
- Market trends
- Production
- China
- Unionization
- Inflation
- Economic hurricane

Note: The news data is noisy and contains various unrelated information, but the above summary and keywords are extracted based on the relevance to AAP
[2022-06-06] Summary: 
Nancy Pelosi and her husband have purchased Apple call options worth at least $1 million, with some options expiring in March and June 2023. Apple has announced several new features and products, including a new MacBook Air with the M2 chip, a buy now pay later service, and an edit button for its Messages app. The company is also expected to make several announcements at its Worldwide Developers Conference (WWDC) this week.

Keywords: 
- $AAPL
- Apple
- Nancy Pelosi
- Call options
- M2 chip
- MacBook Air
- Buy now pay later
- Messages app
- WWDC
- WWDC22
- iOS 16
- Apple Pay
- Tim Cook
- Stock market
- Trading
- Options
[2022-06-07] Summary: 
Nancy Pelosi and her husband have made significant trades in Apple (AAPL) stock, including purchasing $2.1 million worth of call options. Apple is also introducing a ""buy now, pay later"" service, which may impact the stock. The company is also working on new products, including a custom chip for the new MacBook Air and MacBook Pro. The stock has been trending upwards, with some analysts predicting a price target of over $185.00.

Keywords: 
- AAPL
- Nancy Pelosi
- Apple
- Buy now, pay later
- Stock market
- Trading
- Options
- Chip
- MacBook Air
- MacBook Pro
- M2 custom chip
- MicroOLED
- Pancake Optics
- VR
- AR
[2022-06-08] Summary: 
The news is about Apple Inc. (AAPL) stock, with various analysts and traders discussing its performance, potential, and future prospects. Some analysts are bullish on the stock, while others are cautious due to concerns about inventory levels and the impact of a potential recession. There are also discussions about Apple's plans to expand its services, including its Apple Pay Later program.

Keywords: 
- AAPL
- Apple
- Stock
- Trading
- NASDAQ
- Microsoft
- Google
- Facebook
- Tesla
- Recession
- Inventory
- Apple Pay Later
- Services
- Expansion
- Bullish
- Bearish
- Analysts
- Traders
- Market
- Performance
- Prospects

Note: The news is quite noisy",Negative
15,BABA,2022-06-08,"[2022-06-02] Summary: 
Alibaba ($BABA) is taking a new approach by doing more direct orders to reduce the influence of third-party sellers, as reported by Nikkei Asia. This move marks a significant shift in the company's strategy, reversing the philosophy of its founder Jack Ma.

Keywords: 
- Alibaba
- $BABA
- Direct orders
- Third-party sellers
- Jack Ma
- Nikkei Asia
- Stock market
- Trading
- Analysis
- Price target
- Stock performance
[2022-06-03] Summary: 
Alibaba's CEO, Chun Li, has been replaced. The news is related to BABA stock, but the details are not provided in the noisy text. There is a mention of a top analyst price target for BABA, but the specific target is not mentioned. The text also mentions that BABA earnings reports are today before the market opens.

Keywords: 
- BABA
- Alibaba
- Lazada
- CEO
- Chun Li
- Earnings reports
- Stock market
- Trading
- Options
- Stocks
- Finance
- Cryptocurrency
- Bitcoin
- Tesla
- Amazon
- Microsoft
- Facebook
- Ukraine
- AMC
- NIO
- AMD
- NVDA
- TSLA
- SPY
[2022-06-06] Summary: 
Alibaba Group (BABA) stock is experiencing a surge in price, with some analysts predicting a positive outcome from the Chinese government's potential restructuring of Ant Group, a subsidiary of BABA. The stock has also seen increased option activity, with a large number of calls bought for the $110 strike price on July 15. Additionally, BABA has been mentioned as one of the most mentioned tickers on the Wall Street Bets (WSB) community.

Keywords: 
- Alibaba Group (BABA)
- Ant Group
- Chinese government
- Restructuring
- Option activity
- $110 strike price
- Wall Street Bets (WSB)
- Stock surge
- Price target
- Earnings
- IPO
- Digital bank
- Singapore
[2022-06-07] Summary: 
The news is about the stock market, specifically the stock $BABA (Alibaba Group). There are various mentions of the stock's price, potential growth, and analyst predictions. Some tweets mention the stock's performance in comparison to other stocks in the FANG+ group. There are also mentions of earnings reports, analyst price targets, and potential buy and sell signals.

Keywords: 
- $BABA (Alibaba Group)
- Stock market
- Price
- Growth
- Analyst predictions
- Earnings reports
- Buy and sell signals
- FANG+ group
- Alibaba
- Stock performance
- Analyst price targets

Note: The news is quite noisy and contains a lot of irrelevant information, but the above summary and keywords are the most relevant information that can
[2022-06-08] Summary: 
Alibaba Group Holding Limited (BABA) stock has seen a significant increase in value, with some tweets mentioning a 14.68% rise to $119.63. Analysts and traders are discussing the stock's potential, with some predicting a breakout after a long downward trend. The company has also been in the news for its expansion plans, including the opening of data centers in Saudi Arabia. The stock has been trending on various social media platforms, with many users discussing its potential and sharing their opinions on its future performance.

Keywords: 
- BABA
- Alibaba Group Holding Limited
- Stock market
- Trading
- Finance
- China
- Technology
- Expansion
- Data centers
- Saudi Arabia
- Stock analysis
- Trading signals
- Options",Positive
16,AAPL,2022-06-09,"[2022-06-03] Summary: 
The news data is related to various stocks, but the main focus is on AAPL (Apple Inc.). The news includes information about Apple's partnership with Square, Apple's earnings reports, stock prices, analyst predictions, and market trends. There is also a mention of Apple's production moving from China, which is seen as a positive sign by an expert.

Keywords: 
- AAPL (Apple Inc.)
- $AAPL (stock symbol)
- Apple
- Square
- Earnings reports
- Stock prices
- Analyst predictions
- Market trends
- Production
- China
- Unionization
- Inflation
- Economic hurricane

Note: The news data is noisy and contains various unrelated information, but the above summary and keywords are extracted based on the relevance to AAP
[2022-06-06] Summary: 
Nancy Pelosi and her husband have purchased Apple call options worth at least $1 million, with some options expiring in March and June 2023. Apple has announced several new features and products, including a new MacBook Air with the M2 chip, a buy now pay later service, and an edit button for its Messages app. The company is also expected to make several announcements at its Worldwide Developers Conference (WWDC) this week.

Keywords: 
- $AAPL
- Apple
- Nancy Pelosi
- Call options
- M2 chip
- MacBook Air
- Buy now pay later
- Messages app
- WWDC
- WWDC22
- iOS 16
- Apple Pay
- Tim Cook
- Stock market
- Trading
- Options
[2022-06-07] Summary: 
Nancy Pelosi and her husband have made significant trades in Apple (AAPL) stock, including purchasing $2.1 million worth of call options. Apple is also introducing a ""buy now, pay later"" service, which may impact the stock. The company is also working on new products, including a custom chip for the new MacBook Air and MacBook Pro. The stock has been trending upwards, with some analysts predicting a price target of over $185.00.

Keywords: 
- AAPL
- Nancy Pelosi
- Apple
- Buy now, pay later
- Stock market
- Trading
- Options
- Chip
- MacBook Air
- MacBook Pro
- M2 custom chip
- MicroOLED
- Pancake Optics
- VR
- AR
[2022-06-08] Summary: 
The news is about Apple Inc. (AAPL) stock, with various analysts and traders discussing its performance, potential, and future prospects. Some analysts are bullish on the stock, while others are cautious due to concerns about inventory levels and the impact of a potential recession. There are also discussions about Apple's plans to expand its services, including its Apple Pay Later program.

Keywords: 
- AAPL
- Apple
- Stock
- Trading
- NASDAQ
- Microsoft
- Google
- Facebook
- Tesla
- Recession
- Inventory
- Apple Pay Later
- Services
- Expansion
- Bullish
- Bearish
- Analysts
- Traders
- Market
- Performance
- Prospects

Note: The news is quite noisy
[2022-06-09] Summary: 
Apple's stock (AAPL) has been mentioned in various news and updates, with some positive and negative sentiments. The company is reportedly working on a MacBook Air with a 15-inch screen and Apple's new M2 chip. Apple is also launching a ""buy now, pay later"" program, which will be handled by the company itself. The stock has been trending downwards, with a -0.4055% change in the DJIA. However, some analysts are still bullish on the stock, with one analyst setting a high price target for AAPL. The company's earnings reports are also expected today.

Keywords: 
- Apple (AAPL)
- MacBook Air
- M2 chip
- Buy now, pay later
- Stock market
- Earnings reports",Negative
17,BABA,2022-06-09,"[2022-06-03] Summary: 
Alibaba's CEO, Chun Li, has been replaced. The news is related to BABA stock, but the details are not provided in the noisy text. There is a mention of a top analyst price target for BABA, but the specific target is not mentioned. The text also mentions that BABA earnings reports are today before the market opens.

Keywords: 
- BABA
- Alibaba
- Lazada
- CEO
- Chun Li
- Earnings reports
- Stock market
- Trading
- Options
- Stocks
- Finance
- Cryptocurrency
- Bitcoin
- Tesla
- Amazon
- Microsoft
- Facebook
- Ukraine
- AMC
- NIO
- AMD
- NVDA
- TSLA
- SPY
[2022-06-06] Summary: 
Alibaba Group (BABA) stock is experiencing a surge in price, with some analysts predicting a positive outcome from the Chinese government's potential restructuring of Ant Group, a subsidiary of BABA. The stock has also seen increased option activity, with a large number of calls bought for the $110 strike price on July 15. Additionally, BABA has been mentioned as one of the most mentioned tickers on the Wall Street Bets (WSB) community.

Keywords: 
- Alibaba Group (BABA)
- Ant Group
- Chinese government
- Restructuring
- Option activity
- $110 strike price
- Wall Street Bets (WSB)
- Stock surge
- Price target
- Earnings
- IPO
- Digital bank
- Singapore
[2022-06-07] Summary: 
The news is about the stock market, specifically the stock $BABA (Alibaba Group). There are various mentions of the stock's price, potential growth, and analyst predictions. Some tweets mention the stock's performance in comparison to other stocks in the FANG+ group. There are also mentions of earnings reports, analyst price targets, and potential buy and sell signals.

Keywords: 
- $BABA (Alibaba Group)
- Stock market
- Price
- Growth
- Analyst predictions
- Earnings reports
- Buy and sell signals
- FANG+ group
- Alibaba
- Stock performance
- Analyst price targets

Note: The news is quite noisy and contains a lot of irrelevant information, but the above summary and keywords are the most relevant information that can
[2022-06-08] Summary: 
Alibaba Group Holding Limited (BABA) stock has seen a significant increase in value, with some tweets mentioning a 14.68% rise to $119.63. Analysts and traders are discussing the stock's potential, with some predicting a breakout after a long downward trend. The company has also been in the news for its expansion plans, including the opening of data centers in Saudi Arabia. The stock has been trending on various social media platforms, with many users discussing its potential and sharing their opinions on its future performance.

Keywords: 
- BABA
- Alibaba Group Holding Limited
- Stock market
- Trading
- Finance
- China
- Technology
- Expansion
- Data centers
- Saudi Arabia
- Stock analysis
- Trading signals
- Options
[2022-06-09] Summary: 
The news articles and tweets suggest that Alibaba (BABA) stock is experiencing significant price movements due to various factors, including the potential revival of Ant Group's IPO, the easing of the Chinese government's crackdown on the tech industry, and the company's performance in the market. Some articles mention that Alibaba's stock price has increased by over 50% from its low in March and has broken even year-to-date. However, other articles report that the company's stock price has declined by 5.33% in a recent session.

Keywords: 
- Alibaba (BABA)
- Ant Group
- IPO
- China
- Tech industry
- Stock market
- Price movement
- Performance
- Crackdown
- Revival
- Jack Ma
- Alibaba Group",Negative
18,AAPL,2022-06-10,"[2022-06-06] Summary: 
Nancy Pelosi and her husband have purchased Apple call options worth at least $1 million, with some options expiring in March and June 2023. Apple has announced several new features and products, including a new MacBook Air with the M2 chip, a buy now pay later service, and an edit button for its Messages app. The company is also expected to make several announcements at its Worldwide Developers Conference (WWDC) this week.

Keywords: 
- $AAPL
- Apple
- Nancy Pelosi
- Call options
- M2 chip
- MacBook Air
- Buy now pay later
- Messages app
- WWDC
- WWDC22
- iOS 16
- Apple Pay
- Tim Cook
- Stock market
- Trading
- Options
[2022-06-07] Summary: 
Nancy Pelosi and her husband have made significant trades in Apple (AAPL) stock, including purchasing $2.1 million worth of call options. Apple is also introducing a ""buy now, pay later"" service, which may impact the stock. The company is also working on new products, including a custom chip for the new MacBook Air and MacBook Pro. The stock has been trending upwards, with some analysts predicting a price target of over $185.00.

Keywords: 
- AAPL
- Nancy Pelosi
- Apple
- Buy now, pay later
- Stock market
- Trading
- Options
- Chip
- MacBook Air
- MacBook Pro
- M2 custom chip
- MicroOLED
- Pancake Optics
- VR
- AR
[2022-06-08] Summary: 
The news is about Apple Inc. (AAPL) stock, with various analysts and traders discussing its performance, potential, and future prospects. Some analysts are bullish on the stock, while others are cautious due to concerns about inventory levels and the impact of a potential recession. There are also discussions about Apple's plans to expand its services, including its Apple Pay Later program.

Keywords: 
- AAPL
- Apple
- Stock
- Trading
- NASDAQ
- Microsoft
- Google
- Facebook
- Tesla
- Recession
- Inventory
- Apple Pay Later
- Services
- Expansion
- Bullish
- Bearish
- Analysts
- Traders
- Market
- Performance
- Prospects

Note: The news is quite noisy
[2022-06-09] Summary: 
Apple's stock (AAPL) has been mentioned in various news and updates, with some positive and negative sentiments. The company is reportedly working on a MacBook Air with a 15-inch screen and Apple's new M2 chip. Apple is also launching a ""buy now, pay later"" program, which will be handled by the company itself. The stock has been trending downwards, with a -0.4055% change in the DJIA. However, some analysts are still bullish on the stock, with one analyst setting a high price target for AAPL. The company's earnings reports are also expected today.

Keywords: 
- Apple (AAPL)
- MacBook Air
- M2 chip
- Buy now, pay later
- Stock market
- Earnings reports
[2022-06-10] Summary: 
AAPL stock has been experiencing a decline in recent days, with a 3.86% drop to $137.13. The company's CEO, Tim Cook, has sent a letter to U.S. lawmakers urging them to advance comprehensive privacy legislation as soon as possible. Apple is also planning to fund Apple Pay Later loans off its corporate balance sheet. The stock has been trending down, with a -3.6526% drop in the DJIA.

Keywords: AAPL, stock, decline, Tim Cook, privacy legislation, Apple Pay Later, DJIA, Nasdaq 100, sentiment report, iPhone, MacBook, iPad, Apple Watch, Mac OS, iOS.

Note: The news is mostly about AAPL stock, but some tweets are about other stocks and market trends",Negative
19,AAPL,2022-06-13,"[2022-06-07] Summary: 
Nancy Pelosi and her husband have made significant trades in Apple (AAPL) stock, including purchasing $2.1 million worth of call options. Apple is also introducing a ""buy now, pay later"" service, which may impact the stock. The company is also working on new products, including a custom chip for the new MacBook Air and MacBook Pro. The stock has been trending upwards, with some analysts predicting a price target of over $185.00.

Keywords: 
- AAPL
- Nancy Pelosi
- Apple
- Buy now, pay later
- Stock market
- Trading
- Options
- Chip
- MacBook Air
- MacBook Pro
- M2 custom chip
- MicroOLED
- Pancake Optics
- VR
- AR
[2022-06-08] Summary: 
The news is about Apple Inc. (AAPL) stock, with various analysts and traders discussing its performance, potential, and future prospects. Some analysts are bullish on the stock, while others are cautious due to concerns about inventory levels and the impact of a potential recession. There are also discussions about Apple's plans to expand its services, including its Apple Pay Later program.

Keywords: 
- AAPL
- Apple
- Stock
- Trading
- NASDAQ
- Microsoft
- Google
- Facebook
- Tesla
- Recession
- Inventory
- Apple Pay Later
- Services
- Expansion
- Bullish
- Bearish
- Analysts
- Traders
- Market
- Performance
- Prospects

Note: The news is quite noisy
[2022-06-09] Summary: 
Apple's stock (AAPL) has been mentioned in various news and updates, with some positive and negative sentiments. The company is reportedly working on a MacBook Air with a 15-inch screen and Apple's new M2 chip. Apple is also launching a ""buy now, pay later"" program, which will be handled by the company itself. The stock has been trending downwards, with a -0.4055% change in the DJIA. However, some analysts are still bullish on the stock, with one analyst setting a high price target for AAPL. The company's earnings reports are also expected today.

Keywords: 
- Apple (AAPL)
- MacBook Air
- M2 chip
- Buy now, pay later
- Stock market
- Earnings reports
[2022-06-10] Summary: 
AAPL stock has been experiencing a decline in recent days, with a 3.86% drop to $137.13. The company's CEO, Tim Cook, has sent a letter to U.S. lawmakers urging them to advance comprehensive privacy legislation as soon as possible. Apple is also planning to fund Apple Pay Later loans off its corporate balance sheet. The stock has been trending down, with a -3.6526% drop in the DJIA.

Keywords: AAPL, stock, decline, Tim Cook, privacy legislation, Apple Pay Later, DJIA, Nasdaq 100, sentiment report, iPhone, MacBook, iPad, Apple Watch, Mac OS, iOS.

Note: The news is mostly about AAPL stock, but some tweets are about other stocks and market trends
[2022-06-13] Summary: 
The news articles and tweets are discussing various stocks, including AAPL, with some mentioning its performance, price movements, and analyst recommendations. Some articles are also discussing the overall market trends, including the S&P 500 and the Nasdaq 100. There is no specific news about AAPL's earnings reports or any major announcements.

Keywords: 
- AAPL
- Stock market
- S&P 500
- Nasdaq 100
- Apple
- Performance
- Price movement
- Analyst recommendations
- Earnings reports
- Market trends

Note: The news articles and tweets are quite noisy and contain a lot of irrelevant information, but the above summary and keywords are the most relevant to AAPL stock.",Negative
20,BABA,2022-06-13,"[2022-06-07] Summary: 
The news is about the stock market, specifically the stock $BABA (Alibaba Group). There are various mentions of the stock's price, potential growth, and analyst predictions. Some tweets mention the stock's performance in comparison to other stocks in the FANG+ group. There are also mentions of earnings reports, analyst price targets, and potential buy and sell signals.

Keywords: 
- $BABA (Alibaba Group)
- Stock market
- Price
- Growth
- Analyst predictions
- Earnings reports
- Buy and sell signals
- FANG+ group
- Alibaba
- Stock performance
- Analyst price targets

Note: The news is quite noisy and contains a lot of irrelevant information, but the above summary and keywords are the most relevant information that can
[2022-06-08] Summary: 
Alibaba Group Holding Limited (BABA) stock has seen a significant increase in value, with some tweets mentioning a 14.68% rise to $119.63. Analysts and traders are discussing the stock's potential, with some predicting a breakout after a long downward trend. The company has also been in the news for its expansion plans, including the opening of data centers in Saudi Arabia. The stock has been trending on various social media platforms, with many users discussing its potential and sharing their opinions on its future performance.

Keywords: 
- BABA
- Alibaba Group Holding Limited
- Stock market
- Trading
- Finance
- China
- Technology
- Expansion
- Data centers
- Saudi Arabia
- Stock analysis
- Trading signals
- Options
[2022-06-09] Summary: 
The news articles and tweets suggest that Alibaba (BABA) stock is experiencing significant price movements due to various factors, including the potential revival of Ant Group's IPO, the easing of the Chinese government's crackdown on the tech industry, and the company's performance in the market. Some articles mention that Alibaba's stock price has increased by over 50% from its low in March and has broken even year-to-date. However, other articles report that the company's stock price has declined by 5.33% in a recent session.

Keywords: 
- Alibaba (BABA)
- Ant Group
- IPO
- China
- Tech industry
- Stock market
- Price movement
- Performance
- Crackdown
- Revival
- Jack Ma
- Alibaba Group
[2022-06-10] Summary: 
The news is about the performance of various stocks, particularly Alibaba Group Holding (BABA), in the market. There are mentions of the company's affiliate Ant Group, its IPO plans, and the impact of the Chinese government's regulations on the company's performance. Some analysts and traders are providing their opinions and predictions on the stock's future price movements.

Keywords: 
- BABA (Alibaba Group Holding)
- Ant Group
- IPO
- China
- Regulations
- Stock market
- Trading
- Analysts
- Predictions
- Price movements
- Performance

Note: The news is quite noisy and contains a lot of irrelevant information, but the above summary and keywords are the most relevant to the topic of BABA stock.
[2022-06-13] Summary: 
The news articles and tweets are discussing the stock market, specifically the performance of various companies including BABA (Alibaba Group Holding Ltd). The news mentions that BABA is experiencing a decline in its stock price, with some articles suggesting it may be a good short opportunity. There are also mentions of analyst price targets and trading strategies for BABA. Additionally, there are mentions of other companies such as NIO, AAPL, and MSFT.

Keywords: 
- BABA (Alibaba Group Holding Ltd)
- Stock market
- Trading
- Analyst price target
- Short opportunity
- NIO
- AAPL
- MSFT
- Stock price decline
- Trading strategies

Note: The news articles and tweets are quite noisy and contain a lot of irrelevant information,",Negative
21,AAPL,2022-06-14,"[2022-06-08] Summary: 
The news is about Apple Inc. (AAPL) stock, with various analysts and traders discussing its performance, potential, and future prospects. Some analysts are bullish on the stock, while others are cautious due to concerns about inventory levels and the impact of a potential recession. There are also discussions about Apple's plans to expand its services, including its Apple Pay Later program.

Keywords: 
- AAPL
- Apple
- Stock
- Trading
- NASDAQ
- Microsoft
- Google
- Facebook
- Tesla
- Recession
- Inventory
- Apple Pay Later
- Services
- Expansion
- Bullish
- Bearish
- Analysts
- Traders
- Market
- Performance
- Prospects

Note: The news is quite noisy
[2022-06-09] Summary: 
Apple's stock (AAPL) has been mentioned in various news and updates, with some positive and negative sentiments. The company is reportedly working on a MacBook Air with a 15-inch screen and Apple's new M2 chip. Apple is also launching a ""buy now, pay later"" program, which will be handled by the company itself. The stock has been trending downwards, with a -0.4055% change in the DJIA. However, some analysts are still bullish on the stock, with one analyst setting a high price target for AAPL. The company's earnings reports are also expected today.

Keywords: 
- Apple (AAPL)
- MacBook Air
- M2 chip
- Buy now, pay later
- Stock market
- Earnings reports
[2022-06-10] Summary: 
AAPL stock has been experiencing a decline in recent days, with a 3.86% drop to $137.13. The company's CEO, Tim Cook, has sent a letter to U.S. lawmakers urging them to advance comprehensive privacy legislation as soon as possible. Apple is also planning to fund Apple Pay Later loans off its corporate balance sheet. The stock has been trending down, with a -3.6526% drop in the DJIA.

Keywords: AAPL, stock, decline, Tim Cook, privacy legislation, Apple Pay Later, DJIA, Nasdaq 100, sentiment report, iPhone, MacBook, iPad, Apple Watch, Mac OS, iOS.

Note: The news is mostly about AAPL stock, but some tweets are about other stocks and market trends
[2022-06-13] Summary: 
The news articles and tweets are discussing various stocks, including AAPL, with some mentioning its performance, price movements, and analyst recommendations. Some articles are also discussing the overall market trends, including the S&P 500 and the Nasdaq 100. There is no specific news about AAPL's earnings reports or any major announcements.

Keywords: 
- AAPL
- Stock market
- S&P 500
- Nasdaq 100
- Apple
- Performance
- Price movement
- Analyst recommendations
- Earnings reports
- Market trends

Note: The news articles and tweets are quite noisy and contain a lot of irrelevant information, but the above summary and keywords are the most relevant to AAPL stock.
[2022-06-14] Summary: 
Apple (AAPL) has announced a deal with Major League Soccer to stream all MLS matches exclusively on the Apple TV app starting in 2023. The company's stock price has been trending upward, with a 0.47% increase on June 14, 2022. Deutsche Bank has cut its price target for Apple, citing caution on the IT hardware sector. Analysts are bullish on the company, with some recommending a strong buy. The stock has been mentioned in various news articles and social media posts, with some users discussing its potential for growth and others highlighting its recent price movements.

Keywords: 
- AAPL
- Apple
- Major League Soccer
- Apple TV
- Stock price
- Deutsche Bank
- IT hardware sector
- Analysts
-",Positive
22,BABA,2022-06-14,"[2022-06-08] Summary: 
Alibaba Group Holding Limited (BABA) stock has seen a significant increase in value, with some tweets mentioning a 14.68% rise to $119.63. Analysts and traders are discussing the stock's potential, with some predicting a breakout after a long downward trend. The company has also been in the news for its expansion plans, including the opening of data centers in Saudi Arabia. The stock has been trending on various social media platforms, with many users discussing its potential and sharing their opinions on its future performance.

Keywords: 
- BABA
- Alibaba Group Holding Limited
- Stock market
- Trading
- Finance
- China
- Technology
- Expansion
- Data centers
- Saudi Arabia
- Stock analysis
- Trading signals
- Options
[2022-06-09] Summary: 
The news articles and tweets suggest that Alibaba (BABA) stock is experiencing significant price movements due to various factors, including the potential revival of Ant Group's IPO, the easing of the Chinese government's crackdown on the tech industry, and the company's performance in the market. Some articles mention that Alibaba's stock price has increased by over 50% from its low in March and has broken even year-to-date. However, other articles report that the company's stock price has declined by 5.33% in a recent session.

Keywords: 
- Alibaba (BABA)
- Ant Group
- IPO
- China
- Tech industry
- Stock market
- Price movement
- Performance
- Crackdown
- Revival
- Jack Ma
- Alibaba Group
[2022-06-10] Summary: 
The news is about the performance of various stocks, particularly Alibaba Group Holding (BABA), in the market. There are mentions of the company's affiliate Ant Group, its IPO plans, and the impact of the Chinese government's regulations on the company's performance. Some analysts and traders are providing their opinions and predictions on the stock's future price movements.

Keywords: 
- BABA (Alibaba Group Holding)
- Ant Group
- IPO
- China
- Regulations
- Stock market
- Trading
- Analysts
- Predictions
- Price movements
- Performance

Note: The news is quite noisy and contains a lot of irrelevant information, but the above summary and keywords are the most relevant to the topic of BABA stock.
[2022-06-13] Summary: 
The news articles and tweets are discussing the stock market, specifically the performance of various companies including BABA (Alibaba Group Holding Ltd). The news mentions that BABA is experiencing a decline in its stock price, with some articles suggesting it may be a good short opportunity. There are also mentions of analyst price targets and trading strategies for BABA. Additionally, there are mentions of other companies such as NIO, AAPL, and MSFT.

Keywords: 
- BABA (Alibaba Group Holding Ltd)
- Stock market
- Trading
- Analyst price target
- Short opportunity
- NIO
- AAPL
- MSFT
- Stock price decline
- Trading strategies

Note: The news articles and tweets are quite noisy and contain a lot of irrelevant information,
[2022-06-14] Summary: 
The news articles mention various stocks, but the main focus is on the stock BABA (Alibaba Group). The news articles discuss the stock's price movement, analyst price targets, and trading volume. Some articles mention that BABA is a top-performing stock, while others discuss the stock's potential for growth and the importance of keeping an eye on its price movement.

Keywords: 
- BABA
- Alibaba Group
- Stock price
- Trading volume
- Analyst price target
- Stock market
- Trading
- Investment
- Stocks
- Options trading
- US stock market
- Chinese shares
- Pre-market session

Note: The news articles are quite noisy and contain a lot of irrelevant information, but the above summary and keywords are the most relevant information related",Positive
23,AAPL,2022-06-15,"[2022-06-09] Summary: 
Apple's stock (AAPL) has been mentioned in various news and updates, with some positive and negative sentiments. The company is reportedly working on a MacBook Air with a 15-inch screen and Apple's new M2 chip. Apple is also launching a ""buy now, pay later"" program, which will be handled by the company itself. The stock has been trending downwards, with a -0.4055% change in the DJIA. However, some analysts are still bullish on the stock, with one analyst setting a high price target for AAPL. The company's earnings reports are also expected today.

Keywords: 
- Apple (AAPL)
- MacBook Air
- M2 chip
- Buy now, pay later
- Stock market
- Earnings reports
[2022-06-10] Summary: 
AAPL stock has been experiencing a decline in recent days, with a 3.86% drop to $137.13. The company's CEO, Tim Cook, has sent a letter to U.S. lawmakers urging them to advance comprehensive privacy legislation as soon as possible. Apple is also planning to fund Apple Pay Later loans off its corporate balance sheet. The stock has been trending down, with a -3.6526% drop in the DJIA.

Keywords: AAPL, stock, decline, Tim Cook, privacy legislation, Apple Pay Later, DJIA, Nasdaq 100, sentiment report, iPhone, MacBook, iPad, Apple Watch, Mac OS, iOS.

Note: The news is mostly about AAPL stock, but some tweets are about other stocks and market trends
[2022-06-13] Summary: 
The news articles and tweets are discussing various stocks, including AAPL, with some mentioning its performance, price movements, and analyst recommendations. Some articles are also discussing the overall market trends, including the S&P 500 and the Nasdaq 100. There is no specific news about AAPL's earnings reports or any major announcements.

Keywords: 
- AAPL
- Stock market
- S&P 500
- Nasdaq 100
- Apple
- Performance
- Price movement
- Analyst recommendations
- Earnings reports
- Market trends

Note: The news articles and tweets are quite noisy and contain a lot of irrelevant information, but the above summary and keywords are the most relevant to AAPL stock.
[2022-06-14] Summary: 
Apple (AAPL) has announced a deal with Major League Soccer to stream all MLS matches exclusively on the Apple TV app starting in 2023. The company's stock price has been trending upward, with a 0.47% increase on June 14, 2022. Deutsche Bank has cut its price target for Apple, citing caution on the IT hardware sector. Analysts are bullish on the company, with some recommending a strong buy. The stock has been mentioned in various news articles and social media posts, with some users discussing its potential for growth and others highlighting its recent price movements.

Keywords: 
- AAPL
- Apple
- Major League Soccer
- Apple TV
- Stock price
- Deutsche Bank
- IT hardware sector
- Analysts
-
[2022-06-15] Summary: 
The news is about various stocks, including AAPL, with some articles discussing their performance, price movements, and potential buyouts. There is also a mention of a FOMC meeting and its impact on the stock market. Additionally, there are some tweets about trading strategies, tools, and market analysis.

Keywords: 
AAPL, $AAPL, Apple, stock market, FOMC, trading, options, stocks, Nasdaq, $SPY, $QQQ, $TSLA, $MSFT, $AMZN, $GOOGL, $FB, $NFLX, $AMC, $GME, $NVDA, $INTC, $BTC, $ETH, $DOGE, $COIN, $JPM, $",Positive
24,BABA,2022-06-15,"[2022-06-09] Summary: 
The news articles and tweets suggest that Alibaba (BABA) stock is experiencing significant price movements due to various factors, including the potential revival of Ant Group's IPO, the easing of the Chinese government's crackdown on the tech industry, and the company's performance in the market. Some articles mention that Alibaba's stock price has increased by over 50% from its low in March and has broken even year-to-date. However, other articles report that the company's stock price has declined by 5.33% in a recent session.

Keywords: 
- Alibaba (BABA)
- Ant Group
- IPO
- China
- Tech industry
- Stock market
- Price movement
- Performance
- Crackdown
- Revival
- Jack Ma
- Alibaba Group
[2022-06-10] Summary: 
The news is about the performance of various stocks, particularly Alibaba Group Holding (BABA), in the market. There are mentions of the company's affiliate Ant Group, its IPO plans, and the impact of the Chinese government's regulations on the company's performance. Some analysts and traders are providing their opinions and predictions on the stock's future price movements.

Keywords: 
- BABA (Alibaba Group Holding)
- Ant Group
- IPO
- China
- Regulations
- Stock market
- Trading
- Analysts
- Predictions
- Price movements
- Performance

Note: The news is quite noisy and contains a lot of irrelevant information, but the above summary and keywords are the most relevant to the topic of BABA stock.
[2022-06-13] Summary: 
The news articles and tweets are discussing the stock market, specifically the performance of various companies including BABA (Alibaba Group Holding Ltd). The news mentions that BABA is experiencing a decline in its stock price, with some articles suggesting it may be a good short opportunity. There are also mentions of analyst price targets and trading strategies for BABA. Additionally, there are mentions of other companies such as NIO, AAPL, and MSFT.

Keywords: 
- BABA (Alibaba Group Holding Ltd)
- Stock market
- Trading
- Analyst price target
- Short opportunity
- NIO
- AAPL
- MSFT
- Stock price decline
- Trading strategies

Note: The news articles and tweets are quite noisy and contain a lot of irrelevant information,
[2022-06-14] Summary: 
The news articles mention various stocks, but the main focus is on the stock BABA (Alibaba Group). The news articles discuss the stock's price movement, analyst price targets, and trading volume. Some articles mention that BABA is a top-performing stock, while others discuss the stock's potential for growth and the importance of keeping an eye on its price movement.

Keywords: 
- BABA
- Alibaba Group
- Stock price
- Trading volume
- Analyst price target
- Stock market
- Trading
- Investment
- Stocks
- Options trading
- US stock market
- Chinese shares
- Pre-market session

Note: The news articles are quite noisy and contain a lot of irrelevant information, but the above summary and keywords are the most relevant information related
[2022-06-15] Summary: 
The news is about the stock market, specifically focusing on the stock $BABA (Alibaba Group). There are various mentions of the stock's performance, analyst price targets, and trading strategies. The news also includes information about other stocks such as $AAPL, $TSLA, $AMZN, $NVDA, and $MSFT. The overall sentiment is positive, with some mentions of potential short setups and trading opportunities.

Keywords: 
- $BABA
- Alibaba Group
- Stock market
- Trading
- Analyst price target
- Short setup
- Trading strategy
- $AAPL
- $TSLA
- $AMZN
- $NVDA
- $MSFT
- $FXI
- $KWEB
-",Positive
25,AAPL,2022-06-16,"[2022-06-10] Summary: 
AAPL stock has been experiencing a decline in recent days, with a 3.86% drop to $137.13. The company's CEO, Tim Cook, has sent a letter to U.S. lawmakers urging them to advance comprehensive privacy legislation as soon as possible. Apple is also planning to fund Apple Pay Later loans off its corporate balance sheet. The stock has been trending down, with a -3.6526% drop in the DJIA.

Keywords: AAPL, stock, decline, Tim Cook, privacy legislation, Apple Pay Later, DJIA, Nasdaq 100, sentiment report, iPhone, MacBook, iPad, Apple Watch, Mac OS, iOS.

Note: The news is mostly about AAPL stock, but some tweets are about other stocks and market trends
[2022-06-13] Summary: 
The news articles and tweets are discussing various stocks, including AAPL, with some mentioning its performance, price movements, and analyst recommendations. Some articles are also discussing the overall market trends, including the S&P 500 and the Nasdaq 100. There is no specific news about AAPL's earnings reports or any major announcements.

Keywords: 
- AAPL
- Stock market
- S&P 500
- Nasdaq 100
- Apple
- Performance
- Price movement
- Analyst recommendations
- Earnings reports
- Market trends

Note: The news articles and tweets are quite noisy and contain a lot of irrelevant information, but the above summary and keywords are the most relevant to AAPL stock.
[2022-06-14] Summary: 
Apple (AAPL) has announced a deal with Major League Soccer to stream all MLS matches exclusively on the Apple TV app starting in 2023. The company's stock price has been trending upward, with a 0.47% increase on June 14, 2022. Deutsche Bank has cut its price target for Apple, citing caution on the IT hardware sector. Analysts are bullish on the company, with some recommending a strong buy. The stock has been mentioned in various news articles and social media posts, with some users discussing its potential for growth and others highlighting its recent price movements.

Keywords: 
- AAPL
- Apple
- Major League Soccer
- Apple TV
- Stock price
- Deutsche Bank
- IT hardware sector
- Analysts
-
[2022-06-15] Summary: 
The news is about various stocks, including AAPL, with some articles discussing their performance, price movements, and potential buyouts. There is also a mention of a FOMC meeting and its impact on the stock market. Additionally, there are some tweets about trading strategies, tools, and market analysis.

Keywords: 
AAPL, $AAPL, Apple, stock market, FOMC, trading, options, stocks, Nasdaq, $SPY, $QQQ, $TSLA, $MSFT, $AMZN, $GOOGL, $FB, $NFLX, $AMC, $GME, $NVDA, $INTC, $BTC, $ETH, $DOGE, $COIN, $JPM, $
[2022-06-16] Summary: 
The news is about Apple Inc. (AAPL) stock performance and market trends. The stock has been experiencing a decline, with some analysts predicting a potential collapse of the U.S. economy. There are also mentions of other stocks such as Tesla (TSLA), Amazon (AMZN), Microsoft (MSFT), and Google (GOOG) performing well. Some users are sharing their opinions and analysis on the market, while others are promoting trading and investment services.

Keywords: 
- AAPL (Apple Inc.)
- TSLA (Tesla)
- AMZN (Amazon)
- MSFT (Microsoft)
- GOOG (Google)
- SPY (S&P 500)
- QQQ (Nasdaq-100)
- VIX (Volatility Index)
-",Negative
26,BABA,2022-06-16,"[2022-06-10] Summary: 
The news is about the performance of various stocks, particularly Alibaba Group Holding (BABA), in the market. There are mentions of the company's affiliate Ant Group, its IPO plans, and the impact of the Chinese government's regulations on the company's performance. Some analysts and traders are providing their opinions and predictions on the stock's future price movements.

Keywords: 
- BABA (Alibaba Group Holding)
- Ant Group
- IPO
- China
- Regulations
- Stock market
- Trading
- Analysts
- Predictions
- Price movements
- Performance

Note: The news is quite noisy and contains a lot of irrelevant information, but the above summary and keywords are the most relevant to the topic of BABA stock.
[2022-06-13] Summary: 
The news articles and tweets are discussing the stock market, specifically the performance of various companies including BABA (Alibaba Group Holding Ltd). The news mentions that BABA is experiencing a decline in its stock price, with some articles suggesting it may be a good short opportunity. There are also mentions of analyst price targets and trading strategies for BABA. Additionally, there are mentions of other companies such as NIO, AAPL, and MSFT.

Keywords: 
- BABA (Alibaba Group Holding Ltd)
- Stock market
- Trading
- Analyst price target
- Short opportunity
- NIO
- AAPL
- MSFT
- Stock price decline
- Trading strategies

Note: The news articles and tweets are quite noisy and contain a lot of irrelevant information,
[2022-06-14] Summary: 
The news articles mention various stocks, but the main focus is on the stock BABA (Alibaba Group). The news articles discuss the stock's price movement, analyst price targets, and trading volume. Some articles mention that BABA is a top-performing stock, while others discuss the stock's potential for growth and the importance of keeping an eye on its price movement.

Keywords: 
- BABA
- Alibaba Group
- Stock price
- Trading volume
- Analyst price target
- Stock market
- Trading
- Investment
- Stocks
- Options trading
- US stock market
- Chinese shares
- Pre-market session

Note: The news articles are quite noisy and contain a lot of irrelevant information, but the above summary and keywords are the most relevant information related
[2022-06-15] Summary: 
The news is about the stock market, specifically focusing on the stock $BABA (Alibaba Group). There are various mentions of the stock's performance, analyst price targets, and trading strategies. The news also includes information about other stocks such as $AAPL, $TSLA, $AMZN, $NVDA, and $MSFT. The overall sentiment is positive, with some mentions of potential short setups and trading opportunities.

Keywords: 
- $BABA
- Alibaba Group
- Stock market
- Trading
- Analyst price target
- Short setup
- Trading strategy
- $AAPL
- $TSLA
- $AMZN
- $NVDA
- $MSFT
- $FXI
- $KWEB
-
[2022-06-16] Summary: 
The news mentions several stocks, but the most relevant information for BABA stock is that it is mentioned as a long idea in one of the tweets, and it is also part of the e-commerce sector mentioned in another tweet.

Keywords: 
- BABA
- E-commerce
- Long idea
- $BABA
- $AMZN
- $SHOP

Note: The news is quite noisy and contains a lot of irrelevant information, but the above summary and keywords are the most relevant information related to BABA stock.",Negative
27,AAPL,2022-06-17,"[2022-06-13] Summary: 
The news articles and tweets are discussing various stocks, including AAPL, with some mentioning its performance, price movements, and analyst recommendations. Some articles are also discussing the overall market trends, including the S&P 500 and the Nasdaq 100. There is no specific news about AAPL's earnings reports or any major announcements.

Keywords: 
- AAPL
- Stock market
- S&P 500
- Nasdaq 100
- Apple
- Performance
- Price movement
- Analyst recommendations
- Earnings reports
- Market trends

Note: The news articles and tweets are quite noisy and contain a lot of irrelevant information, but the above summary and keywords are the most relevant to AAPL stock.
[2022-06-14] Summary: 
Apple (AAPL) has announced a deal with Major League Soccer to stream all MLS matches exclusively on the Apple TV app starting in 2023. The company's stock price has been trending upward, with a 0.47% increase on June 14, 2022. Deutsche Bank has cut its price target for Apple, citing caution on the IT hardware sector. Analysts are bullish on the company, with some recommending a strong buy. The stock has been mentioned in various news articles and social media posts, with some users discussing its potential for growth and others highlighting its recent price movements.

Keywords: 
- AAPL
- Apple
- Major League Soccer
- Apple TV
- Stock price
- Deutsche Bank
- IT hardware sector
- Analysts
-
[2022-06-15] Summary: 
The news is about various stocks, including AAPL, with some articles discussing their performance, price movements, and potential buyouts. There is also a mention of a FOMC meeting and its impact on the stock market. Additionally, there are some tweets about trading strategies, tools, and market analysis.

Keywords: 
AAPL, $AAPL, Apple, stock market, FOMC, trading, options, stocks, Nasdaq, $SPY, $QQQ, $TSLA, $MSFT, $AMZN, $GOOGL, $FB, $NFLX, $AMC, $GME, $NVDA, $INTC, $BTC, $ETH, $DOGE, $COIN, $JPM, $
[2022-06-16] Summary: 
The news is about Apple Inc. (AAPL) stock performance and market trends. The stock has been experiencing a decline, with some analysts predicting a potential collapse of the U.S. economy. There are also mentions of other stocks such as Tesla (TSLA), Amazon (AMZN), Microsoft (MSFT), and Google (GOOG) performing well. Some users are sharing their opinions and analysis on the market, while others are promoting trading and investment services.

Keywords: 
- AAPL (Apple Inc.)
- TSLA (Tesla)
- AMZN (Amazon)
- MSFT (Microsoft)
- GOOG (Google)
- SPY (S&P 500)
- QQQ (Nasdaq-100)
- VIX (Volatility Index)
-
[2022-06-17] Summary: 
The news is about Apple Inc. (AAPL) stock, with various analysts and traders discussing its performance, price targets, and potential future growth. Some analysts are bullish on AAPL, expecting a close above $132 for more upside, while others are cautious, warning that it may still be overvalued despite a 30% drop. There are also discussions about AAPL's resistance levels, with some traders expecting a short-term bottom or a potential breakout. Additionally, there are mentions of AAPL's earnings reports and its performance in comparison to other stocks.

Keywords: 
- AAPL
- Apple Inc.
- Stock
- Price
- Earnings
- Resistance
- Breakout
- Bullish
- Bearish
- Trading
- Investing
- Options",Positive
28,BABA,2022-06-17,"[2022-06-13] Summary: 
The news articles and tweets are discussing the stock market, specifically the performance of various companies including BABA (Alibaba Group Holding Ltd). The news mentions that BABA is experiencing a decline in its stock price, with some articles suggesting it may be a good short opportunity. There are also mentions of analyst price targets and trading strategies for BABA. Additionally, there are mentions of other companies such as NIO, AAPL, and MSFT.

Keywords: 
- BABA (Alibaba Group Holding Ltd)
- Stock market
- Trading
- Analyst price target
- Short opportunity
- NIO
- AAPL
- MSFT
- Stock price decline
- Trading strategies

Note: The news articles and tweets are quite noisy and contain a lot of irrelevant information,
[2022-06-14] Summary: 
The news articles mention various stocks, but the main focus is on the stock BABA (Alibaba Group). The news articles discuss the stock's price movement, analyst price targets, and trading volume. Some articles mention that BABA is a top-performing stock, while others discuss the stock's potential for growth and the importance of keeping an eye on its price movement.

Keywords: 
- BABA
- Alibaba Group
- Stock price
- Trading volume
- Analyst price target
- Stock market
- Trading
- Investment
- Stocks
- Options trading
- US stock market
- Chinese shares
- Pre-market session

Note: The news articles are quite noisy and contain a lot of irrelevant information, but the above summary and keywords are the most relevant information related
[2022-06-15] Summary: 
The news is about the stock market, specifically focusing on the stock $BABA (Alibaba Group). There are various mentions of the stock's performance, analyst price targets, and trading strategies. The news also includes information about other stocks such as $AAPL, $TSLA, $AMZN, $NVDA, and $MSFT. The overall sentiment is positive, with some mentions of potential short setups and trading opportunities.

Keywords: 
- $BABA
- Alibaba Group
- Stock market
- Trading
- Analyst price target
- Short setup
- Trading strategy
- $AAPL
- $TSLA
- $AMZN
- $NVDA
- $MSFT
- $FXI
- $KWEB
-
[2022-06-16] Summary: 
The news mentions several stocks, but the most relevant information for BABA stock is that it is mentioned as a long idea in one of the tweets, and it is also part of the e-commerce sector mentioned in another tweet.

Keywords: 
- BABA
- E-commerce
- Long idea
- $BABA
- $AMZN
- $SHOP

Note: The news is quite noisy and contains a lot of irrelevant information, but the above summary and keywords are the most relevant information related to BABA stock.
[2022-06-17] Summary: 
Alibaba's stock (BABA) has seen a significant increase in value, with some reports suggesting that China's central bank has accepted Ant Group's application for a financial holding company. This news has led to a surge in the stock's value, with some reports indicating a 9.5% increase in premarket trading. Analysts are optimistic about the potential for Alibaba's stock to continue to rise, with some setting a high price target for the next week.

Keywords: 
- BABA
- Alibaba
- Ant Group
- China's central bank
- Financial holding company
- Stock market
- Pre-market trading
- Price target
- Ant's application
- Central bank
- Ant Group's financial holding company application
- $BABA
- $",Positive
29,AAPL,2022-06-21,"[2022-06-14] Summary: 
Apple (AAPL) has announced a deal with Major League Soccer to stream all MLS matches exclusively on the Apple TV app starting in 2023. The company's stock price has been trending upward, with a 0.47% increase on June 14, 2022. Deutsche Bank has cut its price target for Apple, citing caution on the IT hardware sector. Analysts are bullish on the company, with some recommending a strong buy. The stock has been mentioned in various news articles and social media posts, with some users discussing its potential for growth and others highlighting its recent price movements.

Keywords: 
- AAPL
- Apple
- Major League Soccer
- Apple TV
- Stock price
- Deutsche Bank
- IT hardware sector
- Analysts
-
[2022-06-15] Summary: 
The news is about various stocks, including AAPL, with some articles discussing their performance, price movements, and potential buyouts. There is also a mention of a FOMC meeting and its impact on the stock market. Additionally, there are some tweets about trading strategies, tools, and market analysis.

Keywords: 
AAPL, $AAPL, Apple, stock market, FOMC, trading, options, stocks, Nasdaq, $SPY, $QQQ, $TSLA, $MSFT, $AMZN, $GOOGL, $FB, $NFLX, $AMC, $GME, $NVDA, $INTC, $BTC, $ETH, $DOGE, $COIN, $JPM, $
[2022-06-16] Summary: 
The news is about Apple Inc. (AAPL) stock performance and market trends. The stock has been experiencing a decline, with some analysts predicting a potential collapse of the U.S. economy. There are also mentions of other stocks such as Tesla (TSLA), Amazon (AMZN), Microsoft (MSFT), and Google (GOOG) performing well. Some users are sharing their opinions and analysis on the market, while others are promoting trading and investment services.

Keywords: 
- AAPL (Apple Inc.)
- TSLA (Tesla)
- AMZN (Amazon)
- MSFT (Microsoft)
- GOOG (Google)
- SPY (S&P 500)
- QQQ (Nasdaq-100)
- VIX (Volatility Index)
-
[2022-06-17] Summary: 
The news is about Apple Inc. (AAPL) stock, with various analysts and traders discussing its performance, price targets, and potential future growth. Some analysts are bullish on AAPL, expecting a close above $132 for more upside, while others are cautious, warning that it may still be overvalued despite a 30% drop. There are also discussions about AAPL's resistance levels, with some traders expecting a short-term bottom or a potential breakout. Additionally, there are mentions of AAPL's earnings reports and its performance in comparison to other stocks.

Keywords: 
- AAPL
- Apple Inc.
- Stock
- Price
- Earnings
- Resistance
- Breakout
- Bullish
- Bearish
- Trading
- Investing
- Options
[2022-06-21] Summary: 
The news is about various stocks, but the main focus is on Apple (AAPL) stock. There are several tweets about AAPL's performance, earnings reports, and analyst predictions. Some tweets mention AAPL's price target, while others discuss its comparison with other stocks like TSLA, AMZN, and MSFT. There are also mentions of AAPL's new technology and its impact on the market.

Keywords: 
- AAPL (Apple)
- TSLA (Tesla)
- AMZN (Amazon)
- MSFT (Microsoft)
- SPY (S&P 500)
- QQQ (Nasdaq-100)
- VIX (Volatility Index)
- NDX (Nasdaq Composite)
- UAL (United Airlines)
- RCL",Positive
30,BABA,2022-06-21,"[2022-06-14] Summary: 
The news articles mention various stocks, but the main focus is on the stock BABA (Alibaba Group). The news articles discuss the stock's price movement, analyst price targets, and trading volume. Some articles mention that BABA is a top-performing stock, while others discuss the stock's potential for growth and the importance of keeping an eye on its price movement.

Keywords: 
- BABA
- Alibaba Group
- Stock price
- Trading volume
- Analyst price target
- Stock market
- Trading
- Investment
- Stocks
- Options trading
- US stock market
- Chinese shares
- Pre-market session

Note: The news articles are quite noisy and contain a lot of irrelevant information, but the above summary and keywords are the most relevant information related
[2022-06-15] Summary: 
The news is about the stock market, specifically focusing on the stock $BABA (Alibaba Group). There are various mentions of the stock's performance, analyst price targets, and trading strategies. The news also includes information about other stocks such as $AAPL, $TSLA, $AMZN, $NVDA, and $MSFT. The overall sentiment is positive, with some mentions of potential short setups and trading opportunities.

Keywords: 
- $BABA
- Alibaba Group
- Stock market
- Trading
- Analyst price target
- Short setup
- Trading strategy
- $AAPL
- $TSLA
- $AMZN
- $NVDA
- $MSFT
- $FXI
- $KWEB
-
[2022-06-16] Summary: 
The news mentions several stocks, but the most relevant information for BABA stock is that it is mentioned as a long idea in one of the tweets, and it is also part of the e-commerce sector mentioned in another tweet.

Keywords: 
- BABA
- E-commerce
- Long idea
- $BABA
- $AMZN
- $SHOP

Note: The news is quite noisy and contains a lot of irrelevant information, but the above summary and keywords are the most relevant information related to BABA stock.
[2022-06-17] Summary: 
Alibaba's stock (BABA) has seen a significant increase in value, with some reports suggesting that China's central bank has accepted Ant Group's application for a financial holding company. This news has led to a surge in the stock's value, with some reports indicating a 9.5% increase in premarket trading. Analysts are optimistic about the potential for Alibaba's stock to continue to rise, with some setting a high price target for the next week.

Keywords: 
- BABA
- Alibaba
- Ant Group
- China's central bank
- Financial holding company
- Stock market
- Pre-market trading
- Price target
- Ant's application
- Central bank
- Ant Group's financial holding company application
- $BABA
- $
[2022-06-21] Summary: 
Alibaba Group Holding Limited (BABA) stock has been mentioned in various news and updates, indicating a potential increase in trading activity and interest in the stock. Some analysts have set a top price target for BABA, while others have noted that the stock is still undervalued. There are also mentions of unusual activity in BABA options, with a large trade volume of 2,500 contracts. Additionally, some traders have reported making gains on BABA, while others have noted that the stock is still in a correction phase.

Keywords: 
- BABA
- Alibaba Group Holding Limited
- Stock
- Options
- Trading
- Price target
- Undervalued
- Unusual activity
- Options volume
- Gains
- Correction phase

Note:",Positive
31,BABA,2022-06-22,"[2022-06-15] Summary: 
The news is about the stock market, specifically focusing on the stock $BABA (Alibaba Group). There are various mentions of the stock's performance, analyst price targets, and trading strategies. The news also includes information about other stocks such as $AAPL, $TSLA, $AMZN, $NVDA, and $MSFT. The overall sentiment is positive, with some mentions of potential short setups and trading opportunities.

Keywords: 
- $BABA
- Alibaba Group
- Stock market
- Trading
- Analyst price target
- Short setup
- Trading strategy
- $AAPL
- $TSLA
- $AMZN
- $NVDA
- $MSFT
- $FXI
- $KWEB
-
[2022-06-16] Summary: 
The news mentions several stocks, but the most relevant information for BABA stock is that it is mentioned as a long idea in one of the tweets, and it is also part of the e-commerce sector mentioned in another tweet.

Keywords: 
- BABA
- E-commerce
- Long idea
- $BABA
- $AMZN
- $SHOP

Note: The news is quite noisy and contains a lot of irrelevant information, but the above summary and keywords are the most relevant information related to BABA stock.
[2022-06-17] Summary: 
Alibaba's stock (BABA) has seen a significant increase in value, with some reports suggesting that China's central bank has accepted Ant Group's application for a financial holding company. This news has led to a surge in the stock's value, with some reports indicating a 9.5% increase in premarket trading. Analysts are optimistic about the potential for Alibaba's stock to continue to rise, with some setting a high price target for the next week.

Keywords: 
- BABA
- Alibaba
- Ant Group
- China's central bank
- Financial holding company
- Stock market
- Pre-market trading
- Price target
- Ant's application
- Central bank
- Ant Group's financial holding company application
- $BABA
- $
[2022-06-21] Summary: 
Alibaba Group Holding Limited (BABA) stock has been mentioned in various news and updates, indicating a potential increase in trading activity and interest in the stock. Some analysts have set a top price target for BABA, while others have noted that the stock is still undervalued. There are also mentions of unusual activity in BABA options, with a large trade volume of 2,500 contracts. Additionally, some traders have reported making gains on BABA, while others have noted that the stock is still in a correction phase.

Keywords: 
- BABA
- Alibaba Group Holding Limited
- Stock
- Options
- Trading
- Price target
- Undervalued
- Unusual activity
- Options volume
- Gains
- Correction phase

Note:
[2022-06-22] Summary: 
Jack Ma's Ant Group Co. is poised to apply for a key financial license as soon as this month, indicating a potential positive development for Alibaba Group Holding Limited ($BABA). The news suggests that Ant Group's regulatory issues may be resolved, which could lead to a boost in the stock price of $BABA.

Keywords: $BABA, Ant Group, Jack Ma, Alibaba, stock market, financial license, regulatory issues, stock price.

Note: The news is mostly about $BABA stock, with some other stocks mentioned in the context of the market or as part of a broader market update.",Negative
32,AAPL,2022-06-23,"[2022-06-16] Summary: 
The news is about Apple Inc. (AAPL) stock performance and market trends. The stock has been experiencing a decline, with some analysts predicting a potential collapse of the U.S. economy. There are also mentions of other stocks such as Tesla (TSLA), Amazon (AMZN), Microsoft (MSFT), and Google (GOOG) performing well. Some users are sharing their opinions and analysis on the market, while others are promoting trading and investment services.

Keywords: 
- AAPL (Apple Inc.)
- TSLA (Tesla)
- AMZN (Amazon)
- MSFT (Microsoft)
- GOOG (Google)
- SPY (S&P 500)
- QQQ (Nasdaq-100)
- VIX (Volatility Index)
-
[2022-06-17] Summary: 
The news is about Apple Inc. (AAPL) stock, with various analysts and traders discussing its performance, price targets, and potential future growth. Some analysts are bullish on AAPL, expecting a close above $132 for more upside, while others are cautious, warning that it may still be overvalued despite a 30% drop. There are also discussions about AAPL's resistance levels, with some traders expecting a short-term bottom or a potential breakout. Additionally, there are mentions of AAPL's earnings reports and its performance in comparison to other stocks.

Keywords: 
- AAPL
- Apple Inc.
- Stock
- Price
- Earnings
- Resistance
- Breakout
- Bullish
- Bearish
- Trading
- Investing
- Options
[2022-06-21] Summary: 
The news is about various stocks, but the main focus is on Apple (AAPL) stock. There are several tweets about AAPL's performance, earnings reports, and analyst predictions. Some tweets mention AAPL's price target, while others discuss its comparison with other stocks like TSLA, AMZN, and MSFT. There are also mentions of AAPL's new technology and its impact on the market.

Keywords: 
- AAPL (Apple)
- TSLA (Tesla)
- AMZN (Amazon)
- MSFT (Microsoft)
- SPY (S&P 500)
- QQQ (Nasdaq-100)
- VIX (Volatility Index)
- NDX (Nasdaq Composite)
- UAL (United Airlines)
- RCL
[2022-06-22] Summary: 
The news is about Apple (AAPL) stock, with various updates and analysis from different sources. The news includes mentions of Apple's CEO Tim Cook, the company's AR/VR plans, and the stock's performance in the market. There are also mentions of other tech companies such as Tesla (TSLA), Amazon (AMZN), and Microsoft (MSFT). The news also includes information on the stock market, including the DJIA and Nasdaq 100 indices, and the performance of various stocks.

Keywords: 
- AAPL (Apple)
- TSLA (Tesla)
- AMZN (Amazon)
- MSFT (Microsoft)
- AR/VR
- Stock market
- DJIA
- Nasdaq 100
- Tim Cook
- Apple CEO
[2022-06-23] Summary: 
The news is about various stocks, including AAPL, with some mentions of earnings reports, stock prices, and market trends. There is no specific news about AAPL's performance or any significant events related to the company.

Keywords: AAPL, $AAPL, $SPY, $TSLA, $MSFT, $AMZN, $NVDA, $FB, $GOOG, $QQQ, $NDX, $VIX, $DJI, $DJIA, $RUT, $RVX, $IWM, $VIX, $VXO, $PCC, $CPI, $FTSE, $SXXP, $DAX, $CAC40, $HSI, $NI225, $GS",Positive
33,BABA,2022-06-23,"[2022-06-16] Summary: 
The news mentions several stocks, but the most relevant information for BABA stock is that it is mentioned as a long idea in one of the tweets, and it is also part of the e-commerce sector mentioned in another tweet.

Keywords: 
- BABA
- E-commerce
- Long idea
- $BABA
- $AMZN
- $SHOP

Note: The news is quite noisy and contains a lot of irrelevant information, but the above summary and keywords are the most relevant information related to BABA stock.
[2022-06-17] Summary: 
Alibaba's stock (BABA) has seen a significant increase in value, with some reports suggesting that China's central bank has accepted Ant Group's application for a financial holding company. This news has led to a surge in the stock's value, with some reports indicating a 9.5% increase in premarket trading. Analysts are optimistic about the potential for Alibaba's stock to continue to rise, with some setting a high price target for the next week.

Keywords: 
- BABA
- Alibaba
- Ant Group
- China's central bank
- Financial holding company
- Stock market
- Pre-market trading
- Price target
- Ant's application
- Central bank
- Ant Group's financial holding company application
- $BABA
- $
[2022-06-21] Summary: 
Alibaba Group Holding Limited (BABA) stock has been mentioned in various news and updates, indicating a potential increase in trading activity and interest in the stock. Some analysts have set a top price target for BABA, while others have noted that the stock is still undervalued. There are also mentions of unusual activity in BABA options, with a large trade volume of 2,500 contracts. Additionally, some traders have reported making gains on BABA, while others have noted that the stock is still in a correction phase.

Keywords: 
- BABA
- Alibaba Group Holding Limited
- Stock
- Options
- Trading
- Price target
- Undervalued
- Unusual activity
- Options volume
- Gains
- Correction phase

Note:
[2022-06-22] Summary: 
Jack Ma's Ant Group Co. is poised to apply for a key financial license as soon as this month, indicating a potential positive development for Alibaba Group Holding Limited ($BABA). The news suggests that Ant Group's regulatory issues may be resolved, which could lead to a boost in the stock price of $BABA.

Keywords: $BABA, Ant Group, Jack Ma, Alibaba, stock market, financial license, regulatory issues, stock price.

Note: The news is mostly about $BABA stock, with some other stocks mentioned in the context of the market or as part of a broader market update.
[2022-06-23] Summary: 
Alibaba Group Holding Limited (BABA) shares are trading higher after Chinese President Xi Jinping announced measures to reach China's economic targets despite the impacts of COVID-19. Analysts are optimistic about the company's future, with some setting a price target of over $120. The company's stock has been trending upward, with a 0.2235% increase in the last 24 hours.

Keywords: 
- BABA
- Alibaba Group Holding Limited
- Chinese President Xi Jinping
- COVID-19
- Economic targets
- Stock market
- Analysts
- Price target
- COVID-19 impacts
- Stock trading
- Shares
- Economic growth
- China
- Stock prices
- BABA stock price
- BABA shares
- B",Positive
34,AAPL,2022-06-24,"[2022-06-17] Summary: 
The news is about Apple Inc. (AAPL) stock, with various analysts and traders discussing its performance, price targets, and potential future growth. Some analysts are bullish on AAPL, expecting a close above $132 for more upside, while others are cautious, warning that it may still be overvalued despite a 30% drop. There are also discussions about AAPL's resistance levels, with some traders expecting a short-term bottom or a potential breakout. Additionally, there are mentions of AAPL's earnings reports and its performance in comparison to other stocks.

Keywords: 
- AAPL
- Apple Inc.
- Stock
- Price
- Earnings
- Resistance
- Breakout
- Bullish
- Bearish
- Trading
- Investing
- Options
[2022-06-21] Summary: 
The news is about various stocks, but the main focus is on Apple (AAPL) stock. There are several tweets about AAPL's performance, earnings reports, and analyst predictions. Some tweets mention AAPL's price target, while others discuss its comparison with other stocks like TSLA, AMZN, and MSFT. There are also mentions of AAPL's new technology and its impact on the market.

Keywords: 
- AAPL (Apple)
- TSLA (Tesla)
- AMZN (Amazon)
- MSFT (Microsoft)
- SPY (S&P 500)
- QQQ (Nasdaq-100)
- VIX (Volatility Index)
- NDX (Nasdaq Composite)
- UAL (United Airlines)
- RCL
[2022-06-22] Summary: 
The news is about Apple (AAPL) stock, with various updates and analysis from different sources. The news includes mentions of Apple's CEO Tim Cook, the company's AR/VR plans, and the stock's performance in the market. There are also mentions of other tech companies such as Tesla (TSLA), Amazon (AMZN), and Microsoft (MSFT). The news also includes information on the stock market, including the DJIA and Nasdaq 100 indices, and the performance of various stocks.

Keywords: 
- AAPL (Apple)
- TSLA (Tesla)
- AMZN (Amazon)
- MSFT (Microsoft)
- AR/VR
- Stock market
- DJIA
- Nasdaq 100
- Tim Cook
- Apple CEO
[2022-06-23] Summary: 
The news is about various stocks, including AAPL, with some mentions of earnings reports, stock prices, and market trends. There is no specific news about AAPL's performance or any significant events related to the company.

Keywords: AAPL, $AAPL, $SPY, $TSLA, $MSFT, $AMZN, $NVDA, $FB, $GOOG, $QQQ, $NDX, $VIX, $DJI, $DJIA, $RUT, $RVX, $IWM, $VIX, $VXO, $PCC, $CPI, $FTSE, $SXXP, $DAX, $CAC40, $HSI, $NI225, $GS
[2022-06-24] Summary: 
The news is about the stock market, particularly Apple (AAPL) stock. There are various mentions of AAPL stock price movements, earnings reports, and market trends. Some news articles mention AAPL's potential to go up, while others discuss its current price and market position. There are also mentions of other stocks, such as TSLA, AMZN, and GOOGL, but AAPL is the primary focus.

Keywords: 
- AAPL
- Stock market
- Earnings reports
- Market trends
- Stock price movements
- Apple
- TSLA
- AMZN
- GOOGL

Note: The news is quite noisy and contains a lot of irrelevant information, but the above summary and keywords are the most relevant to AAPL stock",Positive
35,BABA,2022-06-24,"[2022-06-17] Summary: 
Alibaba's stock (BABA) has seen a significant increase in value, with some reports suggesting that China's central bank has accepted Ant Group's application for a financial holding company. This news has led to a surge in the stock's value, with some reports indicating a 9.5% increase in premarket trading. Analysts are optimistic about the potential for Alibaba's stock to continue to rise, with some setting a high price target for the next week.

Keywords: 
- BABA
- Alibaba
- Ant Group
- China's central bank
- Financial holding company
- Stock market
- Pre-market trading
- Price target
- Ant's application
- Central bank
- Ant Group's financial holding company application
- $BABA
- $
[2022-06-21] Summary: 
Alibaba Group Holding Limited (BABA) stock has been mentioned in various news and updates, indicating a potential increase in trading activity and interest in the stock. Some analysts have set a top price target for BABA, while others have noted that the stock is still undervalued. There are also mentions of unusual activity in BABA options, with a large trade volume of 2,500 contracts. Additionally, some traders have reported making gains on BABA, while others have noted that the stock is still in a correction phase.

Keywords: 
- BABA
- Alibaba Group Holding Limited
- Stock
- Options
- Trading
- Price target
- Undervalued
- Unusual activity
- Options volume
- Gains
- Correction phase

Note:
[2022-06-22] Summary: 
Jack Ma's Ant Group Co. is poised to apply for a key financial license as soon as this month, indicating a potential positive development for Alibaba Group Holding Limited ($BABA). The news suggests that Ant Group's regulatory issues may be resolved, which could lead to a boost in the stock price of $BABA.

Keywords: $BABA, Ant Group, Jack Ma, Alibaba, stock market, financial license, regulatory issues, stock price.

Note: The news is mostly about $BABA stock, with some other stocks mentioned in the context of the market or as part of a broader market update.
[2022-06-23] Summary: 
Alibaba Group Holding Limited (BABA) shares are trading higher after Chinese President Xi Jinping announced measures to reach China's economic targets despite the impacts of COVID-19. Analysts are optimistic about the company's future, with some setting a price target of over $120. The company's stock has been trending upward, with a 0.2235% increase in the last 24 hours.

Keywords: 
- BABA
- Alibaba Group Holding Limited
- Chinese President Xi Jinping
- COVID-19
- Economic targets
- Stock market
- Analysts
- Price target
- COVID-19 impacts
- Stock trading
- Shares
- Economic growth
- China
- Stock prices
- BABA stock price
- BABA shares
- B
[2022-06-24] Summary: 
Alibaba Group Holding Ltd ADR ($BABA) stock has been mentioned in various news and discussions, with some analysts predicting a potential breakout above the 200-day moving average. The stock has been trading sideways, and some analysts believe it may start to trend upwards after five consecutive bad earnings reports. There are also discussions about the company's valuation multiples and the potential for revaluation. Additionally, there are mentions of the company's earnings reports, with some analysts expecting a positive trend.

Keywords: 
- $BABA
- Alibaba Group Holding Ltd ADR
- Stock
- Options
- Trading
- Earnings reports
- Breakout
- Valuation multiples
- Revaluation
- China
- Tech
- Economy
- Xi Jinping
- Tariffs",Positive
36,BABA,2022-06-27,"[2022-06-21] Summary: 
Alibaba Group Holding Limited (BABA) stock has been mentioned in various news and updates, indicating a potential increase in trading activity and interest in the stock. Some analysts have set a top price target for BABA, while others have noted that the stock is still undervalued. There are also mentions of unusual activity in BABA options, with a large trade volume of 2,500 contracts. Additionally, some traders have reported making gains on BABA, while others have noted that the stock is still in a correction phase.

Keywords: 
- BABA
- Alibaba Group Holding Limited
- Stock
- Options
- Trading
- Price target
- Undervalued
- Unusual activity
- Options volume
- Gains
- Correction phase

Note:
[2022-06-22] Summary: 
Jack Ma's Ant Group Co. is poised to apply for a key financial license as soon as this month, indicating a potential positive development for Alibaba Group Holding Limited ($BABA). The news suggests that Ant Group's regulatory issues may be resolved, which could lead to a boost in the stock price of $BABA.

Keywords: $BABA, Ant Group, Jack Ma, Alibaba, stock market, financial license, regulatory issues, stock price.

Note: The news is mostly about $BABA stock, with some other stocks mentioned in the context of the market or as part of a broader market update.
[2022-06-23] Summary: 
Alibaba Group Holding Limited (BABA) shares are trading higher after Chinese President Xi Jinping announced measures to reach China's economic targets despite the impacts of COVID-19. Analysts are optimistic about the company's future, with some setting a price target of over $120. The company's stock has been trending upward, with a 0.2235% increase in the last 24 hours.

Keywords: 
- BABA
- Alibaba Group Holding Limited
- Chinese President Xi Jinping
- COVID-19
- Economic targets
- Stock market
- Analysts
- Price target
- COVID-19 impacts
- Stock trading
- Shares
- Economic growth
- China
- Stock prices
- BABA stock price
- BABA shares
- B
[2022-06-24] Summary: 
Alibaba Group Holding Ltd ADR ($BABA) stock has been mentioned in various news and discussions, with some analysts predicting a potential breakout above the 200-day moving average. The stock has been trading sideways, and some analysts believe it may start to trend upwards after five consecutive bad earnings reports. There are also discussions about the company's valuation multiples and the potential for revaluation. Additionally, there are mentions of the company's earnings reports, with some analysts expecting a positive trend.

Keywords: 
- $BABA
- Alibaba Group Holding Ltd ADR
- Stock
- Options
- Trading
- Earnings reports
- Breakout
- Valuation multiples
- Revaluation
- China
- Tech
- Economy
- Xi Jinping
- Tariffs
[2022-06-27] Summary: 
Alibaba Group Holding Limited (BABA) stock has been performing well year-to-date, with some analysts predicting a bullish trend. The company has received a license for public road tests on L4 self-driving vehicles, which could be a significant development. There are also mentions of earnings reports and analyst price targets for BABA. However, some tweets mention the stock's volatility and the need to be cautious.

Keywords: 
- BABA
- Alibaba Group Holding Limited
- Stock
- Earnings
- Analyst price target
- L4 self-driving vehicles
- China stocks
- Digital ad spend
- Autonomous driving
- Bullish trend
- Volatility
- Earnings reports
- Public road tests
- Autonomous vehicles
- China stocks rally
- Value play",Positive
37,AAPL,2022-06-28,"[2022-06-22] Summary: 
The news is about Apple (AAPL) stock, with various updates and analysis from different sources. The news includes mentions of Apple's CEO Tim Cook, the company's AR/VR plans, and the stock's performance in the market. There are also mentions of other tech companies such as Tesla (TSLA), Amazon (AMZN), and Microsoft (MSFT). The news also includes information on the stock market, including the DJIA and Nasdaq 100 indices, and the performance of various stocks.

Keywords: 
- AAPL (Apple)
- TSLA (Tesla)
- AMZN (Amazon)
- MSFT (Microsoft)
- AR/VR
- Stock market
- DJIA
- Nasdaq 100
- Tim Cook
- Apple CEO
[2022-06-23] Summary: 
The news is about various stocks, including AAPL, with some mentions of earnings reports, stock prices, and market trends. There is no specific news about AAPL's performance or any significant events related to the company.

Keywords: AAPL, $AAPL, $SPY, $TSLA, $MSFT, $AMZN, $NVDA, $FB, $GOOG, $QQQ, $NDX, $VIX, $DJI, $DJIA, $RUT, $RVX, $IWM, $VIX, $VXO, $PCC, $CPI, $FTSE, $SXXP, $DAX, $CAC40, $HSI, $NI225, $GS
[2022-06-24] Summary: 
The news is about the stock market, particularly Apple (AAPL) stock. There are various mentions of AAPL stock price movements, earnings reports, and market trends. Some news articles mention AAPL's potential to go up, while others discuss its current price and market position. There are also mentions of other stocks, such as TSLA, AMZN, and GOOGL, but AAPL is the primary focus.

Keywords: 
- AAPL
- Stock market
- Earnings reports
- Market trends
- Stock price movements
- Apple
- TSLA
- AMZN
- GOOGL

Note: The news is quite noisy and contains a lot of irrelevant information, but the above summary and keywords are the most relevant to AAPL stock
[2022-06-27] Summary: 
The news is about Apple Inc. (AAPL) stock, with various analysts and traders discussing its price movement, earnings reports, and potential future growth. Some analysts are bearish on the stock, predicting a drop in price, while others are bullish, expecting a rise to 142 or even 150-151. There are also discussions about Apple's products, such as the iPhone 14 and HomePod upgrade, and its competition with other tech giants like Google and Amazon.

Keywords: 
- AAPL
- Apple
- Stock
- Price movement
- Earnings reports
- iPhone 14
- HomePod
- Google
- Amazon
- Tech giants
- Competition
- Bullish
- Bearish
- Price target
- Sentiment report
[2022-06-28] Summary: 
The news articles and tweets extracted from the web page HTML are related to various stocks, including AAPL, but the information about AAPL is scattered and noisy. However, some key points can be extracted:

- AAPL's stock price is mentioned several times, with some articles discussing its performance and price movements.
- There are mentions of analyst price targets for AAPL, with some predicting a price increase.
- Some articles discuss AAPL's earnings reports and its performance in the market.
- There are also mentions of AAPL's products, such as iPhones and MacBooks, and their reviews.
- Some articles discuss AAPL's sentiment and its performance in the market, with some predicting a potential increase in its stock price.

Keywords: 
AAPL, stock price, analyst price target",Negative
38,BABA,2022-06-28,"[2022-06-22] Summary: 
Jack Ma's Ant Group Co. is poised to apply for a key financial license as soon as this month, indicating a potential positive development for Alibaba Group Holding Limited ($BABA). The news suggests that Ant Group's regulatory issues may be resolved, which could lead to a boost in the stock price of $BABA.

Keywords: $BABA, Ant Group, Jack Ma, Alibaba, stock market, financial license, regulatory issues, stock price.

Note: The news is mostly about $BABA stock, with some other stocks mentioned in the context of the market or as part of a broader market update.
[2022-06-23] Summary: 
Alibaba Group Holding Limited (BABA) shares are trading higher after Chinese President Xi Jinping announced measures to reach China's economic targets despite the impacts of COVID-19. Analysts are optimistic about the company's future, with some setting a price target of over $120. The company's stock has been trending upward, with a 0.2235% increase in the last 24 hours.

Keywords: 
- BABA
- Alibaba Group Holding Limited
- Chinese President Xi Jinping
- COVID-19
- Economic targets
- Stock market
- Analysts
- Price target
- COVID-19 impacts
- Stock trading
- Shares
- Economic growth
- China
- Stock prices
- BABA stock price
- BABA shares
- B
[2022-06-24] Summary: 
Alibaba Group Holding Ltd ADR ($BABA) stock has been mentioned in various news and discussions, with some analysts predicting a potential breakout above the 200-day moving average. The stock has been trading sideways, and some analysts believe it may start to trend upwards after five consecutive bad earnings reports. There are also discussions about the company's valuation multiples and the potential for revaluation. Additionally, there are mentions of the company's earnings reports, with some analysts expecting a positive trend.

Keywords: 
- $BABA
- Alibaba Group Holding Ltd ADR
- Stock
- Options
- Trading
- Earnings reports
- Breakout
- Valuation multiples
- Revaluation
- China
- Tech
- Economy
- Xi Jinping
- Tariffs
[2022-06-27] Summary: 
Alibaba Group Holding Limited (BABA) stock has been performing well year-to-date, with some analysts predicting a bullish trend. The company has received a license for public road tests on L4 self-driving vehicles, which could be a significant development. There are also mentions of earnings reports and analyst price targets for BABA. However, some tweets mention the stock's volatility and the need to be cautious.

Keywords: 
- BABA
- Alibaba Group Holding Limited
- Stock
- Earnings
- Analyst price target
- L4 self-driving vehicles
- China stocks
- Digital ad spend
- Autonomous driving
- Bullish trend
- Volatility
- Earnings reports
- Public road tests
- Autonomous vehicles
- China stocks rally
- Value play
[2022-06-28] Summary: 
Alibaba Group (BABA) stock has been mentioned in various tweets as a potential stock to watch, with some analysts predicting a price target of $125 or $128. The company is expected to release earnings reports before the market opens. There are also mentions of unusual options activity, with a large number of $BABA call options being traded. However, the stock price has been slightly down, with a 1.34% decrease.

Keywords: 
- BABA
- Alibaba Group
- Stock price
- Earnings reports
- Options activity
- Price target
- $BABA
- $114.89
- $125
- $128
- $120
- $80
- $50%",Negative
39,AAPL,2022-06-29,"[2022-06-23] Summary: 
The news is about various stocks, including AAPL, with some mentions of earnings reports, stock prices, and market trends. There is no specific news about AAPL's performance or any significant events related to the company.

Keywords: AAPL, $AAPL, $SPY, $TSLA, $MSFT, $AMZN, $NVDA, $FB, $GOOG, $QQQ, $NDX, $VIX, $DJI, $DJIA, $RUT, $RVX, $IWM, $VIX, $VXO, $PCC, $CPI, $FTSE, $SXXP, $DAX, $CAC40, $HSI, $NI225, $GS
[2022-06-24] Summary: 
The news is about the stock market, particularly Apple (AAPL) stock. There are various mentions of AAPL stock price movements, earnings reports, and market trends. Some news articles mention AAPL's potential to go up, while others discuss its current price and market position. There are also mentions of other stocks, such as TSLA, AMZN, and GOOGL, but AAPL is the primary focus.

Keywords: 
- AAPL
- Stock market
- Earnings reports
- Market trends
- Stock price movements
- Apple
- TSLA
- AMZN
- GOOGL

Note: The news is quite noisy and contains a lot of irrelevant information, but the above summary and keywords are the most relevant to AAPL stock
[2022-06-27] Summary: 
The news is about Apple Inc. (AAPL) stock, with various analysts and traders discussing its price movement, earnings reports, and potential future growth. Some analysts are bearish on the stock, predicting a drop in price, while others are bullish, expecting a rise to 142 or even 150-151. There are also discussions about Apple's products, such as the iPhone 14 and HomePod upgrade, and its competition with other tech giants like Google and Amazon.

Keywords: 
- AAPL
- Apple
- Stock
- Price movement
- Earnings reports
- iPhone 14
- HomePod
- Google
- Amazon
- Tech giants
- Competition
- Bullish
- Bearish
- Price target
- Sentiment report
[2022-06-28] Summary: 
The news articles and tweets extracted from the web page HTML are related to various stocks, including AAPL, but the information about AAPL is scattered and noisy. However, some key points can be extracted:

- AAPL's stock price is mentioned several times, with some articles discussing its performance and price movements.
- There are mentions of analyst price targets for AAPL, with some predicting a price increase.
- Some articles discuss AAPL's earnings reports and its performance in the market.
- There are also mentions of AAPL's products, such as iPhones and MacBooks, and their reviews.
- Some articles discuss AAPL's sentiment and its performance in the market, with some predicting a potential increase in its stock price.

Keywords: 
AAPL, stock price, analyst price target
[2022-06-29] Summary: 
The news articles and tweets extracted from the given data are mostly about the stock market, particularly Apple (AAPL), with some mentions of other stocks such as Tesla (TSLA), Amazon (AMZN), and Google (GOOGL). The news includes updates on stock prices, analyst predictions, and market trends. There are also mentions of the iPhone's 15th anniversary and the potential ban of TikTok by Apple and Google.

Keywords: 
- AAPL (Apple)
- TSLA (Tesla)
- AMZN (Amazon)
- GOOGL (Google)
- iPhone
- Stock market
- Analyst predictions
- Market trends
- TikTok ban
- Recession
- Qualcomm
- Modem chip
- Options trading
- Forex
-",Positive
40,BABA,2022-06-29,"[2022-06-23] Summary: 
Alibaba Group Holding Limited (BABA) shares are trading higher after Chinese President Xi Jinping announced measures to reach China's economic targets despite the impacts of COVID-19. Analysts are optimistic about the company's future, with some setting a price target of over $120. The company's stock has been trending upward, with a 0.2235% increase in the last 24 hours.

Keywords: 
- BABA
- Alibaba Group Holding Limited
- Chinese President Xi Jinping
- COVID-19
- Economic targets
- Stock market
- Analysts
- Price target
- COVID-19 impacts
- Stock trading
- Shares
- Economic growth
- China
- Stock prices
- BABA stock price
- BABA shares
- B
[2022-06-24] Summary: 
Alibaba Group Holding Ltd ADR ($BABA) stock has been mentioned in various news and discussions, with some analysts predicting a potential breakout above the 200-day moving average. The stock has been trading sideways, and some analysts believe it may start to trend upwards after five consecutive bad earnings reports. There are also discussions about the company's valuation multiples and the potential for revaluation. Additionally, there are mentions of the company's earnings reports, with some analysts expecting a positive trend.

Keywords: 
- $BABA
- Alibaba Group Holding Ltd ADR
- Stock
- Options
- Trading
- Earnings reports
- Breakout
- Valuation multiples
- Revaluation
- China
- Tech
- Economy
- Xi Jinping
- Tariffs
[2022-06-27] Summary: 
Alibaba Group Holding Limited (BABA) stock has been performing well year-to-date, with some analysts predicting a bullish trend. The company has received a license for public road tests on L4 self-driving vehicles, which could be a significant development. There are also mentions of earnings reports and analyst price targets for BABA. However, some tweets mention the stock's volatility and the need to be cautious.

Keywords: 
- BABA
- Alibaba Group Holding Limited
- Stock
- Earnings
- Analyst price target
- L4 self-driving vehicles
- China stocks
- Digital ad spend
- Autonomous driving
- Bullish trend
- Volatility
- Earnings reports
- Public road tests
- Autonomous vehicles
- China stocks rally
- Value play
[2022-06-28] Summary: 
Alibaba Group (BABA) stock has been mentioned in various tweets as a potential stock to watch, with some analysts predicting a price target of $125 or $128. The company is expected to release earnings reports before the market opens. There are also mentions of unusual options activity, with a large number of $BABA call options being traded. However, the stock price has been slightly down, with a 1.34% decrease.

Keywords: 
- BABA
- Alibaba Group
- Stock price
- Earnings reports
- Options activity
- Price target
- $BABA
- $114.89
- $125
- $128
- $120
- $80
- $50%
[2022-06-29] Summary: 
The news mentions various stocks, but the main focus is on BABA (Alibaba Group Holding Limited). There are mentions of price targets, analyst predictions, and unusual activity in the stock. Some tweets mention BABA's performance in relation to other stocks, such as Amazon and Tesla. There are also mentions of trading and options activity, including unusual volume and block trades.

Keywords: 
- BABA
- Alibaba Group Holding Limited
- Stock price
- Analyst price target
- Options activity
- Trading volume
- Unusual activity
- Block trade
- $118.55 (current stock price)
- $145 (strike price for calls)
- 09/16/2022 (expiration date for options)
- 3,500 (number of contracts traded)",Negative
41,AAPL,2022-06-30,"[2022-06-24] Summary: 
The news is about the stock market, particularly Apple (AAPL) stock. There are various mentions of AAPL stock price movements, earnings reports, and market trends. Some news articles mention AAPL's potential to go up, while others discuss its current price and market position. There are also mentions of other stocks, such as TSLA, AMZN, and GOOGL, but AAPL is the primary focus.

Keywords: 
- AAPL
- Stock market
- Earnings reports
- Market trends
- Stock price movements
- Apple
- TSLA
- AMZN
- GOOGL

Note: The news is quite noisy and contains a lot of irrelevant information, but the above summary and keywords are the most relevant to AAPL stock
[2022-06-27] Summary: 
The news is about Apple Inc. (AAPL) stock, with various analysts and traders discussing its price movement, earnings reports, and potential future growth. Some analysts are bearish on the stock, predicting a drop in price, while others are bullish, expecting a rise to 142 or even 150-151. There are also discussions about Apple's products, such as the iPhone 14 and HomePod upgrade, and its competition with other tech giants like Google and Amazon.

Keywords: 
- AAPL
- Apple
- Stock
- Price movement
- Earnings reports
- iPhone 14
- HomePod
- Google
- Amazon
- Tech giants
- Competition
- Bullish
- Bearish
- Price target
- Sentiment report
[2022-06-28] Summary: 
The news articles and tweets extracted from the web page HTML are related to various stocks, including AAPL, but the information about AAPL is scattered and noisy. However, some key points can be extracted:

- AAPL's stock price is mentioned several times, with some articles discussing its performance and price movements.
- There are mentions of analyst price targets for AAPL, with some predicting a price increase.
- Some articles discuss AAPL's earnings reports and its performance in the market.
- There are also mentions of AAPL's products, such as iPhones and MacBooks, and their reviews.
- Some articles discuss AAPL's sentiment and its performance in the market, with some predicting a potential increase in its stock price.

Keywords: 
AAPL, stock price, analyst price target
[2022-06-29] Summary: 
The news articles and tweets extracted from the given data are mostly about the stock market, particularly Apple (AAPL), with some mentions of other stocks such as Tesla (TSLA), Amazon (AMZN), and Google (GOOGL). The news includes updates on stock prices, analyst predictions, and market trends. There are also mentions of the iPhone's 15th anniversary and the potential ban of TikTok by Apple and Google.

Keywords: 
- AAPL (Apple)
- TSLA (Tesla)
- AMZN (Amazon)
- GOOGL (Google)
- iPhone
- Stock market
- Analyst predictions
- Market trends
- TikTok ban
- Recession
- Qualcomm
- Modem chip
- Options trading
- Forex
-
[2022-06-30] Summary: 
Apple's stock (AAPL) has been in the news due to various reasons. The company's former director of corporate law has admitted to insider trading, which has raised concerns about the company's internal controls. Additionally, Apple has announced that it will allow South Korean developers to use third-party payment systems, which will take a 26% cut. The stock has also been affected by the overall market trends, with a decline in its value. 

Keywords: 
- Apple (AAPL)
- Insider trading
- Corporate law
- South Korea
- Payment systems
- Market trends
- Stock value
- iPhone
- Recession
- Inflation
- Dividend stocks
- Trading
- Stocks
- Finance
- Investing
- Wall Street
- Bitcoin",Negative
42,BABA,2022-06-30,"[2022-06-24] Summary: 
Alibaba Group Holding Ltd ADR ($BABA) stock has been mentioned in various news and discussions, with some analysts predicting a potential breakout above the 200-day moving average. The stock has been trading sideways, and some analysts believe it may start to trend upwards after five consecutive bad earnings reports. There are also discussions about the company's valuation multiples and the potential for revaluation. Additionally, there are mentions of the company's earnings reports, with some analysts expecting a positive trend.

Keywords: 
- $BABA
- Alibaba Group Holding Ltd ADR
- Stock
- Options
- Trading
- Earnings reports
- Breakout
- Valuation multiples
- Revaluation
- China
- Tech
- Economy
- Xi Jinping
- Tariffs
[2022-06-27] Summary: 
Alibaba Group Holding Limited (BABA) stock has been performing well year-to-date, with some analysts predicting a bullish trend. The company has received a license for public road tests on L4 self-driving vehicles, which could be a significant development. There are also mentions of earnings reports and analyst price targets for BABA. However, some tweets mention the stock's volatility and the need to be cautious.

Keywords: 
- BABA
- Alibaba Group Holding Limited
- Stock
- Earnings
- Analyst price target
- L4 self-driving vehicles
- China stocks
- Digital ad spend
- Autonomous driving
- Bullish trend
- Volatility
- Earnings reports
- Public road tests
- Autonomous vehicles
- China stocks rally
- Value play
[2022-06-28] Summary: 
Alibaba Group (BABA) stock has been mentioned in various tweets as a potential stock to watch, with some analysts predicting a price target of $125 or $128. The company is expected to release earnings reports before the market opens. There are also mentions of unusual options activity, with a large number of $BABA call options being traded. However, the stock price has been slightly down, with a 1.34% decrease.

Keywords: 
- BABA
- Alibaba Group
- Stock price
- Earnings reports
- Options activity
- Price target
- $BABA
- $114.89
- $125
- $128
- $120
- $80
- $50%
[2022-06-29] Summary: 
The news mentions various stocks, but the main focus is on BABA (Alibaba Group Holding Limited). There are mentions of price targets, analyst predictions, and unusual activity in the stock. Some tweets mention BABA's performance in relation to other stocks, such as Amazon and Tesla. There are also mentions of trading and options activity, including unusual volume and block trades.

Keywords: 
- BABA
- Alibaba Group Holding Limited
- Stock price
- Analyst price target
- Options activity
- Trading volume
- Unusual activity
- Block trade
- $118.55 (current stock price)
- $145 (strike price for calls)
- 09/16/2022 (expiration date for options)
- 3,500 (number of contracts traded)
[2022-06-30] Summary: 
The news articles mention Alibaba Group (BABA) stock in various contexts, including price targets, market trends, and analyst recommendations. Some articles suggest that BABA is experiencing a decline, with one article stating it is down 75% from its all-time high. However, other articles mention analyst price targets and bullish trends, indicating potential for a rebound.

Keywords: 
- BABA
- Alibaba Group
- Stock price
- Market trends
- Analyst recommendations
- Price targets
- Bullish trends
- Bearish trends
- Stock decline
- Market performance

Note: The news articles are mostly related to stock market and financial news, with some articles promoting a website or social media group. The relevant information for BABA stock is extracted and summarized above.",Negative
43,AAPL,2022-07-01,"[2022-06-27] Summary: 
The news is about Apple Inc. (AAPL) stock, with various analysts and traders discussing its price movement, earnings reports, and potential future growth. Some analysts are bearish on the stock, predicting a drop in price, while others are bullish, expecting a rise to 142 or even 150-151. There are also discussions about Apple's products, such as the iPhone 14 and HomePod upgrade, and its competition with other tech giants like Google and Amazon.

Keywords: 
- AAPL
- Apple
- Stock
- Price movement
- Earnings reports
- iPhone 14
- HomePod
- Google
- Amazon
- Tech giants
- Competition
- Bullish
- Bearish
- Price target
- Sentiment report
[2022-06-28] Summary: 
The news articles and tweets extracted from the web page HTML are related to various stocks, including AAPL, but the information about AAPL is scattered and noisy. However, some key points can be extracted:

- AAPL's stock price is mentioned several times, with some articles discussing its performance and price movements.
- There are mentions of analyst price targets for AAPL, with some predicting a price increase.
- Some articles discuss AAPL's earnings reports and its performance in the market.
- There are also mentions of AAPL's products, such as iPhones and MacBooks, and their reviews.
- Some articles discuss AAPL's sentiment and its performance in the market, with some predicting a potential increase in its stock price.

Keywords: 
AAPL, stock price, analyst price target
[2022-06-29] Summary: 
The news articles and tweets extracted from the given data are mostly about the stock market, particularly Apple (AAPL), with some mentions of other stocks such as Tesla (TSLA), Amazon (AMZN), and Google (GOOGL). The news includes updates on stock prices, analyst predictions, and market trends. There are also mentions of the iPhone's 15th anniversary and the potential ban of TikTok by Apple and Google.

Keywords: 
- AAPL (Apple)
- TSLA (Tesla)
- AMZN (Amazon)
- GOOGL (Google)
- iPhone
- Stock market
- Analyst predictions
- Market trends
- TikTok ban
- Recession
- Qualcomm
- Modem chip
- Options trading
- Forex
-
[2022-06-30] Summary: 
Apple's stock (AAPL) has been in the news due to various reasons. The company's former director of corporate law has admitted to insider trading, which has raised concerns about the company's internal controls. Additionally, Apple has announced that it will allow South Korean developers to use third-party payment systems, which will take a 26% cut. The stock has also been affected by the overall market trends, with a decline in its value. 

Keywords: 
- Apple (AAPL)
- Insider trading
- Corporate law
- South Korea
- Payment systems
- Market trends
- Stock value
- iPhone
- Recession
- Inflation
- Dividend stocks
- Trading
- Stocks
- Finance
- Investing
- Wall Street
- Bitcoin
[2022-07-01] Summary: 
Apple's stock ($AAPL) has been mentioned in various news and updates, including a price target of $200 per share from J.P. Morgan Securities analyst Samik Chatterjee, who reiterated an ""overweight"" rating on the company. Apple's former corporate secretary and director of corporate law has admitted to engaging in insider trading. The company's iPhone 13 price has been raised nearly 20% in Japan due to the yen's plunge. Apple's stock has been trending on various platforms, including the S&P 500 and Nasdaq 100, with a slight increase in price. There have been mentions of insider trading and production cuts at Apple, but no concrete evidence has been found.

Keywords: 
- $AAPL (Apple stock)
- Insider trading
-",Positive
44,BABA,2022-07-01,"[2022-06-27] Summary: 
Alibaba Group Holding Limited (BABA) stock has been performing well year-to-date, with some analysts predicting a bullish trend. The company has received a license for public road tests on L4 self-driving vehicles, which could be a significant development. There are also mentions of earnings reports and analyst price targets for BABA. However, some tweets mention the stock's volatility and the need to be cautious.

Keywords: 
- BABA
- Alibaba Group Holding Limited
- Stock
- Earnings
- Analyst price target
- L4 self-driving vehicles
- China stocks
- Digital ad spend
- Autonomous driving
- Bullish trend
- Volatility
- Earnings reports
- Public road tests
- Autonomous vehicles
- China stocks rally
- Value play
[2022-06-28] Summary: 
Alibaba Group (BABA) stock has been mentioned in various tweets as a potential stock to watch, with some analysts predicting a price target of $125 or $128. The company is expected to release earnings reports before the market opens. There are also mentions of unusual options activity, with a large number of $BABA call options being traded. However, the stock price has been slightly down, with a 1.34% decrease.

Keywords: 
- BABA
- Alibaba Group
- Stock price
- Earnings reports
- Options activity
- Price target
- $BABA
- $114.89
- $125
- $128
- $120
- $80
- $50%
[2022-06-29] Summary: 
The news mentions various stocks, but the main focus is on BABA (Alibaba Group Holding Limited). There are mentions of price targets, analyst predictions, and unusual activity in the stock. Some tweets mention BABA's performance in relation to other stocks, such as Amazon and Tesla. There are also mentions of trading and options activity, including unusual volume and block trades.

Keywords: 
- BABA
- Alibaba Group Holding Limited
- Stock price
- Analyst price target
- Options activity
- Trading volume
- Unusual activity
- Block trade
- $118.55 (current stock price)
- $145 (strike price for calls)
- 09/16/2022 (expiration date for options)
- 3,500 (number of contracts traded)
[2022-06-30] Summary: 
The news articles mention Alibaba Group (BABA) stock in various contexts, including price targets, market trends, and analyst recommendations. Some articles suggest that BABA is experiencing a decline, with one article stating it is down 75% from its all-time high. However, other articles mention analyst price targets and bullish trends, indicating potential for a rebound.

Keywords: 
- BABA
- Alibaba Group
- Stock price
- Market trends
- Analyst recommendations
- Price targets
- Bullish trends
- Bearish trends
- Stock decline
- Market performance

Note: The news articles are mostly related to stock market and financial news, with some articles promoting a website or social media group. The relevant information for BABA stock is extracted and summarized above.
[2022-07-01] Summary: 
The news suggests that Alibaba Group Holding Limited (BABA) is expected to have a significant price movement, possibly a bull market, in the near future. Analysts have set a high price target for BABA, and the stock has seen a substantial increase in revenues since 2020. There are also unusual activity alerts on BABA options, with a large number of put contracts traded. However, the news is mostly speculative and based on social media posts and analyst predictions.

Keywords: 
- BABA
- Alibaba Group Holding Limited
- Bull market
- Analyst price target
- Unusual options activity
- Revenue increase
- Stock price movement
- $BABA
- $KWEB
- $NVDA
- $TSLA
- $AMZN",Positive
45,AAPL,2022-07-05,"[2022-06-28] Summary: 
The news articles and tweets extracted from the web page HTML are related to various stocks, including AAPL, but the information about AAPL is scattered and noisy. However, some key points can be extracted:

- AAPL's stock price is mentioned several times, with some articles discussing its performance and price movements.
- There are mentions of analyst price targets for AAPL, with some predicting a price increase.
- Some articles discuss AAPL's earnings reports and its performance in the market.
- There are also mentions of AAPL's products, such as iPhones and MacBooks, and their reviews.
- Some articles discuss AAPL's sentiment and its performance in the market, with some predicting a potential increase in its stock price.

Keywords: 
AAPL, stock price, analyst price target
[2022-06-29] Summary: 
The news articles and tweets extracted from the given data are mostly about the stock market, particularly Apple (AAPL), with some mentions of other stocks such as Tesla (TSLA), Amazon (AMZN), and Google (GOOGL). The news includes updates on stock prices, analyst predictions, and market trends. There are also mentions of the iPhone's 15th anniversary and the potential ban of TikTok by Apple and Google.

Keywords: 
- AAPL (Apple)
- TSLA (Tesla)
- AMZN (Amazon)
- GOOGL (Google)
- iPhone
- Stock market
- Analyst predictions
- Market trends
- TikTok ban
- Recession
- Qualcomm
- Modem chip
- Options trading
- Forex
-
[2022-06-30] Summary: 
Apple's stock (AAPL) has been in the news due to various reasons. The company's former director of corporate law has admitted to insider trading, which has raised concerns about the company's internal controls. Additionally, Apple has announced that it will allow South Korean developers to use third-party payment systems, which will take a 26% cut. The stock has also been affected by the overall market trends, with a decline in its value. 

Keywords: 
- Apple (AAPL)
- Insider trading
- Corporate law
- South Korea
- Payment systems
- Market trends
- Stock value
- iPhone
- Recession
- Inflation
- Dividend stocks
- Trading
- Stocks
- Finance
- Investing
- Wall Street
- Bitcoin
[2022-07-01] Summary: 
Apple's stock ($AAPL) has been mentioned in various news and updates, including a price target of $200 per share from J.P. Morgan Securities analyst Samik Chatterjee, who reiterated an ""overweight"" rating on the company. Apple's former corporate secretary and director of corporate law has admitted to engaging in insider trading. The company's iPhone 13 price has been raised nearly 20% in Japan due to the yen's plunge. Apple's stock has been trending on various platforms, including the S&P 500 and Nasdaq 100, with a slight increase in price. There have been mentions of insider trading and production cuts at Apple, but no concrete evidence has been found.

Keywords: 
- $AAPL (Apple stock)
- Insider trading
-
[2022-07-05] Summary: 
Apple's stock price is currently around $137-$138, which some analysts consider a good buy due to its 20%+ drop from its all-time high in December 2021. However, others believe that the stock market may experience a significant downturn once a full recession is announced. There are various predictions and opinions about Apple's stock performance, with some analysts suggesting a potential break of $144 to negate a bearish triangle, while others believe that the company's revenue growth is strong. Additionally, there are mentions of Apple's earnings reports, analyst price targets, and unusual activity in the stock.

Keywords: 
- Apple (AAPL)
- Stock market
- Recession
- Earnings reports
- Analyst price targets
- Stock price
- Options trading
-",Positive
46,BABA,2022-07-05,"[2022-06-28] Summary: 
Alibaba Group (BABA) stock has been mentioned in various tweets as a potential stock to watch, with some analysts predicting a price target of $125 or $128. The company is expected to release earnings reports before the market opens. There are also mentions of unusual options activity, with a large number of $BABA call options being traded. However, the stock price has been slightly down, with a 1.34% decrease.

Keywords: 
- BABA
- Alibaba Group
- Stock price
- Earnings reports
- Options activity
- Price target
- $BABA
- $114.89
- $125
- $128
- $120
- $80
- $50%
[2022-06-29] Summary: 
The news mentions various stocks, but the main focus is on BABA (Alibaba Group Holding Limited). There are mentions of price targets, analyst predictions, and unusual activity in the stock. Some tweets mention BABA's performance in relation to other stocks, such as Amazon and Tesla. There are also mentions of trading and options activity, including unusual volume and block trades.

Keywords: 
- BABA
- Alibaba Group Holding Limited
- Stock price
- Analyst price target
- Options activity
- Trading volume
- Unusual activity
- Block trade
- $118.55 (current stock price)
- $145 (strike price for calls)
- 09/16/2022 (expiration date for options)
- 3,500 (number of contracts traded)
[2022-06-30] Summary: 
The news articles mention Alibaba Group (BABA) stock in various contexts, including price targets, market trends, and analyst recommendations. Some articles suggest that BABA is experiencing a decline, with one article stating it is down 75% from its all-time high. However, other articles mention analyst price targets and bullish trends, indicating potential for a rebound.

Keywords: 
- BABA
- Alibaba Group
- Stock price
- Market trends
- Analyst recommendations
- Price targets
- Bullish trends
- Bearish trends
- Stock decline
- Market performance

Note: The news articles are mostly related to stock market and financial news, with some articles promoting a website or social media group. The relevant information for BABA stock is extracted and summarized above.
[2022-07-01] Summary: 
The news suggests that Alibaba Group Holding Limited (BABA) is expected to have a significant price movement, possibly a bull market, in the near future. Analysts have set a high price target for BABA, and the stock has seen a substantial increase in revenues since 2020. There are also unusual activity alerts on BABA options, with a large number of put contracts traded. However, the news is mostly speculative and based on social media posts and analyst predictions.

Keywords: 
- BABA
- Alibaba Group Holding Limited
- Bull market
- Analyst price target
- Unusual options activity
- Revenue increase
- Stock price movement
- $BABA
- $KWEB
- $NVDA
- $TSLA
- $AMZN
[2022-07-05] Summary: 
The news suggests that BABA (Alibaba Group) stock is expected to have a breakout this week, with some resistance at 120-121. The tariff news is expected to be released this week, which could push the stock price to 130. There are also mentions of price targets, with JPMorgan Chase & Co. raising its target from $130.00 to $140.00, representing a 20.11% upside. The stock is also mentioned in various trending lists and watchlists, including a ""whisperer"" who has been crushing the name.

Keywords: 
- BABA
- Breakout
- Tariff news
- Price target
- JPMorgan Chase & Co.
- $130
- $140
- Resistance at",Positive
47,AAPL,2022-07-06,"[2022-06-29] Summary: 
The news articles and tweets extracted from the given data are mostly about the stock market, particularly Apple (AAPL), with some mentions of other stocks such as Tesla (TSLA), Amazon (AMZN), and Google (GOOGL). The news includes updates on stock prices, analyst predictions, and market trends. There are also mentions of the iPhone's 15th anniversary and the potential ban of TikTok by Apple and Google.

Keywords: 
- AAPL (Apple)
- TSLA (Tesla)
- AMZN (Amazon)
- GOOGL (Google)
- iPhone
- Stock market
- Analyst predictions
- Market trends
- TikTok ban
- Recession
- Qualcomm
- Modem chip
- Options trading
- Forex
-
[2022-06-30] Summary: 
Apple's stock (AAPL) has been in the news due to various reasons. The company's former director of corporate law has admitted to insider trading, which has raised concerns about the company's internal controls. Additionally, Apple has announced that it will allow South Korean developers to use third-party payment systems, which will take a 26% cut. The stock has also been affected by the overall market trends, with a decline in its value. 

Keywords: 
- Apple (AAPL)
- Insider trading
- Corporate law
- South Korea
- Payment systems
- Market trends
- Stock value
- iPhone
- Recession
- Inflation
- Dividend stocks
- Trading
- Stocks
- Finance
- Investing
- Wall Street
- Bitcoin
[2022-07-01] Summary: 
Apple's stock ($AAPL) has been mentioned in various news and updates, including a price target of $200 per share from J.P. Morgan Securities analyst Samik Chatterjee, who reiterated an ""overweight"" rating on the company. Apple's former corporate secretary and director of corporate law has admitted to engaging in insider trading. The company's iPhone 13 price has been raised nearly 20% in Japan due to the yen's plunge. Apple's stock has been trending on various platforms, including the S&P 500 and Nasdaq 100, with a slight increase in price. There have been mentions of insider trading and production cuts at Apple, but no concrete evidence has been found.

Keywords: 
- $AAPL (Apple stock)
- Insider trading
-
[2022-07-05] Summary: 
Apple's stock price is currently around $137-$138, which some analysts consider a good buy due to its 20%+ drop from its all-time high in December 2021. However, others believe that the stock market may experience a significant downturn once a full recession is announced. There are various predictions and opinions about Apple's stock performance, with some analysts suggesting a potential break of $144 to negate a bearish triangle, while others believe that the company's revenue growth is strong. Additionally, there are mentions of Apple's earnings reports, analyst price targets, and unusual activity in the stock.

Keywords: 
- Apple (AAPL)
- Stock market
- Recession
- Earnings reports
- Analyst price targets
- Stock price
- Options trading
-
[2022-07-06] Summary: 
Apple (AAPL) stock has been trending upwards with some fluctuations. Goldman Sachs has cut its price target for AAPL to $130 from $157, with a bear case scenario of $82 in the event of a deeper recession. There have been various mentions of AAPL's performance, including a possible earnings report and the launch of new iPhone models. The stock has seen some volatility, with some analysts predicting a short signal and a 100% profitability based on three trades.

Keywords: AAPL, Apple, Goldman Sachs, price target, recession, earnings report, iPhone, stock market, volatility, short signal, profitability.

Note: The news data is noisy and contains various unrelated information, but the above summary and keywords are extracted based on the relevant information related to AAPL stock",Positive
48,BABA,2022-07-06,"[2022-06-29] Summary: 
The news mentions various stocks, but the main focus is on BABA (Alibaba Group Holding Limited). There are mentions of price targets, analyst predictions, and unusual activity in the stock. Some tweets mention BABA's performance in relation to other stocks, such as Amazon and Tesla. There are also mentions of trading and options activity, including unusual volume and block trades.

Keywords: 
- BABA
- Alibaba Group Holding Limited
- Stock price
- Analyst price target
- Options activity
- Trading volume
- Unusual activity
- Block trade
- $118.55 (current stock price)
- $145 (strike price for calls)
- 09/16/2022 (expiration date for options)
- 3,500 (number of contracts traded)
[2022-06-30] Summary: 
The news articles mention Alibaba Group (BABA) stock in various contexts, including price targets, market trends, and analyst recommendations. Some articles suggest that BABA is experiencing a decline, with one article stating it is down 75% from its all-time high. However, other articles mention analyst price targets and bullish trends, indicating potential for a rebound.

Keywords: 
- BABA
- Alibaba Group
- Stock price
- Market trends
- Analyst recommendations
- Price targets
- Bullish trends
- Bearish trends
- Stock decline
- Market performance

Note: The news articles are mostly related to stock market and financial news, with some articles promoting a website or social media group. The relevant information for BABA stock is extracted and summarized above.
[2022-07-01] Summary: 
The news suggests that Alibaba Group Holding Limited (BABA) is expected to have a significant price movement, possibly a bull market, in the near future. Analysts have set a high price target for BABA, and the stock has seen a substantial increase in revenues since 2020. There are also unusual activity alerts on BABA options, with a large number of put contracts traded. However, the news is mostly speculative and based on social media posts and analyst predictions.

Keywords: 
- BABA
- Alibaba Group Holding Limited
- Bull market
- Analyst price target
- Unusual options activity
- Revenue increase
- Stock price movement
- $BABA
- $KWEB
- $NVDA
- $TSLA
- $AMZN
[2022-07-05] Summary: 
The news suggests that BABA (Alibaba Group) stock is expected to have a breakout this week, with some resistance at 120-121. The tariff news is expected to be released this week, which could push the stock price to 130. There are also mentions of price targets, with JPMorgan Chase & Co. raising its target from $130.00 to $140.00, representing a 20.11% upside. The stock is also mentioned in various trending lists and watchlists, including a ""whisperer"" who has been crushing the name.

Keywords: 
- BABA
- Breakout
- Tariff news
- Price target
- JPMorgan Chase & Co.
- $130
- $140
- Resistance at
[2022-07-06] Summary: 
Alibaba Group's stock, $BABA, has been trending downwards with a 0.899% decrease. The stock has been mentioned in various news and discussions, including a potential breakout, earnings reports, and price targets. Analysts have reiterated their bullish calls for $BABA, suggesting more gains may be in store. However, some traders are shorting the stock, and there are mixed signals from technical analysis.

Keywords: 
- $BABA
- Alibaba Group
- Stock
- Earnings reports
- Price targets
- Breakout
- Bullish calls
- Shorting
- Technical analysis
- Trading
- Profit
- Breakout
- Resistance
- Support
- FOMC Minutes
- Revenues
- Increase
- PT",Negative
49,AAPL,2022-07-07,"[2022-06-30] Summary: 
Apple's stock (AAPL) has been in the news due to various reasons. The company's former director of corporate law has admitted to insider trading, which has raised concerns about the company's internal controls. Additionally, Apple has announced that it will allow South Korean developers to use third-party payment systems, which will take a 26% cut. The stock has also been affected by the overall market trends, with a decline in its value. 

Keywords: 
- Apple (AAPL)
- Insider trading
- Corporate law
- South Korea
- Payment systems
- Market trends
- Stock value
- iPhone
- Recession
- Inflation
- Dividend stocks
- Trading
- Stocks
- Finance
- Investing
- Wall Street
- Bitcoin
[2022-07-01] Summary: 
Apple's stock ($AAPL) has been mentioned in various news and updates, including a price target of $200 per share from J.P. Morgan Securities analyst Samik Chatterjee, who reiterated an ""overweight"" rating on the company. Apple's former corporate secretary and director of corporate law has admitted to engaging in insider trading. The company's iPhone 13 price has been raised nearly 20% in Japan due to the yen's plunge. Apple's stock has been trending on various platforms, including the S&P 500 and Nasdaq 100, with a slight increase in price. There have been mentions of insider trading and production cuts at Apple, but no concrete evidence has been found.

Keywords: 
- $AAPL (Apple stock)
- Insider trading
-
[2022-07-05] Summary: 
Apple's stock price is currently around $137-$138, which some analysts consider a good buy due to its 20%+ drop from its all-time high in December 2021. However, others believe that the stock market may experience a significant downturn once a full recession is announced. There are various predictions and opinions about Apple's stock performance, with some analysts suggesting a potential break of $144 to negate a bearish triangle, while others believe that the company's revenue growth is strong. Additionally, there are mentions of Apple's earnings reports, analyst price targets, and unusual activity in the stock.

Keywords: 
- Apple (AAPL)
- Stock market
- Recession
- Earnings reports
- Analyst price targets
- Stock price
- Options trading
-
[2022-07-06] Summary: 
Apple (AAPL) stock has been trending upwards with some fluctuations. Goldman Sachs has cut its price target for AAPL to $130 from $157, with a bear case scenario of $82 in the event of a deeper recession. There have been various mentions of AAPL's performance, including a possible earnings report and the launch of new iPhone models. The stock has seen some volatility, with some analysts predicting a short signal and a 100% profitability based on three trades.

Keywords: AAPL, Apple, Goldman Sachs, price target, recession, earnings report, iPhone, stock market, volatility, short signal, profitability.

Note: The news data is noisy and contains various unrelated information, but the above summary and keywords are extracted based on the relevant information related to AAPL stock
[2022-07-07] Summary: 
The news is about Apple Inc. (AAPL) stock, with various updates and analysis from different sources. The news includes price targets, analyst ratings, and market trends. Some of the key points are:

- Goldman Sachs reiterated a Neutral rating for AAPL with a lower price target of $130.
- Morgan Stanley compared Apple's buyback to Tesla's capex/R&D spending.
- Apple's stock broke a down trend line, with a next resistance level at $145.50.
- The company's sentiment report shows a mix of positive and negative reviews for its products.
- Analysts have set a top price target for AAPL.
- The stock is trending higher, with a 2.1% gain.

Keywords: AAPL, Apple, stock, price target",Positive
50,BABA,2022-07-07,"[2022-06-30] Summary: 
The news articles mention Alibaba Group (BABA) stock in various contexts, including price targets, market trends, and analyst recommendations. Some articles suggest that BABA is experiencing a decline, with one article stating it is down 75% from its all-time high. However, other articles mention analyst price targets and bullish trends, indicating potential for a rebound.

Keywords: 
- BABA
- Alibaba Group
- Stock price
- Market trends
- Analyst recommendations
- Price targets
- Bullish trends
- Bearish trends
- Stock decline
- Market performance

Note: The news articles are mostly related to stock market and financial news, with some articles promoting a website or social media group. The relevant information for BABA stock is extracted and summarized above.
[2022-07-01] Summary: 
The news suggests that Alibaba Group Holding Limited (BABA) is expected to have a significant price movement, possibly a bull market, in the near future. Analysts have set a high price target for BABA, and the stock has seen a substantial increase in revenues since 2020. There are also unusual activity alerts on BABA options, with a large number of put contracts traded. However, the news is mostly speculative and based on social media posts and analyst predictions.

Keywords: 
- BABA
- Alibaba Group Holding Limited
- Bull market
- Analyst price target
- Unusual options activity
- Revenue increase
- Stock price movement
- $BABA
- $KWEB
- $NVDA
- $TSLA
- $AMZN
[2022-07-05] Summary: 
The news suggests that BABA (Alibaba Group) stock is expected to have a breakout this week, with some resistance at 120-121. The tariff news is expected to be released this week, which could push the stock price to 130. There are also mentions of price targets, with JPMorgan Chase & Co. raising its target from $130.00 to $140.00, representing a 20.11% upside. The stock is also mentioned in various trending lists and watchlists, including a ""whisperer"" who has been crushing the name.

Keywords: 
- BABA
- Breakout
- Tariff news
- Price target
- JPMorgan Chase & Co.
- $130
- $140
- Resistance at
[2022-07-06] Summary: 
Alibaba Group's stock, $BABA, has been trending downwards with a 0.899% decrease. The stock has been mentioned in various news and discussions, including a potential breakout, earnings reports, and price targets. Analysts have reiterated their bullish calls for $BABA, suggesting more gains may be in store. However, some traders are shorting the stock, and there are mixed signals from technical analysis.

Keywords: 
- $BABA
- Alibaba Group
- Stock
- Earnings reports
- Price targets
- Breakout
- Bullish calls
- Shorting
- Technical analysis
- Trading
- Profit
- Breakout
- Resistance
- Support
- FOMC Minutes
- Revenues
- Increase
- PT
[2022-07-07] Summary: 
The news articles and tweets are discussing the stock performance of BABA (Alibaba Group), with some analysts predicting a potential breakout and others discussing its recent price movements. Bank of America is mentioned as suggesting a ""Buy the Dip"" in Chinese equities, including BABA. Some users are sharing their own trading ideas and strategies, including buying BABA at a specific price and setting stop-losses. There are also mentions of earnings reports and stimulus packages in China that may impact the stock's performance.

Keywords: 
- BABA
- Alibaba Group
- Bank of America
- Buy the Dip
- Breakout
- Earnings reports
- Stimulus package
- China
- Stock performance
- Trading ideas
- Options trading
- Technical analysis
- Support and",Positive
51,BABA,2022-07-08,"[2022-07-01] Summary: 
The news suggests that Alibaba Group Holding Limited (BABA) is expected to have a significant price movement, possibly a bull market, in the near future. Analysts have set a high price target for BABA, and the stock has seen a substantial increase in revenues since 2020. There are also unusual activity alerts on BABA options, with a large number of put contracts traded. However, the news is mostly speculative and based on social media posts and analyst predictions.

Keywords: 
- BABA
- Alibaba Group Holding Limited
- Bull market
- Analyst price target
- Unusual options activity
- Revenue increase
- Stock price movement
- $BABA
- $KWEB
- $NVDA
- $TSLA
- $AMZN
[2022-07-05] Summary: 
The news suggests that BABA (Alibaba Group) stock is expected to have a breakout this week, with some resistance at 120-121. The tariff news is expected to be released this week, which could push the stock price to 130. There are also mentions of price targets, with JPMorgan Chase & Co. raising its target from $130.00 to $140.00, representing a 20.11% upside. The stock is also mentioned in various trending lists and watchlists, including a ""whisperer"" who has been crushing the name.

Keywords: 
- BABA
- Breakout
- Tariff news
- Price target
- JPMorgan Chase & Co.
- $130
- $140
- Resistance at
[2022-07-06] Summary: 
Alibaba Group's stock, $BABA, has been trending downwards with a 0.899% decrease. The stock has been mentioned in various news and discussions, including a potential breakout, earnings reports, and price targets. Analysts have reiterated their bullish calls for $BABA, suggesting more gains may be in store. However, some traders are shorting the stock, and there are mixed signals from technical analysis.

Keywords: 
- $BABA
- Alibaba Group
- Stock
- Earnings reports
- Price targets
- Breakout
- Bullish calls
- Shorting
- Technical analysis
- Trading
- Profit
- Breakout
- Resistance
- Support
- FOMC Minutes
- Revenues
- Increase
- PT
[2022-07-07] Summary: 
The news articles and tweets are discussing the stock performance of BABA (Alibaba Group), with some analysts predicting a potential breakout and others discussing its recent price movements. Bank of America is mentioned as suggesting a ""Buy the Dip"" in Chinese equities, including BABA. Some users are sharing their own trading ideas and strategies, including buying BABA at a specific price and setting stop-losses. There are also mentions of earnings reports and stimulus packages in China that may impact the stock's performance.

Keywords: 
- BABA
- Alibaba Group
- Bank of America
- Buy the Dip
- Breakout
- Earnings reports
- Stimulus package
- China
- Stock performance
- Trading ideas
- Options trading
- Technical analysis
- Support and
[2022-07-08] Summary: 
BABA stock has been trending downwards with a loss of 0.0899% and 0.9723% in the last two trending reports. However, some analysts are predicting a potential price increase, with one analyst setting a top price target for BABA. The stock has also been mentioned in various options flow streams and market reports, indicating ongoing interest in the stock.

Keywords: 
- BABA
- Stock market
- Options trading
- Technical analysis
- Analyst price target
- Market report
- Trending stock
- Loss
- Gain
- Price target
- Options flow stream
- Market interest",Negative
52,AAPL,2022-07-11,"[2022-07-05] Summary: 
Apple's stock price is currently around $137-$138, which some analysts consider a good buy due to its 20%+ drop from its all-time high in December 2021. However, others believe that the stock market may experience a significant downturn once a full recession is announced. There are various predictions and opinions about Apple's stock performance, with some analysts suggesting a potential break of $144 to negate a bearish triangle, while others believe that the company's revenue growth is strong. Additionally, there are mentions of Apple's earnings reports, analyst price targets, and unusual activity in the stock.

Keywords: 
- Apple (AAPL)
- Stock market
- Recession
- Earnings reports
- Analyst price targets
- Stock price
- Options trading
-
[2022-07-06] Summary: 
Apple (AAPL) stock has been trending upwards with some fluctuations. Goldman Sachs has cut its price target for AAPL to $130 from $157, with a bear case scenario of $82 in the event of a deeper recession. There have been various mentions of AAPL's performance, including a possible earnings report and the launch of new iPhone models. The stock has seen some volatility, with some analysts predicting a short signal and a 100% profitability based on three trades.

Keywords: AAPL, Apple, Goldman Sachs, price target, recession, earnings report, iPhone, stock market, volatility, short signal, profitability.

Note: The news data is noisy and contains various unrelated information, but the above summary and keywords are extracted based on the relevant information related to AAPL stock
[2022-07-07] Summary: 
The news is about Apple Inc. (AAPL) stock, with various updates and analysis from different sources. The news includes price targets, analyst ratings, and market trends. Some of the key points are:

- Goldman Sachs reiterated a Neutral rating for AAPL with a lower price target of $130.
- Morgan Stanley compared Apple's buyback to Tesla's capex/R&D spending.
- Apple's stock broke a down trend line, with a next resistance level at $145.50.
- The company's sentiment report shows a mix of positive and negative reviews for its products.
- Analysts have set a top price target for AAPL.
- The stock is trending higher, with a 2.1% gain.

Keywords: AAPL, Apple, stock, price target
[2022-07-08] Summary: 
The news is about Apple Inc. (AAPL) stock, with various mentions of its performance, price movements, and analyst predictions. The stock has been trending upwards, with some analysts predicting a potential rebound. There are also mentions of unusual option activity and trading volumes. Additionally, there are mentions of other stocks, such as Tesla (TSLA), Amazon (AMZN), and Meta (META), but the focus is primarily on AAPL.

Keywords: 
- AAPL
- Apple
- Stock
- Price
- Trend
- Analyst
- Prediction
- Options
- Trading
- Volume
- Tesla
- Amazon
- Meta
- DJIA
- S&P 500
- Nasdaq
- Inflation
- iPhone
- M2
[2022-07-11] Summary: 
The news is about Apple Inc. (AAPL) stock performance and market trends. The news mentions various market indices, such as the S&P 500, Nasdaq 100, and DJIA, and their performance. It also mentions individual stocks, including $AAPL, $TSLA, $AMZN, $GOOGL, $MSFT, $NVDA, $AMD, $BABA, $FB, $TWTR, $GME, $SPY, $QQQ, and $IWM. The news also mentions technical analysis, trading ideas, and market sentiment.

Keywords: 
- $AAPL (Apple Inc.)
- $TSLA (Tesla Inc.)
- $AMZN (Amazon Inc.)
- $GOOGL (",Negative
53,BABA,2022-07-11,"[2022-07-05] Summary: 
The news suggests that BABA (Alibaba Group) stock is expected to have a breakout this week, with some resistance at 120-121. The tariff news is expected to be released this week, which could push the stock price to 130. There are also mentions of price targets, with JPMorgan Chase & Co. raising its target from $130.00 to $140.00, representing a 20.11% upside. The stock is also mentioned in various trending lists and watchlists, including a ""whisperer"" who has been crushing the name.

Keywords: 
- BABA
- Breakout
- Tariff news
- Price target
- JPMorgan Chase & Co.
- $130
- $140
- Resistance at
[2022-07-06] Summary: 
Alibaba Group's stock, $BABA, has been trending downwards with a 0.899% decrease. The stock has been mentioned in various news and discussions, including a potential breakout, earnings reports, and price targets. Analysts have reiterated their bullish calls for $BABA, suggesting more gains may be in store. However, some traders are shorting the stock, and there are mixed signals from technical analysis.

Keywords: 
- $BABA
- Alibaba Group
- Stock
- Earnings reports
- Price targets
- Breakout
- Bullish calls
- Shorting
- Technical analysis
- Trading
- Profit
- Breakout
- Resistance
- Support
- FOMC Minutes
- Revenues
- Increase
- PT
[2022-07-07] Summary: 
The news articles and tweets are discussing the stock performance of BABA (Alibaba Group), with some analysts predicting a potential breakout and others discussing its recent price movements. Bank of America is mentioned as suggesting a ""Buy the Dip"" in Chinese equities, including BABA. Some users are sharing their own trading ideas and strategies, including buying BABA at a specific price and setting stop-losses. There are also mentions of earnings reports and stimulus packages in China that may impact the stock's performance.

Keywords: 
- BABA
- Alibaba Group
- Bank of America
- Buy the Dip
- Breakout
- Earnings reports
- Stimulus package
- China
- Stock performance
- Trading ideas
- Options trading
- Technical analysis
- Support and
[2022-07-08] Summary: 
BABA stock has been trending downwards with a loss of 0.0899% and 0.9723% in the last two trending reports. However, some analysts are predicting a potential price increase, with one analyst setting a top price target for BABA. The stock has also been mentioned in various options flow streams and market reports, indicating ongoing interest in the stock.

Keywords: 
- BABA
- Stock market
- Options trading
- Technical analysis
- Analyst price target
- Market report
- Trending stock
- Loss
- Gain
- Price target
- Options flow stream
- Market interest
[2022-07-11] Summary: 
Alibaba Group Holding Limited ($BABA) has been in the news due to various reasons such as fines, stock price movements, and analyst price targets. The company has been fined by China's market regulator, SAMR, for not properly reporting past deals. The stock price of $BABA has been affected, with a 6% drop in the Hang Seng Tech Index and a 9.01% decline in its stock price. Analysts have set a top price target for $BABA, and the company has been mentioned in various market reports and analyses.

Keywords: 
- Alibaba Group Holding Limited ($BABA)
- China's market regulator (SAMR)
- Fines
- Stock price movements
- Analyst price targets
- Hang Seng Tech Index",Negative
54,AAPL,2022-07-12,"[2022-07-06] Summary: 
Apple (AAPL) stock has been trending upwards with some fluctuations. Goldman Sachs has cut its price target for AAPL to $130 from $157, with a bear case scenario of $82 in the event of a deeper recession. There have been various mentions of AAPL's performance, including a possible earnings report and the launch of new iPhone models. The stock has seen some volatility, with some analysts predicting a short signal and a 100% profitability based on three trades.

Keywords: AAPL, Apple, Goldman Sachs, price target, recession, earnings report, iPhone, stock market, volatility, short signal, profitability.

Note: The news data is noisy and contains various unrelated information, but the above summary and keywords are extracted based on the relevant information related to AAPL stock
[2022-07-07] Summary: 
The news is about Apple Inc. (AAPL) stock, with various updates and analysis from different sources. The news includes price targets, analyst ratings, and market trends. Some of the key points are:

- Goldman Sachs reiterated a Neutral rating for AAPL with a lower price target of $130.
- Morgan Stanley compared Apple's buyback to Tesla's capex/R&D spending.
- Apple's stock broke a down trend line, with a next resistance level at $145.50.
- The company's sentiment report shows a mix of positive and negative reviews for its products.
- Analysts have set a top price target for AAPL.
- The stock is trending higher, with a 2.1% gain.

Keywords: AAPL, Apple, stock, price target
[2022-07-08] Summary: 
The news is about Apple Inc. (AAPL) stock, with various mentions of its performance, price movements, and analyst predictions. The stock has been trending upwards, with some analysts predicting a potential rebound. There are also mentions of unusual option activity and trading volumes. Additionally, there are mentions of other stocks, such as Tesla (TSLA), Amazon (AMZN), and Meta (META), but the focus is primarily on AAPL.

Keywords: 
- AAPL
- Apple
- Stock
- Price
- Trend
- Analyst
- Prediction
- Options
- Trading
- Volume
- Tesla
- Amazon
- Meta
- DJIA
- S&P 500
- Nasdaq
- Inflation
- iPhone
- M2
[2022-07-11] Summary: 
The news is about Apple Inc. (AAPL) stock performance and market trends. The news mentions various market indices, such as the S&P 500, Nasdaq 100, and DJIA, and their performance. It also mentions individual stocks, including $AAPL, $TSLA, $AMZN, $GOOGL, $MSFT, $NVDA, $AMD, $BABA, $FB, $TWTR, $GME, $SPY, $QQQ, and $IWM. The news also mentions technical analysis, trading ideas, and market sentiment.

Keywords: 
- $AAPL (Apple Inc.)
- $TSLA (Tesla Inc.)
- $AMZN (Amazon Inc.)
- $GOOGL (
[2022-07-12] Summary: 
The news is about Apple Inc. (AAPL) stock performance and market trends. The stock has seen a decline in 2022, with a return of -18%. There are various mentions of AAPL's performance in comparison to other stocks, such as GOOG, MSFT, and TSLA. Some analysts and traders are discussing AAPL's potential to rally, while others are warning of a possible decline. There are also mentions of AAPL's earnings reports, technical analysis, and sentiment reports.

Keywords: 
- AAPL
- Apple Inc.
- Stock performance
- Market trends
- Earnings reports
- Technical analysis
- Sentiment reports
- Trading
- Investing
- Stocks
- Options
- Market insights
- Financial news
-",Positive
55,AAPL,2022-07-14,"[2022-07-08] Summary: 
The news is about Apple Inc. (AAPL) stock, with various mentions of its performance, price movements, and analyst predictions. The stock has been trending upwards, with some analysts predicting a potential rebound. There are also mentions of unusual option activity and trading volumes. Additionally, there are mentions of other stocks, such as Tesla (TSLA), Amazon (AMZN), and Meta (META), but the focus is primarily on AAPL.

Keywords: 
- AAPL
- Apple
- Stock
- Price
- Trend
- Analyst
- Prediction
- Options
- Trading
- Volume
- Tesla
- Amazon
- Meta
- DJIA
- S&P 500
- Nasdaq
- Inflation
- iPhone
- M2
[2022-07-11] Summary: 
The news is about Apple Inc. (AAPL) stock performance and market trends. The news mentions various market indices, such as the S&P 500, Nasdaq 100, and DJIA, and their performance. It also mentions individual stocks, including $AAPL, $TSLA, $AMZN, $GOOGL, $MSFT, $NVDA, $AMD, $BABA, $FB, $TWTR, $GME, $SPY, $QQQ, and $IWM. The news also mentions technical analysis, trading ideas, and market sentiment.

Keywords: 
- $AAPL (Apple Inc.)
- $TSLA (Tesla Inc.)
- $AMZN (Amazon Inc.)
- $GOOGL (
[2022-07-12] Summary: 
The news is about Apple Inc. (AAPL) stock performance and market trends. The stock has seen a decline in 2022, with a return of -18%. There are various mentions of AAPL's performance in comparison to other stocks, such as GOOG, MSFT, and TSLA. Some analysts and traders are discussing AAPL's potential to rally, while others are warning of a possible decline. There are also mentions of AAPL's earnings reports, technical analysis, and sentiment reports.

Keywords: 
- AAPL
- Apple Inc.
- Stock performance
- Market trends
- Earnings reports
- Technical analysis
- Sentiment reports
- Trading
- Investing
- Stocks
- Options
- Market insights
- Financial news
-
[2022-07-13] Summary: 
The news is about Apple (AAPL) stock, with various mentions of its price movements, earnings reports, and market trends. There are also mentions of other stocks such as Tesla (TSLA), Amazon (AMZN), and Microsoft (MSFT). The news suggests that Apple's stock price has been volatile, with some analysts predicting a price target of $175. There are also mentions of Apple's iPhone sales and the company's supply chain.

Keywords: 
- AAPL
- Apple
- Stock
- Price
- Earnings
- Market
- Trend
- iPhone
- Supply chain
- Analysts
- Price target
- Volatility
- Inflation
- Rate hike
- Recession
- Economy
- CPI
- Options
[2022-07-14] Summary: 
Apple's stock ($AAPL) has been experiencing a strong bounce back from recent drops, with some analysts predicting a potential rally. The company's advertising business is expected to be worth $20B by 2026, according to BofA. Nancy Pelosi has been making trades, including selling $AAPL call options and exercising $NVDA call options. The stock has been trending upwards, with a 2.34% increase in the last 24 hours.

Keywords: 
- $AAPL
- Apple
- Nancy Pelosi
- Trades
- Stock market
- Rally
- Advertising business
- BofA
- $NVDA
- $TSLA
- $SPY
- $QQQ
- $AMZN
- $MS",Positive
56,BABA,2022-07-14,"[2022-07-08] Summary: 
BABA stock has been trending downwards with a loss of 0.0899% and 0.9723% in the last two trending reports. However, some analysts are predicting a potential price increase, with one analyst setting a top price target for BABA. The stock has also been mentioned in various options flow streams and market reports, indicating ongoing interest in the stock.

Keywords: 
- BABA
- Stock market
- Options trading
- Technical analysis
- Analyst price target
- Market report
- Trending stock
- Loss
- Gain
- Price target
- Options flow stream
- Market interest
[2022-07-11] Summary: 
Alibaba Group Holding Limited ($BABA) has been in the news due to various reasons such as fines, stock price movements, and analyst price targets. The company has been fined by China's market regulator, SAMR, for not properly reporting past deals. The stock price of $BABA has been affected, with a 6% drop in the Hang Seng Tech Index and a 9.01% decline in its stock price. Analysts have set a top price target for $BABA, and the company has been mentioned in various market reports and analyses.

Keywords: 
- Alibaba Group Holding Limited ($BABA)
- China's market regulator (SAMR)
- Fines
- Stock price movements
- Analyst price targets
- Hang Seng Tech Index
[2022-07-12] Summary: 
Alibaba Group (BABA) was fined by the government for less than a million dollars, resulting in a 27% market drop. The company's earnings reports are expected today before the market opens. There are various analyst price targets for BABA, ranging from $95 to $105. The stock is trending downwards, with a -0.794% change.

Keywords: 
- Alibaba Group (BABA)
- Fine
- Earnings reports
- Analyst price target
- Stock market
- Trending downwards
- Government regulation
- Stock price drop
- Market volatility
[2022-07-13] Summary: 
BABA (Alibaba Group) was fined $373,000 for its subsidiaries not reporting deals, leading to an approximately 8% decline in its share price. This news is a negative development for the company.

Keywords: BABA, Alibaba Group, fine, share price decline, Ray Dalio, WhaleWisdom.

Note: The other tweets in the news data are not relevant to BABA stock.
[2022-07-14] Summary: 
Alibaba Group Holding Ltd. (BABA) is facing challenges due to a regulatory crackdown in China. The company's executives have been called in for talks with Shanghai government officials over a massive police data theft. As a result, Alibaba is cutting over a third of its investment team. The company's stock price has been affected, with a significant drop in value.

Keywords: 
- Alibaba Group Holding Ltd. (BABA)
- Regulatory crackdown
- Shanghai government
- Police data theft
- Investment team cuts
- Stock price drop
- China
- $BABA",Negative
57,AAPL,2022-07-15,"[2022-07-11] Summary: 
The news is about Apple Inc. (AAPL) stock performance and market trends. The news mentions various market indices, such as the S&P 500, Nasdaq 100, and DJIA, and their performance. It also mentions individual stocks, including $AAPL, $TSLA, $AMZN, $GOOGL, $MSFT, $NVDA, $AMD, $BABA, $FB, $TWTR, $GME, $SPY, $QQQ, and $IWM. The news also mentions technical analysis, trading ideas, and market sentiment.

Keywords: 
- $AAPL (Apple Inc.)
- $TSLA (Tesla Inc.)
- $AMZN (Amazon Inc.)
- $GOOGL (
[2022-07-12] Summary: 
The news is about Apple Inc. (AAPL) stock performance and market trends. The stock has seen a decline in 2022, with a return of -18%. There are various mentions of AAPL's performance in comparison to other stocks, such as GOOG, MSFT, and TSLA. Some analysts and traders are discussing AAPL's potential to rally, while others are warning of a possible decline. There are also mentions of AAPL's earnings reports, technical analysis, and sentiment reports.

Keywords: 
- AAPL
- Apple Inc.
- Stock performance
- Market trends
- Earnings reports
- Technical analysis
- Sentiment reports
- Trading
- Investing
- Stocks
- Options
- Market insights
- Financial news
-
[2022-07-13] Summary: 
The news is about Apple (AAPL) stock, with various mentions of its price movements, earnings reports, and market trends. There are also mentions of other stocks such as Tesla (TSLA), Amazon (AMZN), and Microsoft (MSFT). The news suggests that Apple's stock price has been volatile, with some analysts predicting a price target of $175. There are also mentions of Apple's iPhone sales and the company's supply chain.

Keywords: 
- AAPL
- Apple
- Stock
- Price
- Earnings
- Market
- Trend
- iPhone
- Supply chain
- Analysts
- Price target
- Volatility
- Inflation
- Rate hike
- Recession
- Economy
- CPI
- Options
[2022-07-14] Summary: 
Apple's stock ($AAPL) has been experiencing a strong bounce back from recent drops, with some analysts predicting a potential rally. The company's advertising business is expected to be worth $20B by 2026, according to BofA. Nancy Pelosi has been making trades, including selling $AAPL call options and exercising $NVDA call options. The stock has been trending upwards, with a 2.34% increase in the last 24 hours.

Keywords: 
- $AAPL
- Apple
- Nancy Pelosi
- Trades
- Stock market
- Rally
- Advertising business
- BofA
- $NVDA
- $TSLA
- $SPY
- $QQQ
- $AMZN
- $MS
[2022-07-15] Summary: 
The news articles and tweets extracted from the given HTML data are mostly related to the stock market, particularly Apple (AAPL) and other major tech companies. The news includes updates on stock prices, earnings, analyst predictions, and market trends. Some articles also mention other stocks such as Tesla (TSLA), Amazon (AMZN), Microsoft (MSFT), and Google (GOOGL). The overall sentiment of the news is neutral to positive, with some articles highlighting the potential for Apple to break through the €150 mark and others discussing the company's revenue and employee performance.

Keywords: 
AAPL, Apple, stock market, earnings, analyst predictions, stock prices, market trends, tech companies, Tesla, Amazon, Microsoft, Google.

Relevant news articles:
- Apple's",Positive
58,BABA,2022-07-15,"[2022-07-11] Summary: 
Alibaba Group Holding Limited ($BABA) has been in the news due to various reasons such as fines, stock price movements, and analyst price targets. The company has been fined by China's market regulator, SAMR, for not properly reporting past deals. The stock price of $BABA has been affected, with a 6% drop in the Hang Seng Tech Index and a 9.01% decline in its stock price. Analysts have set a top price target for $BABA, and the company has been mentioned in various market reports and analyses.

Keywords: 
- Alibaba Group Holding Limited ($BABA)
- China's market regulator (SAMR)
- Fines
- Stock price movements
- Analyst price targets
- Hang Seng Tech Index
[2022-07-12] Summary: 
Alibaba Group (BABA) was fined by the government for less than a million dollars, resulting in a 27% market drop. The company's earnings reports are expected today before the market opens. There are various analyst price targets for BABA, ranging from $95 to $105. The stock is trending downwards, with a -0.794% change.

Keywords: 
- Alibaba Group (BABA)
- Fine
- Earnings reports
- Analyst price target
- Stock market
- Trending downwards
- Government regulation
- Stock price drop
- Market volatility
[2022-07-13] Summary: 
BABA (Alibaba Group) was fined $373,000 for its subsidiaries not reporting deals, leading to an approximately 8% decline in its share price. This news is a negative development for the company.

Keywords: BABA, Alibaba Group, fine, share price decline, Ray Dalio, WhaleWisdom.

Note: The other tweets in the news data are not relevant to BABA stock.
[2022-07-14] Summary: 
Alibaba Group Holding Ltd. (BABA) is facing challenges due to a regulatory crackdown in China. The company's executives have been called in for talks with Shanghai government officials over a massive police data theft. As a result, Alibaba is cutting over a third of its investment team. The company's stock price has been affected, with a significant drop in value.

Keywords: 
- Alibaba Group Holding Ltd. (BABA)
- Regulatory crackdown
- Shanghai government
- Police data theft
- Investment team cuts
- Stock price drop
- China
- $BABA
[2022-07-15] Summary: Alibaba Group (BABA) stock price tumbled as much as 5.8% on Friday due to a report that the company faces an inquiry in China. The company's executives were called in by Chinese authorities over police data theft. There is a stage 1 base forming in the stock, which can go on for months.

Keywords: Alibaba Group, BABA, stock price, China, inquiry, police data theft, stage 1 base, stock market, trading.",Negative
59,AAPL,2022-07-18,"[2022-07-12] Summary: 
The news is about Apple Inc. (AAPL) stock performance and market trends. The stock has seen a decline in 2022, with a return of -18%. There are various mentions of AAPL's performance in comparison to other stocks, such as GOOG, MSFT, and TSLA. Some analysts and traders are discussing AAPL's potential to rally, while others are warning of a possible decline. There are also mentions of AAPL's earnings reports, technical analysis, and sentiment reports.

Keywords: 
- AAPL
- Apple Inc.
- Stock performance
- Market trends
- Earnings reports
- Technical analysis
- Sentiment reports
- Trading
- Investing
- Stocks
- Options
- Market insights
- Financial news
-
[2022-07-13] Summary: 
The news is about Apple (AAPL) stock, with various mentions of its price movements, earnings reports, and market trends. There are also mentions of other stocks such as Tesla (TSLA), Amazon (AMZN), and Microsoft (MSFT). The news suggests that Apple's stock price has been volatile, with some analysts predicting a price target of $175. There are also mentions of Apple's iPhone sales and the company's supply chain.

Keywords: 
- AAPL
- Apple
- Stock
- Price
- Earnings
- Market
- Trend
- iPhone
- Supply chain
- Analysts
- Price target
- Volatility
- Inflation
- Rate hike
- Recession
- Economy
- CPI
- Options
[2022-07-14] Summary: 
Apple's stock ($AAPL) has been experiencing a strong bounce back from recent drops, with some analysts predicting a potential rally. The company's advertising business is expected to be worth $20B by 2026, according to BofA. Nancy Pelosi has been making trades, including selling $AAPL call options and exercising $NVDA call options. The stock has been trending upwards, with a 2.34% increase in the last 24 hours.

Keywords: 
- $AAPL
- Apple
- Nancy Pelosi
- Trades
- Stock market
- Rally
- Advertising business
- BofA
- $NVDA
- $TSLA
- $SPY
- $QQQ
- $AMZN
- $MS
[2022-07-15] Summary: 
The news articles and tweets extracted from the given HTML data are mostly related to the stock market, particularly Apple (AAPL) and other major tech companies. The news includes updates on stock prices, earnings, analyst predictions, and market trends. Some articles also mention other stocks such as Tesla (TSLA), Amazon (AMZN), Microsoft (MSFT), and Google (GOOGL). The overall sentiment of the news is neutral to positive, with some articles highlighting the potential for Apple to break through the €150 mark and others discussing the company's revenue and employee performance.

Keywords: 
AAPL, Apple, stock market, earnings, analyst predictions, stock prices, market trends, tech companies, Tesla, Amazon, Microsoft, Google.

Relevant news articles:
- Apple's
[2022-07-18] Summary: 
Apple (AAPL) stock is experiencing a mixed reaction to recent news. The company plans to slow hiring and spending for some teams in 2023, which has led to a decline in the stock price. However, the company's iPhone remains in high demand despite inflation pressure. There are also rumors of a potential lawsuit against Apple over antitrust violations related to Apple Pay.

Keywords: 
- Apple (AAPL)
- Hiring and spending
- Antitrust violations
- Apple Pay
- iPhone
- Inflation
- Stock price
- Lawsuit
- Earnings season
- Recession fears
- Stock market crash

Note: The news is mostly related to Apple (AAPL) stock, but there are also mentions of other stocks and market trends.",Negative
60,BABA,2022-07-18,"[2022-07-12] Summary: 
Alibaba Group (BABA) was fined by the government for less than a million dollars, resulting in a 27% market drop. The company's earnings reports are expected today before the market opens. There are various analyst price targets for BABA, ranging from $95 to $105. The stock is trending downwards, with a -0.794% change.

Keywords: 
- Alibaba Group (BABA)
- Fine
- Earnings reports
- Analyst price target
- Stock market
- Trending downwards
- Government regulation
- Stock price drop
- Market volatility
[2022-07-13] Summary: 
BABA (Alibaba Group) was fined $373,000 for its subsidiaries not reporting deals, leading to an approximately 8% decline in its share price. This news is a negative development for the company.

Keywords: BABA, Alibaba Group, fine, share price decline, Ray Dalio, WhaleWisdom.

Note: The other tweets in the news data are not relevant to BABA stock.
[2022-07-14] Summary: 
Alibaba Group Holding Ltd. (BABA) is facing challenges due to a regulatory crackdown in China. The company's executives have been called in for talks with Shanghai government officials over a massive police data theft. As a result, Alibaba is cutting over a third of its investment team. The company's stock price has been affected, with a significant drop in value.

Keywords: 
- Alibaba Group Holding Ltd. (BABA)
- Regulatory crackdown
- Shanghai government
- Police data theft
- Investment team cuts
- Stock price drop
- China
- $BABA
[2022-07-15] Summary: Alibaba Group (BABA) stock price tumbled as much as 5.8% on Friday due to a report that the company faces an inquiry in China. The company's executives were called in by Chinese authorities over police data theft. There is a stage 1 base forming in the stock, which can go on for months.

Keywords: Alibaba Group, BABA, stock price, China, inquiry, police data theft, stage 1 base, stock market, trading.
[2022-07-18] Summary: 
The news is about various stocks, but the main focus is on BABA (Alibaba Group), a Chinese multinational conglomerate. The news includes price targets, market analysis, and trading tips. There is no specific news about BABA's performance, but it is mentioned in several tweets as a notable stock.

Keywords: 
- BABA
- Alibaba Group
- Stock market
- Trading
- Price target
- Market analysis
- Technical stocks analysis
- Consumer Discretionary stocks
- China

Note: The news is quite noisy due to the HTML extraction, but the above summary and keywords are the most relevant information that can be extracted.",Positive
61,AAPL,2022-07-19,"[2022-07-13] Summary: 
The news is about Apple (AAPL) stock, with various mentions of its price movements, earnings reports, and market trends. There are also mentions of other stocks such as Tesla (TSLA), Amazon (AMZN), and Microsoft (MSFT). The news suggests that Apple's stock price has been volatile, with some analysts predicting a price target of $175. There are also mentions of Apple's iPhone sales and the company's supply chain.

Keywords: 
- AAPL
- Apple
- Stock
- Price
- Earnings
- Market
- Trend
- iPhone
- Supply chain
- Analysts
- Price target
- Volatility
- Inflation
- Rate hike
- Recession
- Economy
- CPI
- Options
[2022-07-14] Summary: 
Apple's stock ($AAPL) has been experiencing a strong bounce back from recent drops, with some analysts predicting a potential rally. The company's advertising business is expected to be worth $20B by 2026, according to BofA. Nancy Pelosi has been making trades, including selling $AAPL call options and exercising $NVDA call options. The stock has been trending upwards, with a 2.34% increase in the last 24 hours.

Keywords: 
- $AAPL
- Apple
- Nancy Pelosi
- Trades
- Stock market
- Rally
- Advertising business
- BofA
- $NVDA
- $TSLA
- $SPY
- $QQQ
- $AMZN
- $MS
[2022-07-15] Summary: 
The news articles and tweets extracted from the given HTML data are mostly related to the stock market, particularly Apple (AAPL) and other major tech companies. The news includes updates on stock prices, earnings, analyst predictions, and market trends. Some articles also mention other stocks such as Tesla (TSLA), Amazon (AMZN), Microsoft (MSFT), and Google (GOOGL). The overall sentiment of the news is neutral to positive, with some articles highlighting the potential for Apple to break through the €150 mark and others discussing the company's revenue and employee performance.

Keywords: 
AAPL, Apple, stock market, earnings, analyst predictions, stock prices, market trends, tech companies, Tesla, Amazon, Microsoft, Google.

Relevant news articles:
- Apple's
[2022-07-18] Summary: 
Apple (AAPL) stock is experiencing a mixed reaction to recent news. The company plans to slow hiring and spending for some teams in 2023, which has led to a decline in the stock price. However, the company's iPhone remains in high demand despite inflation pressure. There are also rumors of a potential lawsuit against Apple over antitrust violations related to Apple Pay.

Keywords: 
- Apple (AAPL)
- Hiring and spending
- Antitrust violations
- Apple Pay
- iPhone
- Inflation
- Stock price
- Lawsuit
- Earnings season
- Recession fears
- Stock market crash

Note: The news is mostly related to Apple (AAPL) stock, but there are also mentions of other stocks and market trends.
[2022-07-19] Summary: 
The news articles and tweets are discussing the stock market, particularly Apple (AAPL), and its potential performance. Some articles mention the possibility of Apple breaking through the 155 price point and pushing above the 200-day moving average, while others discuss the company's earnings reports, stock prices, and analyst predictions. There are also mentions of other stocks, such as Tesla (TSLA), Amazon (AMZN), and Microsoft (MSFT), but the focus is primarily on AAPL.

Keywords: 
- AAPL
- Apple
- Stock market
- Earnings reports
- Stock prices
- Analyst predictions
- 200-day moving average
- $AAPL
- $TSLA
- $AMZN
- $MSFT
- $SPY",Positive
62,BABA,2022-07-19,"[2022-07-13] Summary: 
BABA (Alibaba Group) was fined $373,000 for its subsidiaries not reporting deals, leading to an approximately 8% decline in its share price. This news is a negative development for the company.

Keywords: BABA, Alibaba Group, fine, share price decline, Ray Dalio, WhaleWisdom.

Note: The other tweets in the news data are not relevant to BABA stock.
[2022-07-14] Summary: 
Alibaba Group Holding Ltd. (BABA) is facing challenges due to a regulatory crackdown in China. The company's executives have been called in for talks with Shanghai government officials over a massive police data theft. As a result, Alibaba is cutting over a third of its investment team. The company's stock price has been affected, with a significant drop in value.

Keywords: 
- Alibaba Group Holding Ltd. (BABA)
- Regulatory crackdown
- Shanghai government
- Police data theft
- Investment team cuts
- Stock price drop
- China
- $BABA
[2022-07-15] Summary: Alibaba Group (BABA) stock price tumbled as much as 5.8% on Friday due to a report that the company faces an inquiry in China. The company's executives were called in by Chinese authorities over police data theft. There is a stage 1 base forming in the stock, which can go on for months.

Keywords: Alibaba Group, BABA, stock price, China, inquiry, police data theft, stage 1 base, stock market, trading.
[2022-07-18] Summary: 
The news is about various stocks, but the main focus is on BABA (Alibaba Group), a Chinese multinational conglomerate. The news includes price targets, market analysis, and trading tips. There is no specific news about BABA's performance, but it is mentioned in several tweets as a notable stock.

Keywords: 
- BABA
- Alibaba Group
- Stock market
- Trading
- Price target
- Market analysis
- Technical stocks analysis
- Consumer Discretionary stocks
- China

Note: The news is quite noisy due to the HTML extraction, but the above summary and keywords are the most relevant information that can be extracted.
[2022-07-19] Summary: 
The news articles mention BABA (Alibaba Group) stock multiple times, with some articles discussing its earnings forecast, analyst price targets, and technical analysis. There is also a mention of BABA being one of the top revenue sources for tech firms. Additionally, some articles mention other stocks such as NFLX, AAPL, AMZN, GOOGL, and META, but the focus is primarily on BABA.

Keywords: 
- BABA
- Alibaba Group
- Earnings forecast
- Analyst price targets
- Technical analysis
- Revenue sources
- Stock market
- Trading
- Stocks
- Finance

Note: The news articles are mostly promotional and do not provide in-depth information about BABA's Q2 earnings.",Positive
63,AAPL,2022-07-20,"[2022-07-14] Summary: 
Apple's stock ($AAPL) has been experiencing a strong bounce back from recent drops, with some analysts predicting a potential rally. The company's advertising business is expected to be worth $20B by 2026, according to BofA. Nancy Pelosi has been making trades, including selling $AAPL call options and exercising $NVDA call options. The stock has been trending upwards, with a 2.34% increase in the last 24 hours.

Keywords: 
- $AAPL
- Apple
- Nancy Pelosi
- Trades
- Stock market
- Rally
- Advertising business
- BofA
- $NVDA
- $TSLA
- $SPY
- $QQQ
- $AMZN
- $MS
[2022-07-15] Summary: 
The news articles and tweets extracted from the given HTML data are mostly related to the stock market, particularly Apple (AAPL) and other major tech companies. The news includes updates on stock prices, earnings, analyst predictions, and market trends. Some articles also mention other stocks such as Tesla (TSLA), Amazon (AMZN), Microsoft (MSFT), and Google (GOOGL). The overall sentiment of the news is neutral to positive, with some articles highlighting the potential for Apple to break through the €150 mark and others discussing the company's revenue and employee performance.

Keywords: 
AAPL, Apple, stock market, earnings, analyst predictions, stock prices, market trends, tech companies, Tesla, Amazon, Microsoft, Google.

Relevant news articles:
- Apple's
[2022-07-18] Summary: 
Apple (AAPL) stock is experiencing a mixed reaction to recent news. The company plans to slow hiring and spending for some teams in 2023, which has led to a decline in the stock price. However, the company's iPhone remains in high demand despite inflation pressure. There are also rumors of a potential lawsuit against Apple over antitrust violations related to Apple Pay.

Keywords: 
- Apple (AAPL)
- Hiring and spending
- Antitrust violations
- Apple Pay
- iPhone
- Inflation
- Stock price
- Lawsuit
- Earnings season
- Recession fears
- Stock market crash

Note: The news is mostly related to Apple (AAPL) stock, but there are also mentions of other stocks and market trends.
[2022-07-19] Summary: 
The news articles and tweets are discussing the stock market, particularly Apple (AAPL), and its potential performance. Some articles mention the possibility of Apple breaking through the 155 price point and pushing above the 200-day moving average, while others discuss the company's earnings reports, stock prices, and analyst predictions. There are also mentions of other stocks, such as Tesla (TSLA), Amazon (AMZN), and Microsoft (MSFT), but the focus is primarily on AAPL.

Keywords: 
- AAPL
- Apple
- Stock market
- Earnings reports
- Stock prices
- Analyst predictions
- 200-day moving average
- $AAPL
- $TSLA
- $AMZN
- $MSFT
- $SPY
[2022-07-20] Summary: 
The news is about the performance of various stocks, including AAPL, in the last 30 days. The stocks that have performed well are $MSFT, $TSLA, $SPY, $NVDA, $QQQ, $AAPL, $AMZN, $GME, and $AMC. The news also mentions that $AAPL is set for a run up and has a price target of $200. Additionally, there are reports of earnings and new product releases from $AAPL.

Keywords: 
- AAPL
- Stocks
- Performance
- Bullish
- Bearish
- Earnings
- Price target
- New product releases
- Apple
- iOS
- iPadOS
- macOS
- watchOS
-",Positive
64,BABA,2022-07-20,"[2022-07-14] Summary: 
Alibaba Group Holding Ltd. (BABA) is facing challenges due to a regulatory crackdown in China. The company's executives have been called in for talks with Shanghai government officials over a massive police data theft. As a result, Alibaba is cutting over a third of its investment team. The company's stock price has been affected, with a significant drop in value.

Keywords: 
- Alibaba Group Holding Ltd. (BABA)
- Regulatory crackdown
- Shanghai government
- Police data theft
- Investment team cuts
- Stock price drop
- China
- $BABA
[2022-07-15] Summary: Alibaba Group (BABA) stock price tumbled as much as 5.8% on Friday due to a report that the company faces an inquiry in China. The company's executives were called in by Chinese authorities over police data theft. There is a stage 1 base forming in the stock, which can go on for months.

Keywords: Alibaba Group, BABA, stock price, China, inquiry, police data theft, stage 1 base, stock market, trading.
[2022-07-18] Summary: 
The news is about various stocks, but the main focus is on BABA (Alibaba Group), a Chinese multinational conglomerate. The news includes price targets, market analysis, and trading tips. There is no specific news about BABA's performance, but it is mentioned in several tweets as a notable stock.

Keywords: 
- BABA
- Alibaba Group
- Stock market
- Trading
- Price target
- Market analysis
- Technical stocks analysis
- Consumer Discretionary stocks
- China

Note: The news is quite noisy due to the HTML extraction, but the above summary and keywords are the most relevant information that can be extracted.
[2022-07-19] Summary: 
The news articles mention BABA (Alibaba Group) stock multiple times, with some articles discussing its earnings forecast, analyst price targets, and technical analysis. There is also a mention of BABA being one of the top revenue sources for tech firms. Additionally, some articles mention other stocks such as NFLX, AAPL, AMZN, GOOGL, and META, but the focus is primarily on BABA.

Keywords: 
- BABA
- Alibaba Group
- Earnings forecast
- Analyst price targets
- Technical analysis
- Revenue sources
- Stock market
- Trading
- Stocks
- Finance

Note: The news articles are mostly promotional and do not provide in-depth information about BABA's Q2 earnings.
[2022-07-20] Summary: 
The news is about the stock market, specifically mentioning several stocks, including $BABA, and their potential price movements. There are mentions of analyst price targets, market trends, and stock trading. The news also includes links to external websites and social media posts.

Keywords: 
- $BABA
- Stock market
- Analyst price target
- Market trend
- Stock trading
- $AAPL
- $TSLA
- $AMZN
- $FB
- $NFLX
- $SPY
- $MSFT
- $NVDA
- $TWTR
- $SOL

Note: The news is quite noisy and contains a lot of irrelevant information, but the above summary and keywords are the most relevant to the topic of $",Negative
65,AAPL,2022-07-21,"[2022-07-15] Summary: 
The news articles and tweets extracted from the given HTML data are mostly related to the stock market, particularly Apple (AAPL) and other major tech companies. The news includes updates on stock prices, earnings, analyst predictions, and market trends. Some articles also mention other stocks such as Tesla (TSLA), Amazon (AMZN), Microsoft (MSFT), and Google (GOOGL). The overall sentiment of the news is neutral to positive, with some articles highlighting the potential for Apple to break through the €150 mark and others discussing the company's revenue and employee performance.

Keywords: 
AAPL, Apple, stock market, earnings, analyst predictions, stock prices, market trends, tech companies, Tesla, Amazon, Microsoft, Google.

Relevant news articles:
- Apple's
[2022-07-18] Summary: 
Apple (AAPL) stock is experiencing a mixed reaction to recent news. The company plans to slow hiring and spending for some teams in 2023, which has led to a decline in the stock price. However, the company's iPhone remains in high demand despite inflation pressure. There are also rumors of a potential lawsuit against Apple over antitrust violations related to Apple Pay.

Keywords: 
- Apple (AAPL)
- Hiring and spending
- Antitrust violations
- Apple Pay
- iPhone
- Inflation
- Stock price
- Lawsuit
- Earnings season
- Recession fears
- Stock market crash

Note: The news is mostly related to Apple (AAPL) stock, but there are also mentions of other stocks and market trends.
[2022-07-19] Summary: 
The news articles and tweets are discussing the stock market, particularly Apple (AAPL), and its potential performance. Some articles mention the possibility of Apple breaking through the 155 price point and pushing above the 200-day moving average, while others discuss the company's earnings reports, stock prices, and analyst predictions. There are also mentions of other stocks, such as Tesla (TSLA), Amazon (AMZN), and Microsoft (MSFT), but the focus is primarily on AAPL.

Keywords: 
- AAPL
- Apple
- Stock market
- Earnings reports
- Stock prices
- Analyst predictions
- 200-day moving average
- $AAPL
- $TSLA
- $AMZN
- $MSFT
- $SPY
[2022-07-20] Summary: 
The news is about the performance of various stocks, including AAPL, in the last 30 days. The stocks that have performed well are $MSFT, $TSLA, $SPY, $NVDA, $QQQ, $AAPL, $AMZN, $GME, and $AMC. The news also mentions that $AAPL is set for a run up and has a price target of $200. Additionally, there are reports of earnings and new product releases from $AAPL.

Keywords: 
- AAPL
- Stocks
- Performance
- Bullish
- Bearish
- Earnings
- Price target
- New product releases
- Apple
- iOS
- iPadOS
- macOS
- watchOS
-
[2022-07-21] Summary: 
Morgan Stanley has a positive outlook on Apple (AAPL) stock, calling it a ""cheaper than a cup of coffee"" to reach a market cap of over $3 trillion. Apple's stock price has been trending upwards, with some analysts predicting a potential run-up. The company is set to report earnings before the market opens. There are also mentions of Apple's products, such as iPhones and MacBooks, and its competitors, such as Tesla (TSLA) and Amazon (AMZN).

Keywords: 
- AAPL
- Morgan Stanley
- Market cap
- Earnings
- iPhones
- MacBooks
- Tesla
- Amazon
- Stock price
- Run-up
- Earnings report
- Apple products
- Competitors

Note:",Positive
66,BABA,2022-07-21,"[2022-07-15] Summary: Alibaba Group (BABA) stock price tumbled as much as 5.8% on Friday due to a report that the company faces an inquiry in China. The company's executives were called in by Chinese authorities over police data theft. There is a stage 1 base forming in the stock, which can go on for months.

Keywords: Alibaba Group, BABA, stock price, China, inquiry, police data theft, stage 1 base, stock market, trading.
[2022-07-18] Summary: 
The news is about various stocks, but the main focus is on BABA (Alibaba Group), a Chinese multinational conglomerate. The news includes price targets, market analysis, and trading tips. There is no specific news about BABA's performance, but it is mentioned in several tweets as a notable stock.

Keywords: 
- BABA
- Alibaba Group
- Stock market
- Trading
- Price target
- Market analysis
- Technical stocks analysis
- Consumer Discretionary stocks
- China

Note: The news is quite noisy due to the HTML extraction, but the above summary and keywords are the most relevant information that can be extracted.
[2022-07-19] Summary: 
The news articles mention BABA (Alibaba Group) stock multiple times, with some articles discussing its earnings forecast, analyst price targets, and technical analysis. There is also a mention of BABA being one of the top revenue sources for tech firms. Additionally, some articles mention other stocks such as NFLX, AAPL, AMZN, GOOGL, and META, but the focus is primarily on BABA.

Keywords: 
- BABA
- Alibaba Group
- Earnings forecast
- Analyst price targets
- Technical analysis
- Revenue sources
- Stock market
- Trading
- Stocks
- Finance

Note: The news articles are mostly promotional and do not provide in-depth information about BABA's Q2 earnings.
[2022-07-20] Summary: 
The news is about the stock market, specifically mentioning several stocks, including $BABA, and their potential price movements. There are mentions of analyst price targets, market trends, and stock trading. The news also includes links to external websites and social media posts.

Keywords: 
- $BABA
- Stock market
- Analyst price target
- Market trend
- Stock trading
- $AAPL
- $TSLA
- $AMZN
- $FB
- $NFLX
- $SPY
- $MSFT
- $NVDA
- $TWTR
- $SOL

Note: The news is quite noisy and contains a lot of irrelevant information, but the above summary and keywords are the most relevant to the topic of $
[2022-07-21] Summary: 
The news is about stock market trends and analysis, specifically mentioning several stocks including $BABA, $AAPL, $TSLA, $AMZN, $NVDA, $TBLT, $ES, $QQQ, $AMD, $BA, $CRM, $CRWD, $DDOG, $ETSY, $RBLX, $META, $MDB, $MSFT, $AXP, $DPZ, $TGT, $IBM, $ABT, $SQ, $WMT, $GS, $DIA, $GME, $SNAP, $COIN, $RIVN, $BX, $PLTR, $NOK, $SAP, $ABB, $PARA, $",Positive
67,AAPL,2022-07-22,"[2022-07-18] Summary: 
Apple (AAPL) stock is experiencing a mixed reaction to recent news. The company plans to slow hiring and spending for some teams in 2023, which has led to a decline in the stock price. However, the company's iPhone remains in high demand despite inflation pressure. There are also rumors of a potential lawsuit against Apple over antitrust violations related to Apple Pay.

Keywords: 
- Apple (AAPL)
- Hiring and spending
- Antitrust violations
- Apple Pay
- iPhone
- Inflation
- Stock price
- Lawsuit
- Earnings season
- Recession fears
- Stock market crash

Note: The news is mostly related to Apple (AAPL) stock, but there are also mentions of other stocks and market trends.
[2022-07-19] Summary: 
The news articles and tweets are discussing the stock market, particularly Apple (AAPL), and its potential performance. Some articles mention the possibility of Apple breaking through the 155 price point and pushing above the 200-day moving average, while others discuss the company's earnings reports, stock prices, and analyst predictions. There are also mentions of other stocks, such as Tesla (TSLA), Amazon (AMZN), and Microsoft (MSFT), but the focus is primarily on AAPL.

Keywords: 
- AAPL
- Apple
- Stock market
- Earnings reports
- Stock prices
- Analyst predictions
- 200-day moving average
- $AAPL
- $TSLA
- $AMZN
- $MSFT
- $SPY
[2022-07-20] Summary: 
The news is about the performance of various stocks, including AAPL, in the last 30 days. The stocks that have performed well are $MSFT, $TSLA, $SPY, $NVDA, $QQQ, $AAPL, $AMZN, $GME, and $AMC. The news also mentions that $AAPL is set for a run up and has a price target of $200. Additionally, there are reports of earnings and new product releases from $AAPL.

Keywords: 
- AAPL
- Stocks
- Performance
- Bullish
- Bearish
- Earnings
- Price target
- New product releases
- Apple
- iOS
- iPadOS
- macOS
- watchOS
-
[2022-07-21] Summary: 
Morgan Stanley has a positive outlook on Apple (AAPL) stock, calling it a ""cheaper than a cup of coffee"" to reach a market cap of over $3 trillion. Apple's stock price has been trending upwards, with some analysts predicting a potential run-up. The company is set to report earnings before the market opens. There are also mentions of Apple's products, such as iPhones and MacBooks, and its competitors, such as Tesla (TSLA) and Amazon (AMZN).

Keywords: 
- AAPL
- Morgan Stanley
- Market cap
- Earnings
- iPhones
- MacBooks
- Tesla
- Amazon
- Stock price
- Run-up
- Earnings report
- Apple products
- Competitors

Note:
[2022-07-22] Summary: 
Apple (AAPL) is expected to announce its June quarter fiscal performance on July 28. The company's stock price has been trending, with some analysts predicting a potential breakout above $157. There are also rumors of Apple announcing services that turn phones into pay terminals. The company's sentiment report shows a mix of positive and negative reviews for its products, with iPhones and MacBooks receiving the most positive reviews.

Keywords: 
- AAPL
- Apple
- Earnings report
- Stock price
- Breakout
- Services
- Pay terminals
- Sentiment report
- Product reviews
- iPhones
- MacBooks
- Nasdaq
- S&P 500
- FOMC
- Earnings
- Big tech
- Automotive industry
- Crypt",Negative
68,BABA,2022-07-22,"[2022-07-18] Summary: 
The news is about various stocks, but the main focus is on BABA (Alibaba Group), a Chinese multinational conglomerate. The news includes price targets, market analysis, and trading tips. There is no specific news about BABA's performance, but it is mentioned in several tweets as a notable stock.

Keywords: 
- BABA
- Alibaba Group
- Stock market
- Trading
- Price target
- Market analysis
- Technical stocks analysis
- Consumer Discretionary stocks
- China

Note: The news is quite noisy due to the HTML extraction, but the above summary and keywords are the most relevant information that can be extracted.
[2022-07-19] Summary: 
The news articles mention BABA (Alibaba Group) stock multiple times, with some articles discussing its earnings forecast, analyst price targets, and technical analysis. There is also a mention of BABA being one of the top revenue sources for tech firms. Additionally, some articles mention other stocks such as NFLX, AAPL, AMZN, GOOGL, and META, but the focus is primarily on BABA.

Keywords: 
- BABA
- Alibaba Group
- Earnings forecast
- Analyst price targets
- Technical analysis
- Revenue sources
- Stock market
- Trading
- Stocks
- Finance

Note: The news articles are mostly promotional and do not provide in-depth information about BABA's Q2 earnings.
[2022-07-20] Summary: 
The news is about the stock market, specifically mentioning several stocks, including $BABA, and their potential price movements. There are mentions of analyst price targets, market trends, and stock trading. The news also includes links to external websites and social media posts.

Keywords: 
- $BABA
- Stock market
- Analyst price target
- Market trend
- Stock trading
- $AAPL
- $TSLA
- $AMZN
- $FB
- $NFLX
- $SPY
- $MSFT
- $NVDA
- $TWTR
- $SOL

Note: The news is quite noisy and contains a lot of irrelevant information, but the above summary and keywords are the most relevant to the topic of $
[2022-07-21] Summary: 
The news is about stock market trends and analysis, specifically mentioning several stocks including $BABA, $AAPL, $TSLA, $AMZN, $NVDA, $TBLT, $ES, $QQQ, $AMD, $BA, $CRM, $CRWD, $DDOG, $ETSY, $RBLX, $META, $MDB, $MSFT, $AXP, $DPZ, $TGT, $IBM, $ABT, $SQ, $WMT, $GS, $DIA, $GME, $SNAP, $COIN, $RIVN, $BX, $PLTR, $NOK, $SAP, $ABB, $PARA, $
[2022-07-22] Summary: 
Alibaba Group's stock ($BABA) is experiencing fluctuations in the market, with some analysts predicting a potential move. The stock has seen a significant drop in price, with a 1.56% loss. There are also reports of top analyst ratings and price targets for the week, as well as unusual activity in the options market, with a large trade volume in $BABA 185 puts. Additionally, the company is set to announce its June quarter 2022 results on August 4, 2022.

Keywords: 
- $BABA
- Alibaba Group
- Stock market
- Analyst ratings
- Price targets
- Options market
- Unusual activity
- Earnings announcement
- June quarter 2022 results
- August 4,",Negative
69,AAPL,2022-07-25,"[2022-07-19] Summary: 
The news articles and tweets are discussing the stock market, particularly Apple (AAPL), and its potential performance. Some articles mention the possibility of Apple breaking through the 155 price point and pushing above the 200-day moving average, while others discuss the company's earnings reports, stock prices, and analyst predictions. There are also mentions of other stocks, such as Tesla (TSLA), Amazon (AMZN), and Microsoft (MSFT), but the focus is primarily on AAPL.

Keywords: 
- AAPL
- Apple
- Stock market
- Earnings reports
- Stock prices
- Analyst predictions
- 200-day moving average
- $AAPL
- $TSLA
- $AMZN
- $MSFT
- $SPY
[2022-07-20] Summary: 
The news is about the performance of various stocks, including AAPL, in the last 30 days. The stocks that have performed well are $MSFT, $TSLA, $SPY, $NVDA, $QQQ, $AAPL, $AMZN, $GME, and $AMC. The news also mentions that $AAPL is set for a run up and has a price target of $200. Additionally, there are reports of earnings and new product releases from $AAPL.

Keywords: 
- AAPL
- Stocks
- Performance
- Bullish
- Bearish
- Earnings
- Price target
- New product releases
- Apple
- iOS
- iPadOS
- macOS
- watchOS
-
[2022-07-21] Summary: 
Morgan Stanley has a positive outlook on Apple (AAPL) stock, calling it a ""cheaper than a cup of coffee"" to reach a market cap of over $3 trillion. Apple's stock price has been trending upwards, with some analysts predicting a potential run-up. The company is set to report earnings before the market opens. There are also mentions of Apple's products, such as iPhones and MacBooks, and its competitors, such as Tesla (TSLA) and Amazon (AMZN).

Keywords: 
- AAPL
- Morgan Stanley
- Market cap
- Earnings
- iPhones
- MacBooks
- Tesla
- Amazon
- Stock price
- Run-up
- Earnings report
- Apple products
- Competitors

Note:
[2022-07-22] Summary: 
Apple (AAPL) is expected to announce its June quarter fiscal performance on July 28. The company's stock price has been trending, with some analysts predicting a potential breakout above $157. There are also rumors of Apple announcing services that turn phones into pay terminals. The company's sentiment report shows a mix of positive and negative reviews for its products, with iPhones and MacBooks receiving the most positive reviews.

Keywords: 
- AAPL
- Apple
- Earnings report
- Stock price
- Breakout
- Services
- Pay terminals
- Sentiment report
- Product reviews
- iPhones
- MacBooks
- Nasdaq
- S&P 500
- FOMC
- Earnings
- Big tech
- Automotive industry
- Crypt
[2022-07-25] Summary: 
This week is a significant week for the stock market, with many major companies announcing their earnings, including Apple ($AAPL), Microsoft ($MSFT), Alphabet ($GOOGL), Amazon ($AMZN), and Meta ($META). The Federal Reserve will also hold a meeting on Wednesday to decide on interest rates. Additionally, important economic data such as housing and consumer confidence numbers, GDP, and personal income and spending numbers will be released.

Keywords: $AAPL, $MSFT, $GOOGL, $AMZN, $META, FOMC, Earnings, Interest Rates, GDP, Consumer Confidence, Personal Income, Spending, Housing Numbers.

Note: The news is very noisy and contains a lot of irrelevant information, but the above summary and keywords are the most relevant",Negative
70,AAPL,2022-07-26,"[2022-07-20] Summary: 
The news is about the performance of various stocks, including AAPL, in the last 30 days. The stocks that have performed well are $MSFT, $TSLA, $SPY, $NVDA, $QQQ, $AAPL, $AMZN, $GME, and $AMC. The news also mentions that $AAPL is set for a run up and has a price target of $200. Additionally, there are reports of earnings and new product releases from $AAPL.

Keywords: 
- AAPL
- Stocks
- Performance
- Bullish
- Bearish
- Earnings
- Price target
- New product releases
- Apple
- iOS
- iPadOS
- macOS
- watchOS
-
[2022-07-21] Summary: 
Morgan Stanley has a positive outlook on Apple (AAPL) stock, calling it a ""cheaper than a cup of coffee"" to reach a market cap of over $3 trillion. Apple's stock price has been trending upwards, with some analysts predicting a potential run-up. The company is set to report earnings before the market opens. There are also mentions of Apple's products, such as iPhones and MacBooks, and its competitors, such as Tesla (TSLA) and Amazon (AMZN).

Keywords: 
- AAPL
- Morgan Stanley
- Market cap
- Earnings
- iPhones
- MacBooks
- Tesla
- Amazon
- Stock price
- Run-up
- Earnings report
- Apple products
- Competitors

Note:
[2022-07-22] Summary: 
Apple (AAPL) is expected to announce its June quarter fiscal performance on July 28. The company's stock price has been trending, with some analysts predicting a potential breakout above $157. There are also rumors of Apple announcing services that turn phones into pay terminals. The company's sentiment report shows a mix of positive and negative reviews for its products, with iPhones and MacBooks receiving the most positive reviews.

Keywords: 
- AAPL
- Apple
- Earnings report
- Stock price
- Breakout
- Services
- Pay terminals
- Sentiment report
- Product reviews
- iPhones
- MacBooks
- Nasdaq
- S&P 500
- FOMC
- Earnings
- Big tech
- Automotive industry
- Crypt
[2022-07-25] Summary: 
This week is a significant week for the stock market, with many major companies announcing their earnings, including Apple ($AAPL), Microsoft ($MSFT), Alphabet ($GOOGL), Amazon ($AMZN), and Meta ($META). The Federal Reserve will also hold a meeting on Wednesday to decide on interest rates. Additionally, important economic data such as housing and consumer confidence numbers, GDP, and personal income and spending numbers will be released.

Keywords: $AAPL, $MSFT, $GOOGL, $AMZN, $META, FOMC, Earnings, Interest Rates, GDP, Consumer Confidence, Personal Income, Spending, Housing Numbers.

Note: The news is very noisy and contains a lot of irrelevant information, but the above summary and keywords are the most relevant
[2022-07-26] Summary: 
Apple (AAPL) stock is expected to have a significant week with earnings reports and economic data releases. Analysts are predicting a potential price target of $185, down from $200, due to forex headwinds. The company is also expected to release its Q3 earnings, which may show a decline in EPS and sales growth. Some analysts are bearish on the stock, predicting a potential drop to $143.5, while others are bullish, expecting a challenge to $200. The stock has been trending downwards, with a 0.86% drop in the last 24 hours.

Keywords: AAPL, Apple, earnings, forex, Q3, EPS, sales growth, price target, stock market, trading, investing, finance.",Negative
71,AAPL,2022-07-27,"[2022-07-21] Summary: 
Morgan Stanley has a positive outlook on Apple (AAPL) stock, calling it a ""cheaper than a cup of coffee"" to reach a market cap of over $3 trillion. Apple's stock price has been trending upwards, with some analysts predicting a potential run-up. The company is set to report earnings before the market opens. There are also mentions of Apple's products, such as iPhones and MacBooks, and its competitors, such as Tesla (TSLA) and Amazon (AMZN).

Keywords: 
- AAPL
- Morgan Stanley
- Market cap
- Earnings
- iPhones
- MacBooks
- Tesla
- Amazon
- Stock price
- Run-up
- Earnings report
- Apple products
- Competitors

Note:
[2022-07-22] Summary: 
Apple (AAPL) is expected to announce its June quarter fiscal performance on July 28. The company's stock price has been trending, with some analysts predicting a potential breakout above $157. There are also rumors of Apple announcing services that turn phones into pay terminals. The company's sentiment report shows a mix of positive and negative reviews for its products, with iPhones and MacBooks receiving the most positive reviews.

Keywords: 
- AAPL
- Apple
- Earnings report
- Stock price
- Breakout
- Services
- Pay terminals
- Sentiment report
- Product reviews
- iPhones
- MacBooks
- Nasdaq
- S&P 500
- FOMC
- Earnings
- Big tech
- Automotive industry
- Crypt
[2022-07-25] Summary: 
This week is a significant week for the stock market, with many major companies announcing their earnings, including Apple ($AAPL), Microsoft ($MSFT), Alphabet ($GOOGL), Amazon ($AMZN), and Meta ($META). The Federal Reserve will also hold a meeting on Wednesday to decide on interest rates. Additionally, important economic data such as housing and consumer confidence numbers, GDP, and personal income and spending numbers will be released.

Keywords: $AAPL, $MSFT, $GOOGL, $AMZN, $META, FOMC, Earnings, Interest Rates, GDP, Consumer Confidence, Personal Income, Spending, Housing Numbers.

Note: The news is very noisy and contains a lot of irrelevant information, but the above summary and keywords are the most relevant
[2022-07-26] Summary: 
Apple (AAPL) stock is expected to have a significant week with earnings reports and economic data releases. Analysts are predicting a potential price target of $185, down from $200, due to forex headwinds. The company is also expected to release its Q3 earnings, which may show a decline in EPS and sales growth. Some analysts are bearish on the stock, predicting a potential drop to $143.5, while others are bullish, expecting a challenge to $200. The stock has been trending downwards, with a 0.86% drop in the last 24 hours.

Keywords: AAPL, Apple, earnings, forex, Q3, EPS, sales growth, price target, stock market, trading, investing, finance.
[2022-07-27] Summary: 
Apple (AAPL) is expected to release its earnings report on Thursday, and there is a mix of positive and negative sentiment around the stock. Some analysts are bullish on the company's electric car project, while others are concerned about the impact of the iPhone discount in China. The stock has been trending upwards, with a 1.75% increase in the last 24 hours. There are also discussions about the company's profitability and the potential for a recession.

Keywords: 
- AAPL
- Apple
- Earnings
- Electric car
- iPhone
- China
- Recession
- Profitability
- Sentiment
- Stock market
- Options trading
- Analysts
- Price target
- Inflation
- Federal Reserve
- NASDAQ",Positive
72,BABA,2022-07-27,"[2022-07-21] Summary: 
The news is about stock market trends and analysis, specifically mentioning several stocks including $BABA, $AAPL, $TSLA, $AMZN, $NVDA, $TBLT, $ES, $QQQ, $AMD, $BA, $CRM, $CRWD, $DDOG, $ETSY, $RBLX, $META, $MDB, $MSFT, $AXP, $DPZ, $TGT, $IBM, $ABT, $SQ, $WMT, $GS, $DIA, $GME, $SNAP, $COIN, $RIVN, $BX, $PLTR, $NOK, $SAP, $ABB, $PARA, $
[2022-07-22] Summary: 
Alibaba Group's stock ($BABA) is experiencing fluctuations in the market, with some analysts predicting a potential move. The stock has seen a significant drop in price, with a 1.56% loss. There are also reports of top analyst ratings and price targets for the week, as well as unusual activity in the options market, with a large trade volume in $BABA 185 puts. Additionally, the company is set to announce its June quarter 2022 results on August 4, 2022.

Keywords: 
- $BABA
- Alibaba Group
- Stock market
- Analyst ratings
- Price targets
- Options market
- Unusual activity
- Earnings announcement
- June quarter 2022 results
- August 4,
[2022-07-25] Summary: 
The news suggests that BABA (Alibaba Group) stock is expected to have a significant price movement, with some analysts predicting a ""big pop"" in the stock. There are also mentions of unusual call options being traded for BABA, indicating potential buying activity. Additionally, there are reports of a new strategy being planned by China to avoid US delistings, which could impact BABA's stock price.

Keywords: 
- BABA
- Alibaba Group
- Stock price movement
- Analyst predictions
- Unusual call options
- China's new strategy
- US delistings
- $BABA
- $JD
- $NTES
- $BIDU
- $BILI
- $WB
- $IQ
- $PDD
[2022-07-26] Summary: 
Alibaba Group, the parent company of $BABA, is pursuing a primary listing on the Hong Kong Stock Exchange, in addition to its existing US listing. This move is seen as a way to broaden its investor base and increase its global presence. The company's CEO, Daniel Zhang, has described the external environment as the ""most severe in decades"" in a letter to shareholders. The stock has seen significant price movements, with some analysts predicting a potential price target for this week. However, the company's valuation has been questioned by some, with Warren Buffett's intrinsic value formula suggesting that it is overvalued by 582%.

Keywords: 
- $BABA
- Alibaba Group
- Hong Kong Stock Exchange
- Primary listing
- Warren Buffett
- Intrinsic value
[2022-07-27] Summary: 
The news articles mention BABA (Alibaba Group) stock multiple times, indicating a significant interest in the stock. There are various mentions of analyst price targets, trading volumes, and market trends. Some articles discuss the stock's performance, with one article mentioning a 1.13% increase in the stock price. Another article mentions a top analyst price target for BABA, but the exact target is not specified. There are also mentions of other stocks, such as $SPY, $AMZN, $GOOG, and $TSLA, but the focus is primarily on BABA.

Keywords: 
- BABA
- Alibaba Group
- Analyst price target
- Stock performance
- Trading volume
- Market trends
- $SPY
- $AMZN",Positive
73,BABA,2022-07-28,"[2022-07-22] Summary: 
Alibaba Group's stock ($BABA) is experiencing fluctuations in the market, with some analysts predicting a potential move. The stock has seen a significant drop in price, with a 1.56% loss. There are also reports of top analyst ratings and price targets for the week, as well as unusual activity in the options market, with a large trade volume in $BABA 185 puts. Additionally, the company is set to announce its June quarter 2022 results on August 4, 2022.

Keywords: 
- $BABA
- Alibaba Group
- Stock market
- Analyst ratings
- Price targets
- Options market
- Unusual activity
- Earnings announcement
- June quarter 2022 results
- August 4,
[2022-07-25] Summary: 
The news suggests that BABA (Alibaba Group) stock is expected to have a significant price movement, with some analysts predicting a ""big pop"" in the stock. There are also mentions of unusual call options being traded for BABA, indicating potential buying activity. Additionally, there are reports of a new strategy being planned by China to avoid US delistings, which could impact BABA's stock price.

Keywords: 
- BABA
- Alibaba Group
- Stock price movement
- Analyst predictions
- Unusual call options
- China's new strategy
- US delistings
- $BABA
- $JD
- $NTES
- $BIDU
- $BILI
- $WB
- $IQ
- $PDD
[2022-07-26] Summary: 
Alibaba Group, the parent company of $BABA, is pursuing a primary listing on the Hong Kong Stock Exchange, in addition to its existing US listing. This move is seen as a way to broaden its investor base and increase its global presence. The company's CEO, Daniel Zhang, has described the external environment as the ""most severe in decades"" in a letter to shareholders. The stock has seen significant price movements, with some analysts predicting a potential price target for this week. However, the company's valuation has been questioned by some, with Warren Buffett's intrinsic value formula suggesting that it is overvalued by 582%.

Keywords: 
- $BABA
- Alibaba Group
- Hong Kong Stock Exchange
- Primary listing
- Warren Buffett
- Intrinsic value
[2022-07-27] Summary: 
The news articles mention BABA (Alibaba Group) stock multiple times, indicating a significant interest in the stock. There are various mentions of analyst price targets, trading volumes, and market trends. Some articles discuss the stock's performance, with one article mentioning a 1.13% increase in the stock price. Another article mentions a top analyst price target for BABA, but the exact target is not specified. There are also mentions of other stocks, such as $SPY, $AMZN, $GOOG, and $TSLA, but the focus is primarily on BABA.

Keywords: 
- BABA
- Alibaba Group
- Analyst price target
- Stock performance
- Trading volume
- Market trends
- $SPY
- $AMZN
[2022-07-28] Summary: 
Alibaba Group (BABA) stock is experiencing fluctuations in price, with some analysts predicting a potential increase in price target. Jack Ma, the CEO of Alibaba, is reportedly planning to relinquish control of Ant Group, a subsidiary of BABA, as part of the company's efforts to distance itself from the affiliate. The stock has been trending downward, with a 4.74% decrease in the last update.

Keywords: 
- BABA
- Alibaba
- Jack Ma
- Ant Group
- Stock price
- Price target
- Earnings season
- Trading
- Options
- Stock market
- Investing
- Wall Street
- NASDAQ
- NYSE
- Stock analysis
- Market trends
- Trading signals
- Market maker signals",Negative
74,AAPL,2022-07-29,"[2022-07-25] Summary: 
This week is a significant week for the stock market, with many major companies announcing their earnings, including Apple ($AAPL), Microsoft ($MSFT), Alphabet ($GOOGL), Amazon ($AMZN), and Meta ($META). The Federal Reserve will also hold a meeting on Wednesday to decide on interest rates. Additionally, important economic data such as housing and consumer confidence numbers, GDP, and personal income and spending numbers will be released.

Keywords: $AAPL, $MSFT, $GOOGL, $AMZN, $META, FOMC, Earnings, Interest Rates, GDP, Consumer Confidence, Personal Income, Spending, Housing Numbers.

Note: The news is very noisy and contains a lot of irrelevant information, but the above summary and keywords are the most relevant
[2022-07-26] Summary: 
Apple (AAPL) stock is expected to have a significant week with earnings reports and economic data releases. Analysts are predicting a potential price target of $185, down from $200, due to forex headwinds. The company is also expected to release its Q3 earnings, which may show a decline in EPS and sales growth. Some analysts are bearish on the stock, predicting a potential drop to $143.5, while others are bullish, expecting a challenge to $200. The stock has been trending downwards, with a 0.86% drop in the last 24 hours.

Keywords: AAPL, Apple, earnings, forex, Q3, EPS, sales growth, price target, stock market, trading, investing, finance.
[2022-07-27] Summary: 
Apple (AAPL) is expected to release its earnings report on Thursday, and there is a mix of positive and negative sentiment around the stock. Some analysts are bullish on the company's electric car project, while others are concerned about the impact of the iPhone discount in China. The stock has been trending upwards, with a 1.75% increase in the last 24 hours. There are also discussions about the company's profitability and the potential for a recession.

Keywords: 
- AAPL
- Apple
- Earnings
- Electric car
- iPhone
- China
- Recession
- Profitability
- Sentiment
- Stock market
- Options trading
- Analysts
- Price target
- Inflation
- Federal Reserve
- NASDAQ
[2022-07-28] Summary: 
Apple (AAPL) reported its Q3 earnings, beating expectations with EPS of $1.20 and revenue of $82.96B, up from $82.81B estimated. The company's revenue growth was driven by strong iPhone sales, with Q3 iPhone revenue reaching $40.665B, up from $39.570B YoY. Apple's services revenue also saw a significant increase, reaching $19.604B, up from $17.586B YoY.

Keywords: 
- Apple (AAPL)
- Earnings
- Q3
- EPS
- Revenue
- iPhone
- Services
- Stock price
- $AAPL
- $SPY
- $QQQ
- $TSLA
- $AMZN
[2022-07-29] Summary: 
Apple's stock (AAPL) has been performing well, with some analysts optimistic about its future prospects. The company has reported a 2% increase in revenue, with iPhone sales beating expectations. However, some analysts have expressed concerns about the slowest YoY growth rate since Q3 2020. The stock has been trading on a P/E similar to when it generated 25-70% rev growth, but current growth is only 2%. Despite this, the stock has been performing well, with a 3.3% increase in the last trading session.

Keywords: 
- AAPL
- Apple
- Stock
- Earnings
- Revenue
- Growth
- iPhone
- P/E
- Q3
- 2020
- 202",Positive
75,BABA,2022-07-29,"[2022-07-25] Summary: 
The news suggests that BABA (Alibaba Group) stock is expected to have a significant price movement, with some analysts predicting a ""big pop"" in the stock. There are also mentions of unusual call options being traded for BABA, indicating potential buying activity. Additionally, there are reports of a new strategy being planned by China to avoid US delistings, which could impact BABA's stock price.

Keywords: 
- BABA
- Alibaba Group
- Stock price movement
- Analyst predictions
- Unusual call options
- China's new strategy
- US delistings
- $BABA
- $JD
- $NTES
- $BIDU
- $BILI
- $WB
- $IQ
- $PDD
[2022-07-26] Summary: 
Alibaba Group, the parent company of $BABA, is pursuing a primary listing on the Hong Kong Stock Exchange, in addition to its existing US listing. This move is seen as a way to broaden its investor base and increase its global presence. The company's CEO, Daniel Zhang, has described the external environment as the ""most severe in decades"" in a letter to shareholders. The stock has seen significant price movements, with some analysts predicting a potential price target for this week. However, the company's valuation has been questioned by some, with Warren Buffett's intrinsic value formula suggesting that it is overvalued by 582%.

Keywords: 
- $BABA
- Alibaba Group
- Hong Kong Stock Exchange
- Primary listing
- Warren Buffett
- Intrinsic value
[2022-07-27] Summary: 
The news articles mention BABA (Alibaba Group) stock multiple times, indicating a significant interest in the stock. There are various mentions of analyst price targets, trading volumes, and market trends. Some articles discuss the stock's performance, with one article mentioning a 1.13% increase in the stock price. Another article mentions a top analyst price target for BABA, but the exact target is not specified. There are also mentions of other stocks, such as $SPY, $AMZN, $GOOG, and $TSLA, but the focus is primarily on BABA.

Keywords: 
- BABA
- Alibaba Group
- Analyst price target
- Stock performance
- Trading volume
- Market trends
- $SPY
- $AMZN
[2022-07-28] Summary: 
Alibaba Group (BABA) stock is experiencing fluctuations in price, with some analysts predicting a potential increase in price target. Jack Ma, the CEO of Alibaba, is reportedly planning to relinquish control of Ant Group, a subsidiary of BABA, as part of the company's efforts to distance itself from the affiliate. The stock has been trending downward, with a 4.74% decrease in the last update.

Keywords: 
- BABA
- Alibaba
- Jack Ma
- Ant Group
- Stock price
- Price target
- Earnings season
- Trading
- Options
- Stock market
- Investing
- Wall Street
- NASDAQ
- NYSE
- Stock analysis
- Market trends
- Trading signals
- Market maker signals
[2022-07-29] Summary: 
Alibaba Group Holding (BABA) stock has been experiencing a significant decline, with a 5.17% drop in value. The company has been added to the SEC's list of firms that could face delisting. There are concerns about the company's zero-covid policy and its impact on the economy. Some analysts are predicting a potential 500% gain in the stock price. However, others are warning about the risks of investing in the company due to its ties to the Chinese government.

Keywords: 
- BABA
- Alibaba Group Holding
- SEC
- Delisting
- Zero-covid policy
- China
- Economy
- Stock price
- Trading
- Investing
- Jack Ma
- Ant Group
- Chinese government

Note: The news",Negative
76,AAPL,2022-08-01,"[2022-07-26] Summary: 
Apple (AAPL) stock is expected to have a significant week with earnings reports and economic data releases. Analysts are predicting a potential price target of $185, down from $200, due to forex headwinds. The company is also expected to release its Q3 earnings, which may show a decline in EPS and sales growth. Some analysts are bearish on the stock, predicting a potential drop to $143.5, while others are bullish, expecting a challenge to $200. The stock has been trending downwards, with a 0.86% drop in the last 24 hours.

Keywords: AAPL, Apple, earnings, forex, Q3, EPS, sales growth, price target, stock market, trading, investing, finance.
[2022-07-27] Summary: 
Apple (AAPL) is expected to release its earnings report on Thursday, and there is a mix of positive and negative sentiment around the stock. Some analysts are bullish on the company's electric car project, while others are concerned about the impact of the iPhone discount in China. The stock has been trending upwards, with a 1.75% increase in the last 24 hours. There are also discussions about the company's profitability and the potential for a recession.

Keywords: 
- AAPL
- Apple
- Earnings
- Electric car
- iPhone
- China
- Recession
- Profitability
- Sentiment
- Stock market
- Options trading
- Analysts
- Price target
- Inflation
- Federal Reserve
- NASDAQ
[2022-07-28] Summary: 
Apple (AAPL) reported its Q3 earnings, beating expectations with EPS of $1.20 and revenue of $82.96B, up from $82.81B estimated. The company's revenue growth was driven by strong iPhone sales, with Q3 iPhone revenue reaching $40.665B, up from $39.570B YoY. Apple's services revenue also saw a significant increase, reaching $19.604B, up from $17.586B YoY.

Keywords: 
- Apple (AAPL)
- Earnings
- Q3
- EPS
- Revenue
- iPhone
- Services
- Stock price
- $AAPL
- $SPY
- $QQQ
- $TSLA
- $AMZN
[2022-07-29] Summary: 
Apple's stock (AAPL) has been performing well, with some analysts optimistic about its future prospects. The company has reported a 2% increase in revenue, with iPhone sales beating expectations. However, some analysts have expressed concerns about the slowest YoY growth rate since Q3 2020. The stock has been trading on a P/E similar to when it generated 25-70% rev growth, but current growth is only 2%. Despite this, the stock has been performing well, with a 3.3% increase in the last trading session.

Keywords: 
- AAPL
- Apple
- Stock
- Earnings
- Revenue
- Growth
- iPhone
- P/E
- Q3
- 2020
- 202
[2022-08-01] Summary: 
The news is about Apple Inc. (AAPL) stock, with various updates and analysis from different sources. The news includes information on Apple's financial performance, analyst price targets, market trends, and trading activity. Some of the key points mentioned include:

* Apple's revenue growth, with FY20 revs at $274.5B and FY21 at $365.8B.
* Analyst price targets for Apple stock.
* Market breadth, with 21 advances and 31 declines.
* Trading activity, with $AAPL being one of the most mentioned tickers on WSB.
* Apple's plans to issue debt to reward shareholders through buybacks and dividends.
* Analysts' opinions on Apple's performance, with some considering it a ""tentpole stock"" and others",Negative
77,BABA,2022-08-01,"[2022-07-26] Summary: 
Alibaba Group, the parent company of $BABA, is pursuing a primary listing on the Hong Kong Stock Exchange, in addition to its existing US listing. This move is seen as a way to broaden its investor base and increase its global presence. The company's CEO, Daniel Zhang, has described the external environment as the ""most severe in decades"" in a letter to shareholders. The stock has seen significant price movements, with some analysts predicting a potential price target for this week. However, the company's valuation has been questioned by some, with Warren Buffett's intrinsic value formula suggesting that it is overvalued by 582%.

Keywords: 
- $BABA
- Alibaba Group
- Hong Kong Stock Exchange
- Primary listing
- Warren Buffett
- Intrinsic value
[2022-07-27] Summary: 
The news articles mention BABA (Alibaba Group) stock multiple times, indicating a significant interest in the stock. There are various mentions of analyst price targets, trading volumes, and market trends. Some articles discuss the stock's performance, with one article mentioning a 1.13% increase in the stock price. Another article mentions a top analyst price target for BABA, but the exact target is not specified. There are also mentions of other stocks, such as $SPY, $AMZN, $GOOG, and $TSLA, but the focus is primarily on BABA.

Keywords: 
- BABA
- Alibaba Group
- Analyst price target
- Stock performance
- Trading volume
- Market trends
- $SPY
- $AMZN
[2022-07-28] Summary: 
Alibaba Group (BABA) stock is experiencing fluctuations in price, with some analysts predicting a potential increase in price target. Jack Ma, the CEO of Alibaba, is reportedly planning to relinquish control of Ant Group, a subsidiary of BABA, as part of the company's efforts to distance itself from the affiliate. The stock has been trending downward, with a 4.74% decrease in the last update.

Keywords: 
- BABA
- Alibaba
- Jack Ma
- Ant Group
- Stock price
- Price target
- Earnings season
- Trading
- Options
- Stock market
- Investing
- Wall Street
- NASDAQ
- NYSE
- Stock analysis
- Market trends
- Trading signals
- Market maker signals
[2022-07-29] Summary: 
Alibaba Group Holding (BABA) stock has been experiencing a significant decline, with a 5.17% drop in value. The company has been added to the SEC's list of firms that could face delisting. There are concerns about the company's zero-covid policy and its impact on the economy. Some analysts are predicting a potential 500% gain in the stock price. However, others are warning about the risks of investing in the company due to its ties to the Chinese government.

Keywords: 
- BABA
- Alibaba Group Holding
- SEC
- Delisting
- Zero-covid policy
- China
- Economy
- Stock price
- Trading
- Investing
- Jack Ma
- Ant Group
- Chinese government

Note: The news
[2022-08-01] Summary: 
Alibaba Group Holding (BABA) is facing potential delisting from the US stock market due to the SEC's delisting watchlist. The company has stated that it will strive to maintain its listing status on both the NYSE and the Hong Kong Stock Exchange. Analysts have mixed opinions on the company's future, with some predicting a drop in stock price and others maintaining a buy rating. The company's shares have been affected by the news, with a 0.60% increase in the last day.

Keywords: 
- BABA
- Alibaba Group Holding
- SEC delisting watchlist
- NYSE
- Hong Kong Stock Exchange
- Earnings
- Stock price
- Analysts
- Buy rating
- Delisting
- Trading
- Stock",Positive
78,AAPL,2022-08-02,"[2022-07-27] Summary: 
Apple (AAPL) is expected to release its earnings report on Thursday, and there is a mix of positive and negative sentiment around the stock. Some analysts are bullish on the company's electric car project, while others are concerned about the impact of the iPhone discount in China. The stock has been trending upwards, with a 1.75% increase in the last 24 hours. There are also discussions about the company's profitability and the potential for a recession.

Keywords: 
- AAPL
- Apple
- Earnings
- Electric car
- iPhone
- China
- Recession
- Profitability
- Sentiment
- Stock market
- Options trading
- Analysts
- Price target
- Inflation
- Federal Reserve
- NASDAQ
[2022-07-28] Summary: 
Apple (AAPL) reported its Q3 earnings, beating expectations with EPS of $1.20 and revenue of $82.96B, up from $82.81B estimated. The company's revenue growth was driven by strong iPhone sales, with Q3 iPhone revenue reaching $40.665B, up from $39.570B YoY. Apple's services revenue also saw a significant increase, reaching $19.604B, up from $17.586B YoY.

Keywords: 
- Apple (AAPL)
- Earnings
- Q3
- EPS
- Revenue
- iPhone
- Services
- Stock price
- $AAPL
- $SPY
- $QQQ
- $TSLA
- $AMZN
[2022-07-29] Summary: 
Apple's stock (AAPL) has been performing well, with some analysts optimistic about its future prospects. The company has reported a 2% increase in revenue, with iPhone sales beating expectations. However, some analysts have expressed concerns about the slowest YoY growth rate since Q3 2020. The stock has been trading on a P/E similar to when it generated 25-70% rev growth, but current growth is only 2%. Despite this, the stock has been performing well, with a 3.3% increase in the last trading session.

Keywords: 
- AAPL
- Apple
- Stock
- Earnings
- Revenue
- Growth
- iPhone
- P/E
- Q3
- 2020
- 202
[2022-08-01] Summary: 
The news is about Apple Inc. (AAPL) stock, with various updates and analysis from different sources. The news includes information on Apple's financial performance, analyst price targets, market trends, and trading activity. Some of the key points mentioned include:

* Apple's revenue growth, with FY20 revs at $274.5B and FY21 at $365.8B.
* Analyst price targets for Apple stock.
* Market breadth, with 21 advances and 31 declines.
* Trading activity, with $AAPL being one of the most mentioned tickers on WSB.
* Apple's plans to issue debt to reward shareholders through buybacks and dividends.
* Analysts' opinions on Apple's performance, with some considering it a ""tentpole stock"" and others
[2022-08-02] Summary: 
The news is about the stock market, specifically Apple (AAPL) and other related stocks. The news mentions various market trends, analyst predictions, and trading signals. Some of the key points include:

- Apple's stock price is being closely watched, with some analysts predicting a potential break above $318 or a drop to $307.
- There are various trading signals and alerts for AAPL, including a potential buy signal at $162.24-162.56 and a put option alert for $160.
- Other stocks mentioned include Microsoft (MSFT), Tesla (TSLA), Amazon (AMZN), and Netflix (NFLX).
- There are also mentions of market trends, including a potential collapse and a recession.
- Some news articles mention the impact of the Pelosi visit",Negative
79,BABA,2022-08-02,"[2022-07-27] Summary: 
The news articles mention BABA (Alibaba Group) stock multiple times, indicating a significant interest in the stock. There are various mentions of analyst price targets, trading volumes, and market trends. Some articles discuss the stock's performance, with one article mentioning a 1.13% increase in the stock price. Another article mentions a top analyst price target for BABA, but the exact target is not specified. There are also mentions of other stocks, such as $SPY, $AMZN, $GOOG, and $TSLA, but the focus is primarily on BABA.

Keywords: 
- BABA
- Alibaba Group
- Analyst price target
- Stock performance
- Trading volume
- Market trends
- $SPY
- $AMZN
[2022-07-28] Summary: 
Alibaba Group (BABA) stock is experiencing fluctuations in price, with some analysts predicting a potential increase in price target. Jack Ma, the CEO of Alibaba, is reportedly planning to relinquish control of Ant Group, a subsidiary of BABA, as part of the company's efforts to distance itself from the affiliate. The stock has been trending downward, with a 4.74% decrease in the last update.

Keywords: 
- BABA
- Alibaba
- Jack Ma
- Ant Group
- Stock price
- Price target
- Earnings season
- Trading
- Options
- Stock market
- Investing
- Wall Street
- NASDAQ
- NYSE
- Stock analysis
- Market trends
- Trading signals
- Market maker signals
[2022-07-29] Summary: 
Alibaba Group Holding (BABA) stock has been experiencing a significant decline, with a 5.17% drop in value. The company has been added to the SEC's list of firms that could face delisting. There are concerns about the company's zero-covid policy and its impact on the economy. Some analysts are predicting a potential 500% gain in the stock price. However, others are warning about the risks of investing in the company due to its ties to the Chinese government.

Keywords: 
- BABA
- Alibaba Group Holding
- SEC
- Delisting
- Zero-covid policy
- China
- Economy
- Stock price
- Trading
- Investing
- Jack Ma
- Ant Group
- Chinese government

Note: The news
[2022-08-01] Summary: 
Alibaba Group Holding (BABA) is facing potential delisting from the US stock market due to the SEC's delisting watchlist. The company has stated that it will strive to maintain its listing status on both the NYSE and the Hong Kong Stock Exchange. Analysts have mixed opinions on the company's future, with some predicting a drop in stock price and others maintaining a buy rating. The company's shares have been affected by the news, with a 0.60% increase in the last day.

Keywords: 
- BABA
- Alibaba Group Holding
- SEC delisting watchlist
- NYSE
- Hong Kong Stock Exchange
- Earnings
- Stock price
- Analysts
- Buy rating
- Delisting
- Trading
- Stock
[2022-08-02] Summary: 
Nancy Pelosi's trip to Taiwan has sparked concerns about the potential impact on Alibaba (BABA) stock. Analysts are predicting a price target for BABA, and some are warning of a potential delisting. There are also reports of a large call option trade on BABA, with a premium of $1.1 million. Additionally, BABA has partnered with Xpeng on driverless cars, and its stock price has been affected by the global economic situation.

Keywords: 
- BABA (Alibaba)
- Nancy Pelosi
- Taiwan
- China
- Stock market
- Options trading
- Earnings reports
- Driverless cars
- Global economy
- Market cap
- Delisting
- Price target
- Analyst ratings
- Trading community
-",Positive
80,AAPL,2022-08-03,"[2022-07-28] Summary: 
Apple (AAPL) reported its Q3 earnings, beating expectations with EPS of $1.20 and revenue of $82.96B, up from $82.81B estimated. The company's revenue growth was driven by strong iPhone sales, with Q3 iPhone revenue reaching $40.665B, up from $39.570B YoY. Apple's services revenue also saw a significant increase, reaching $19.604B, up from $17.586B YoY.

Keywords: 
- Apple (AAPL)
- Earnings
- Q3
- EPS
- Revenue
- iPhone
- Services
- Stock price
- $AAPL
- $SPY
- $QQQ
- $TSLA
- $AMZN
[2022-07-29] Summary: 
Apple's stock (AAPL) has been performing well, with some analysts optimistic about its future prospects. The company has reported a 2% increase in revenue, with iPhone sales beating expectations. However, some analysts have expressed concerns about the slowest YoY growth rate since Q3 2020. The stock has been trading on a P/E similar to when it generated 25-70% rev growth, but current growth is only 2%. Despite this, the stock has been performing well, with a 3.3% increase in the last trading session.

Keywords: 
- AAPL
- Apple
- Stock
- Earnings
- Revenue
- Growth
- iPhone
- P/E
- Q3
- 2020
- 202
[2022-08-01] Summary: 
The news is about Apple Inc. (AAPL) stock, with various updates and analysis from different sources. The news includes information on Apple's financial performance, analyst price targets, market trends, and trading activity. Some of the key points mentioned include:

* Apple's revenue growth, with FY20 revs at $274.5B and FY21 at $365.8B.
* Analyst price targets for Apple stock.
* Market breadth, with 21 advances and 31 declines.
* Trading activity, with $AAPL being one of the most mentioned tickers on WSB.
* Apple's plans to issue debt to reward shareholders through buybacks and dividends.
* Analysts' opinions on Apple's performance, with some considering it a ""tentpole stock"" and others
[2022-08-02] Summary: 
The news is about the stock market, specifically Apple (AAPL) and other related stocks. The news mentions various market trends, analyst predictions, and trading signals. Some of the key points include:

- Apple's stock price is being closely watched, with some analysts predicting a potential break above $318 or a drop to $307.
- There are various trading signals and alerts for AAPL, including a potential buy signal at $162.24-162.56 and a put option alert for $160.
- Other stocks mentioned include Microsoft (MSFT), Tesla (TSLA), Amazon (AMZN), and Netflix (NFLX).
- There are also mentions of market trends, including a potential collapse and a recession.
- Some news articles mention the impact of the Pelosi visit
[2022-08-03] Summary: 
Apple (AAPL) stock is expected to have a significant move in the near future, with some analysts predicting a breakout above $412.50 and others expecting a dip to $407.10. The stock has been trending upwards, with a 3.64% increase in the last day and a 4% increase in the last two days. There are also rumors of a potential acquisition target for $AAPL. The stock's sentiment report shows a mixed review of Apple products, with 32/68 positive reviews for iPhones and 44/108 positive reviews for Mac and MacBook. 

Keywords: 
- AAPL
- Apple
- Stock
- Market
- Trend
- Analyst
- Price target
- Acquisition
- Sentiment
- Review
-",Positive
81,BABA,2022-08-03,"[2022-07-28] Summary: 
Alibaba Group (BABA) stock is experiencing fluctuations in price, with some analysts predicting a potential increase in price target. Jack Ma, the CEO of Alibaba, is reportedly planning to relinquish control of Ant Group, a subsidiary of BABA, as part of the company's efforts to distance itself from the affiliate. The stock has been trending downward, with a 4.74% decrease in the last update.

Keywords: 
- BABA
- Alibaba
- Jack Ma
- Ant Group
- Stock price
- Price target
- Earnings season
- Trading
- Options
- Stock market
- Investing
- Wall Street
- NASDAQ
- NYSE
- Stock analysis
- Market trends
- Trading signals
- Market maker signals
[2022-07-29] Summary: 
Alibaba Group Holding (BABA) stock has been experiencing a significant decline, with a 5.17% drop in value. The company has been added to the SEC's list of firms that could face delisting. There are concerns about the company's zero-covid policy and its impact on the economy. Some analysts are predicting a potential 500% gain in the stock price. However, others are warning about the risks of investing in the company due to its ties to the Chinese government.

Keywords: 
- BABA
- Alibaba Group Holding
- SEC
- Delisting
- Zero-covid policy
- China
- Economy
- Stock price
- Trading
- Investing
- Jack Ma
- Ant Group
- Chinese government

Note: The news
[2022-08-01] Summary: 
Alibaba Group Holding (BABA) is facing potential delisting from the US stock market due to the SEC's delisting watchlist. The company has stated that it will strive to maintain its listing status on both the NYSE and the Hong Kong Stock Exchange. Analysts have mixed opinions on the company's future, with some predicting a drop in stock price and others maintaining a buy rating. The company's shares have been affected by the news, with a 0.60% increase in the last day.

Keywords: 
- BABA
- Alibaba Group Holding
- SEC delisting watchlist
- NYSE
- Hong Kong Stock Exchange
- Earnings
- Stock price
- Analysts
- Buy rating
- Delisting
- Trading
- Stock
[2022-08-02] Summary: 
Nancy Pelosi's trip to Taiwan has sparked concerns about the potential impact on Alibaba (BABA) stock. Analysts are predicting a price target for BABA, and some are warning of a potential delisting. There are also reports of a large call option trade on BABA, with a premium of $1.1 million. Additionally, BABA has partnered with Xpeng on driverless cars, and its stock price has been affected by the global economic situation.

Keywords: 
- BABA (Alibaba)
- Nancy Pelosi
- Taiwan
- China
- Stock market
- Options trading
- Earnings reports
- Driverless cars
- Global economy
- Market cap
- Delisting
- Price target
- Analyst ratings
- Trading community
-
[2022-08-03] Summary: 
BABA (Alibaba Group Holding Limited) stock was traded in the range of $90.93 - $96.30 with a session volume of 21.74M. The company has a market cap of $256.22B and a 10-day average volume of 28.60M. There are multiple analyst price targets for BABA stock for the next week, ranging from various sources. The company is set to release its earnings before the market open tomorrow.

Keywords: 
- BABA
- Alibaba Group Holding Limited
- Stock price
- Market cap
- Analyst price target
- Earnings
- Trading volume
- $90.93
- $96.30
- $256.22B
- 28.60M
-",Positive
82,BABA,2022-08-04,"[2022-07-29] Summary: 
Alibaba Group Holding (BABA) stock has been experiencing a significant decline, with a 5.17% drop in value. The company has been added to the SEC's list of firms that could face delisting. There are concerns about the company's zero-covid policy and its impact on the economy. Some analysts are predicting a potential 500% gain in the stock price. However, others are warning about the risks of investing in the company due to its ties to the Chinese government.

Keywords: 
- BABA
- Alibaba Group Holding
- SEC
- Delisting
- Zero-covid policy
- China
- Economy
- Stock price
- Trading
- Investing
- Jack Ma
- Ant Group
- Chinese government

Note: The news
[2022-08-01] Summary: 
Alibaba Group Holding (BABA) is facing potential delisting from the US stock market due to the SEC's delisting watchlist. The company has stated that it will strive to maintain its listing status on both the NYSE and the Hong Kong Stock Exchange. Analysts have mixed opinions on the company's future, with some predicting a drop in stock price and others maintaining a buy rating. The company's shares have been affected by the news, with a 0.60% increase in the last day.

Keywords: 
- BABA
- Alibaba Group Holding
- SEC delisting watchlist
- NYSE
- Hong Kong Stock Exchange
- Earnings
- Stock price
- Analysts
- Buy rating
- Delisting
- Trading
- Stock
[2022-08-02] Summary: 
Nancy Pelosi's trip to Taiwan has sparked concerns about the potential impact on Alibaba (BABA) stock. Analysts are predicting a price target for BABA, and some are warning of a potential delisting. There are also reports of a large call option trade on BABA, with a premium of $1.1 million. Additionally, BABA has partnered with Xpeng on driverless cars, and its stock price has been affected by the global economic situation.

Keywords: 
- BABA (Alibaba)
- Nancy Pelosi
- Taiwan
- China
- Stock market
- Options trading
- Earnings reports
- Driverless cars
- Global economy
- Market cap
- Delisting
- Price target
- Analyst ratings
- Trading community
-
[2022-08-03] Summary: 
BABA (Alibaba Group Holding Limited) stock was traded in the range of $90.93 - $96.30 with a session volume of 21.74M. The company has a market cap of $256.22B and a 10-day average volume of 28.60M. There are multiple analyst price targets for BABA stock for the next week, ranging from various sources. The company is set to release its earnings before the market open tomorrow.

Keywords: 
- BABA
- Alibaba Group Holding Limited
- Stock price
- Market cap
- Analyst price target
- Earnings
- Trading volume
- $90.93
- $96.30
- $256.22B
- 28.60M
-
[2022-08-04] Summary: 
Alibaba Group Holding (BABA) reported its quarterly earnings, which beat market expectations. The company's revenue was $30.69B, beating the estimated $30.05B, and its adjusted EPS was $1.75, beating the estimated $1.52. The stock price jumped 7% in premarket trading. SoftBank is selling about one-third of its Alibaba stake through prepaid forward contracts.

Keywords: 
- Alibaba Group Holding (BABA)
- Earnings
- Revenue
- EPS
- Stock price
- SoftBank
- Prepaid forward contracts
- Chinese e-commerce platforms
- JD
- PDD",Positive
83,BABA,2022-08-05,"[2022-08-01] Summary: 
Alibaba Group Holding (BABA) is facing potential delisting from the US stock market due to the SEC's delisting watchlist. The company has stated that it will strive to maintain its listing status on both the NYSE and the Hong Kong Stock Exchange. Analysts have mixed opinions on the company's future, with some predicting a drop in stock price and others maintaining a buy rating. The company's shares have been affected by the news, with a 0.60% increase in the last day.

Keywords: 
- BABA
- Alibaba Group Holding
- SEC delisting watchlist
- NYSE
- Hong Kong Stock Exchange
- Earnings
- Stock price
- Analysts
- Buy rating
- Delisting
- Trading
- Stock
[2022-08-02] Summary: 
Nancy Pelosi's trip to Taiwan has sparked concerns about the potential impact on Alibaba (BABA) stock. Analysts are predicting a price target for BABA, and some are warning of a potential delisting. There are also reports of a large call option trade on BABA, with a premium of $1.1 million. Additionally, BABA has partnered with Xpeng on driverless cars, and its stock price has been affected by the global economic situation.

Keywords: 
- BABA (Alibaba)
- Nancy Pelosi
- Taiwan
- China
- Stock market
- Options trading
- Earnings reports
- Driverless cars
- Global economy
- Market cap
- Delisting
- Price target
- Analyst ratings
- Trading community
-
[2022-08-03] Summary: 
BABA (Alibaba Group Holding Limited) stock was traded in the range of $90.93 - $96.30 with a session volume of 21.74M. The company has a market cap of $256.22B and a 10-day average volume of 28.60M. There are multiple analyst price targets for BABA stock for the next week, ranging from various sources. The company is set to release its earnings before the market open tomorrow.

Keywords: 
- BABA
- Alibaba Group Holding Limited
- Stock price
- Market cap
- Analyst price target
- Earnings
- Trading volume
- $90.93
- $96.30
- $256.22B
- 28.60M
-
[2022-08-04] Summary: 
Alibaba Group Holding (BABA) reported its quarterly earnings, which beat market expectations. The company's revenue was $30.69B, beating the estimated $30.05B, and its adjusted EPS was $1.75, beating the estimated $1.52. The stock price jumped 7% in premarket trading. SoftBank is selling about one-third of its Alibaba stake through prepaid forward contracts.

Keywords: 
- Alibaba Group Holding (BABA)
- Earnings
- Revenue
- EPS
- Stock price
- SoftBank
- Prepaid forward contracts
- Chinese e-commerce platforms
- JD
- PDD
[2022-08-05] Summary: 
Alibaba Group, the parent company of BABA, has reported its earnings for the June quarter, beating expectations. The company has shed nearly 10,000 employees in the quarter as it cuts costs amid sluggish sales. The company's revenue was $30.68 billion, beating estimates, and its adjusted earnings per share was $1.75, also beating expectations. However, the stock price of BABA has been affected, with a 5.37% decline in the last 24 hours.

Keywords: 
- BABA
- Alibaba Group
- Earnings
- Revenue
- Adjusted EPS
- Layoffs
- Cost-cutting
- Stock price
- Sentiment
- China
- Economy
- E-commerce
- Employees
- Jobless",Negative
84,BABA,2022-08-08,"[2022-08-02] Summary: 
Nancy Pelosi's trip to Taiwan has sparked concerns about the potential impact on Alibaba (BABA) stock. Analysts are predicting a price target for BABA, and some are warning of a potential delisting. There are also reports of a large call option trade on BABA, with a premium of $1.1 million. Additionally, BABA has partnered with Xpeng on driverless cars, and its stock price has been affected by the global economic situation.

Keywords: 
- BABA (Alibaba)
- Nancy Pelosi
- Taiwan
- China
- Stock market
- Options trading
- Earnings reports
- Driverless cars
- Global economy
- Market cap
- Delisting
- Price target
- Analyst ratings
- Trading community
-
[2022-08-03] Summary: 
BABA (Alibaba Group Holding Limited) stock was traded in the range of $90.93 - $96.30 with a session volume of 21.74M. The company has a market cap of $256.22B and a 10-day average volume of 28.60M. There are multiple analyst price targets for BABA stock for the next week, ranging from various sources. The company is set to release its earnings before the market open tomorrow.

Keywords: 
- BABA
- Alibaba Group Holding Limited
- Stock price
- Market cap
- Analyst price target
- Earnings
- Trading volume
- $90.93
- $96.30
- $256.22B
- 28.60M
-
[2022-08-04] Summary: 
Alibaba Group Holding (BABA) reported its quarterly earnings, which beat market expectations. The company's revenue was $30.69B, beating the estimated $30.05B, and its adjusted EPS was $1.75, beating the estimated $1.52. The stock price jumped 7% in premarket trading. SoftBank is selling about one-third of its Alibaba stake through prepaid forward contracts.

Keywords: 
- Alibaba Group Holding (BABA)
- Earnings
- Revenue
- EPS
- Stock price
- SoftBank
- Prepaid forward contracts
- Chinese e-commerce platforms
- JD
- PDD
[2022-08-05] Summary: 
Alibaba Group, the parent company of BABA, has reported its earnings for the June quarter, beating expectations. The company has shed nearly 10,000 employees in the quarter as it cuts costs amid sluggish sales. The company's revenue was $30.68 billion, beating estimates, and its adjusted earnings per share was $1.75, also beating expectations. However, the stock price of BABA has been affected, with a 5.37% decline in the last 24 hours.

Keywords: 
- BABA
- Alibaba Group
- Earnings
- Revenue
- Adjusted EPS
- Layoffs
- Cost-cutting
- Stock price
- Sentiment
- China
- Economy
- E-commerce
- Employees
- Jobless
[2022-08-08] Summary: 
Alibaba Group Holding Limited (BABA) stock is experiencing a mixed trend with some analysts predicting a potential run-up, while others consider it overvalued. The company's revenue growth has stopped, and its EV/FCF is at its lowest ever. There are also concerns about its listing status in Hong Kong. However, no specific news about the company's financial performance or future prospects is mentioned.

Keywords: 
- BABA
- Alibaba
- EV/FCF
- Revenue growth
- Analyst price target
- Hong Kong Stock Exchange
- Listing status
- Overvaluation
- Intrinsic value
- Warren Buffett
- Softbank
- Q1 FY 22/23
- Record quarterly loss
- Holdings
- Uber
- DAS",Negative
85,AAPL,2022-08-10,"[2022-08-04] Summary: 
The news articles mention Apple (AAPL) stock in various contexts, including price movements, analyst predictions, and market trends. Some articles discuss the company's performance in comparison to other tech giants like Tesla (TSLA) and Meta (META). There are also mentions of Apple's products, such as iPhones and MacBooks, and its supplier Foxconn expanding its factory in India. Additionally, some articles discuss the overall market performance, including the S&P 500 and the Nasdaq 100.

Keywords: 
- AAPL
- Apple
- AR
- VR
- Augmented reality
- Virtual reality
- Stock market
- Tech stocks
- Tesla
- Meta
- Foxconn
- India
- iPhones
- MacBooks
- S&P
[2022-08-05] Summary: 
Apple (AAPL) is in the early stages of building a new mobile ad platform, which may put it in competition with Meta (META) and Google (GOOG). The company has warned suppliers not to use'made in Taiwan' labels on products to avoid angering China. Apple's stock price has been trending, with some analysts predicting a price target for next week. The company's earnings reports are expected today before the markets open. There are also reports of disruptions in Apple's shipments to Pegatron's China factory after an executive met with Pelosi.

Keywords: 
- Apple (AAPL)
- AdTech platform
- Meta (META)
- Google (GOOG)
- China
- Taiwan
- Stock price
- Earnings reports
- Pegatron's China
[2022-08-08] Summary: 
Apple's stock ($AAPL) is experiencing various market movements and news. There are reports of potential iPhone 14 delays due to Nancy Pelosi's visit to Taiwan, and Apple has warned suppliers to label products as made in China. Analysts are predicting a potential run-up in the stock price. There are also reports of Apple's AR/VR headset shipping 1.5M units in 2023 and costing $2,000+. The stock is experiencing various trading activities, including options and puts.

Keywords: 
- $AAPL (Apple stock)
- iPhone 14
- Nancy Pelosi
- Taiwan
- China
- AR/VR headset
- Options
- Puts
- Analysts
- Stock price
- Trading activities
- Market movements

Note
[2022-08-09] Summary: 
Apple (AAPL) stock has been experiencing fluctuations in recent days. The company is reportedly in talks to acquire streaming rights for Big Ten athletic events, which could be a significant development. There have been various mentions of AAPL's performance, with some analysts predicting a potential run-up in the stock price. However, others have expressed concerns about the company's valuation and the impact of the ongoing semiconductor shortage. Additionally, there have been reports of insider selling and a new ETF (AAPU) launching, which could affect the stock's performance.

Keywords: 
- AAPL
- Apple
- Streaming rights
- Big Ten athletic events
- Semiconductor shortage
- Insider selling
- ETF (AAPU)
- Valuation
- Stock market
- Investing
- Trading

Note
[2022-08-10] Summary: 
The news is about Apple Inc. (AAPL) stock performance and market trends. The stock has experienced fluctuations in value, with some days showing positive gains and others showing losses. Analysts and traders are discussing Apple's potential acquisition of streaming rights to Big Ten athletic events, as well as its stock price and market performance. There are also discussions about the company's product series reviews, company news, and social media sentiment.

Keywords: 
- AAPL
- Apple
- Stock market
- Trading
- Options
- Stock performance
- Market trends
- Acquisition
- Streaming rights
- Product reviews
- Social media sentiment

Note: The news data is noisy and contains irrelevant information, but the above summary and keywords are extracted based on the relevant information related to AAP",Positive
86,BABA,2022-08-10,"[2022-08-04] Summary: 
Alibaba Group Holding (BABA) reported its quarterly earnings, which beat market expectations. The company's revenue was $30.69B, beating the estimated $30.05B, and its adjusted EPS was $1.75, beating the estimated $1.52. The stock price jumped 7% in premarket trading. SoftBank is selling about one-third of its Alibaba stake through prepaid forward contracts.

Keywords: 
- Alibaba Group Holding (BABA)
- Earnings
- Revenue
- EPS
- Stock price
- SoftBank
- Prepaid forward contracts
- Chinese e-commerce platforms
- JD
- PDD
[2022-08-05] Summary: 
Alibaba Group, the parent company of BABA, has reported its earnings for the June quarter, beating expectations. The company has shed nearly 10,000 employees in the quarter as it cuts costs amid sluggish sales. The company's revenue was $30.68 billion, beating estimates, and its adjusted earnings per share was $1.75, also beating expectations. However, the stock price of BABA has been affected, with a 5.37% decline in the last 24 hours.

Keywords: 
- BABA
- Alibaba Group
- Earnings
- Revenue
- Adjusted EPS
- Layoffs
- Cost-cutting
- Stock price
- Sentiment
- China
- Economy
- E-commerce
- Employees
- Jobless
[2022-08-08] Summary: 
Alibaba Group Holding Limited (BABA) stock is experiencing a mixed trend with some analysts predicting a potential run-up, while others consider it overvalued. The company's revenue growth has stopped, and its EV/FCF is at its lowest ever. There are also concerns about its listing status in Hong Kong. However, no specific news about the company's financial performance or future prospects is mentioned.

Keywords: 
- BABA
- Alibaba
- EV/FCF
- Revenue growth
- Analyst price target
- Hong Kong Stock Exchange
- Listing status
- Overvaluation
- Intrinsic value
- Warren Buffett
- Softbank
- Q1 FY 22/23
- Record quarterly loss
- Holdings
- Uber
- DAS
[2022-08-09] Summary: 
Alibaba's stock, $BABA, is expected to have a significant run-up, with some analysts predicting a price target for the next week. The company has received approval for a primary stock listing in Hong Kong. However, some analysts believe that the stock is overvalued based on its intrinsic value.

Keywords: $BABA, Alibaba, stock listing, Hong Kong, stock price, overvalued, intrinsic value, stock market, trading, investment, China's tech giants.
[2022-08-10] Summary: 
Alibaba Group (BABA) is expected to list its primary stock in Hong Kong, making it available to mainland Chinese investors. This move is seen as a significant development, as it will allow Chinese investors to participate in the company's stock. The listing is expected to reflect the views of Chinese investors, who are familiar with the company's performance. Additionally, SoftBank is set to book a $34 billion gain by cutting its stake in Alibaba to 14.6%. Alibaba's stock price is expected to be affected by this move.

Keywords: 
- Alibaba Group (BABA)
- Hong Kong listing
- SoftBank
- Stock price
- Chinese investors
- Stock buybacks
- Undervalued stock
- Options trading
- Stock market
- Investment",Positive
87,BABA,2022-08-11,"[2022-08-05] Summary: 
Alibaba Group, the parent company of BABA, has reported its earnings for the June quarter, beating expectations. The company has shed nearly 10,000 employees in the quarter as it cuts costs amid sluggish sales. The company's revenue was $30.68 billion, beating estimates, and its adjusted earnings per share was $1.75, also beating expectations. However, the stock price of BABA has been affected, with a 5.37% decline in the last 24 hours.

Keywords: 
- BABA
- Alibaba Group
- Earnings
- Revenue
- Adjusted EPS
- Layoffs
- Cost-cutting
- Stock price
- Sentiment
- China
- Economy
- E-commerce
- Employees
- Jobless
[2022-08-08] Summary: 
Alibaba Group Holding Limited (BABA) stock is experiencing a mixed trend with some analysts predicting a potential run-up, while others consider it overvalued. The company's revenue growth has stopped, and its EV/FCF is at its lowest ever. There are also concerns about its listing status in Hong Kong. However, no specific news about the company's financial performance or future prospects is mentioned.

Keywords: 
- BABA
- Alibaba
- EV/FCF
- Revenue growth
- Analyst price target
- Hong Kong Stock Exchange
- Listing status
- Overvaluation
- Intrinsic value
- Warren Buffett
- Softbank
- Q1 FY 22/23
- Record quarterly loss
- Holdings
- Uber
- DAS
[2022-08-09] Summary: 
Alibaba's stock, $BABA, is expected to have a significant run-up, with some analysts predicting a price target for the next week. The company has received approval for a primary stock listing in Hong Kong. However, some analysts believe that the stock is overvalued based on its intrinsic value.

Keywords: $BABA, Alibaba, stock listing, Hong Kong, stock price, overvalued, intrinsic value, stock market, trading, investment, China's tech giants.
[2022-08-10] Summary: 
Alibaba Group (BABA) is expected to list its primary stock in Hong Kong, making it available to mainland Chinese investors. This move is seen as a significant development, as it will allow Chinese investors to participate in the company's stock. The listing is expected to reflect the views of Chinese investors, who are familiar with the company's performance. Additionally, SoftBank is set to book a $34 billion gain by cutting its stake in Alibaba to 14.6%. Alibaba's stock price is expected to be affected by this move.

Keywords: 
- Alibaba Group (BABA)
- Hong Kong listing
- SoftBank
- Stock price
- Chinese investors
- Stock buybacks
- Undervalued stock
- Options trading
- Stock market
- Investment
[2022-08-11] Summary: 
The news articles mention various stocks, but the main focus is on Alibaba Group (BABA) stock. There are mentions of price targets, analyst predictions, and market trends. Some articles discuss SoftBank's stake in Alibaba and the potential for a run-up in the stock price. Additionally, there are mentions of other stocks such as Tesla (TSLA), Amazon (AMZN), and Apple (AAPL), but the primary focus is on BABA.

Keywords: 
- BABA (Alibaba Group)
- SoftBank
- Stock price
- Analyst predictions
- Market trends
- Options trading
- China stocks
- US rate-hike bets
- Alibaba's share count
- Stock market
- Investing
- Trading

Note: The news articles are quite",Positive
88,AAPL,2022-08-12,"[2022-08-08] Summary: 
Apple's stock ($AAPL) is experiencing various market movements and news. There are reports of potential iPhone 14 delays due to Nancy Pelosi's visit to Taiwan, and Apple has warned suppliers to label products as made in China. Analysts are predicting a potential run-up in the stock price. There are also reports of Apple's AR/VR headset shipping 1.5M units in 2023 and costing $2,000+. The stock is experiencing various trading activities, including options and puts.

Keywords: 
- $AAPL (Apple stock)
- iPhone 14
- Nancy Pelosi
- Taiwan
- China
- AR/VR headset
- Options
- Puts
- Analysts
- Stock price
- Trading activities
- Market movements

Note
[2022-08-09] Summary: 
Apple (AAPL) stock has been experiencing fluctuations in recent days. The company is reportedly in talks to acquire streaming rights for Big Ten athletic events, which could be a significant development. There have been various mentions of AAPL's performance, with some analysts predicting a potential run-up in the stock price. However, others have expressed concerns about the company's valuation and the impact of the ongoing semiconductor shortage. Additionally, there have been reports of insider selling and a new ETF (AAPU) launching, which could affect the stock's performance.

Keywords: 
- AAPL
- Apple
- Streaming rights
- Big Ten athletic events
- Semiconductor shortage
- Insider selling
- ETF (AAPU)
- Valuation
- Stock market
- Investing
- Trading

Note
[2022-08-10] Summary: 
The news is about Apple Inc. (AAPL) stock performance and market trends. The stock has experienced fluctuations in value, with some days showing positive gains and others showing losses. Analysts and traders are discussing Apple's potential acquisition of streaming rights to Big Ten athletic events, as well as its stock price and market performance. There are also discussions about the company's product series reviews, company news, and social media sentiment.

Keywords: 
- AAPL
- Apple
- Stock market
- Trading
- Options
- Stock performance
- Market trends
- Acquisition
- Streaming rights
- Product reviews
- Social media sentiment

Note: The news data is noisy and contains irrelevant information, but the above summary and keywords are extracted based on the relevant information related to AAP
[2022-08-11] Summary: 
Apple (AAPL) stock is trending and has been mentioned in various news and updates. Warren Buffett received a dividend of $208,738,745.03 from Apple, and the company's stock has been performing well despite a slow market. Apple's weight in the S&P 500 is the largest since 1980, and the company is expected to sustain iPhone sales in 2022. The stock has been mentioned in various trading and investment updates, with some analysts predicting a potential run-up in the stock price.

Keywords: 
- Apple (AAPL)
- Warren Buffett
- Dividend
- S&P 500
- iPhone sales
- Stock market
- Trading
- Investment
- Options
- Sentiment analysis
- Inflation
- Bitcoin
[2022-08-12] Summary: 
Apple Inc. ($AAPL) has been performing well, with its stock price increasing by 32.5% from its year-to-date lows. The company has also been a top holding in Berkshire Hathaway's portfolio since 1995. Apple's financial strength and perceived stability have helped it recover since the market peak. The company has also been a significant contributor to the S&P 500, with the highest weighting for any company since 1980. Apple has also been a dividend-paying stock, with Warren Buffett receiving a dividend of $208,738,745.03 from his investment in the company.

Keywords: 
- Apple Inc. ($AAPL)
- Berkshire Hathaway
- Warren Buffett
- S&P 500
- Dividend
- Stock price",Positive
89,AAPL,2022-08-15,"[2022-08-09] Summary: 
Apple (AAPL) stock has been experiencing fluctuations in recent days. The company is reportedly in talks to acquire streaming rights for Big Ten athletic events, which could be a significant development. There have been various mentions of AAPL's performance, with some analysts predicting a potential run-up in the stock price. However, others have expressed concerns about the company's valuation and the impact of the ongoing semiconductor shortage. Additionally, there have been reports of insider selling and a new ETF (AAPU) launching, which could affect the stock's performance.

Keywords: 
- AAPL
- Apple
- Streaming rights
- Big Ten athletic events
- Semiconductor shortage
- Insider selling
- ETF (AAPU)
- Valuation
- Stock market
- Investing
- Trading

Note
[2022-08-10] Summary: 
The news is about Apple Inc. (AAPL) stock performance and market trends. The stock has experienced fluctuations in value, with some days showing positive gains and others showing losses. Analysts and traders are discussing Apple's potential acquisition of streaming rights to Big Ten athletic events, as well as its stock price and market performance. There are also discussions about the company's product series reviews, company news, and social media sentiment.

Keywords: 
- AAPL
- Apple
- Stock market
- Trading
- Options
- Stock performance
- Market trends
- Acquisition
- Streaming rights
- Product reviews
- Social media sentiment

Note: The news data is noisy and contains irrelevant information, but the above summary and keywords are extracted based on the relevant information related to AAP
[2022-08-11] Summary: 
Apple (AAPL) stock is trending and has been mentioned in various news and updates. Warren Buffett received a dividend of $208,738,745.03 from Apple, and the company's stock has been performing well despite a slow market. Apple's weight in the S&P 500 is the largest since 1980, and the company is expected to sustain iPhone sales in 2022. The stock has been mentioned in various trading and investment updates, with some analysts predicting a potential run-up in the stock price.

Keywords: 
- Apple (AAPL)
- Warren Buffett
- Dividend
- S&P 500
- iPhone sales
- Stock market
- Trading
- Investment
- Options
- Sentiment analysis
- Inflation
- Bitcoin
[2022-08-12] Summary: 
Apple Inc. ($AAPL) has been performing well, with its stock price increasing by 32.5% from its year-to-date lows. The company has also been a top holding in Berkshire Hathaway's portfolio since 1995. Apple's financial strength and perceived stability have helped it recover since the market peak. The company has also been a significant contributor to the S&P 500, with the highest weighting for any company since 1980. Apple has also been a dividend-paying stock, with Warren Buffett receiving a dividend of $208,738,745.03 from his investment in the company.

Keywords: 
- Apple Inc. ($AAPL)
- Berkshire Hathaway
- Warren Buffett
- S&P 500
- Dividend
- Stock price
[2022-08-15] Summary: 
Apple (AAPL) stock has been performing well, with a 32% increase since its June 16th low and a 15% increase overall. The stock is also up 0.52% in the last day. Analysts have set a high price target for AAPL, and the company is reportedly planning to put ads in more apps on the iPhone. However, there are also concerns about the stock's performance, with some analysts predicting a decline.

Keywords: 
- AAPL
- Apple
- Stock
- Price target
- Analysts
- iPhone
- Ads
- Performance
- Decline

Note: The news data is noisy and contains a lot of irrelevant information, but the above summary and keywords are based on the relevant information extracted from",Positive
90,BABA,2022-08-15,"[2022-08-09] Summary: 
Alibaba's stock, $BABA, is expected to have a significant run-up, with some analysts predicting a price target for the next week. The company has received approval for a primary stock listing in Hong Kong. However, some analysts believe that the stock is overvalued based on its intrinsic value.

Keywords: $BABA, Alibaba, stock listing, Hong Kong, stock price, overvalued, intrinsic value, stock market, trading, investment, China's tech giants.
[2022-08-10] Summary: 
Alibaba Group (BABA) is expected to list its primary stock in Hong Kong, making it available to mainland Chinese investors. This move is seen as a significant development, as it will allow Chinese investors to participate in the company's stock. The listing is expected to reflect the views of Chinese investors, who are familiar with the company's performance. Additionally, SoftBank is set to book a $34 billion gain by cutting its stake in Alibaba to 14.6%. Alibaba's stock price is expected to be affected by this move.

Keywords: 
- Alibaba Group (BABA)
- Hong Kong listing
- SoftBank
- Stock price
- Chinese investors
- Stock buybacks
- Undervalued stock
- Options trading
- Stock market
- Investment
[2022-08-11] Summary: 
The news articles mention various stocks, but the main focus is on Alibaba Group (BABA) stock. There are mentions of price targets, analyst predictions, and market trends. Some articles discuss SoftBank's stake in Alibaba and the potential for a run-up in the stock price. Additionally, there are mentions of other stocks such as Tesla (TSLA), Amazon (AMZN), and Apple (AAPL), but the primary focus is on BABA.

Keywords: 
- BABA (Alibaba Group)
- SoftBank
- Stock price
- Analyst predictions
- Market trends
- Options trading
- China stocks
- US rate-hike bets
- Alibaba's share count
- Stock market
- Investing
- Trading

Note: The news articles are quite
[2022-08-12] Summary: 
The news articles mention various price targets, analyst predictions, and market trends for the stock $BABA (Alibaba). Some articles discuss the potential impact of Chinese state-owned enterprises delisting from US exchanges on the stock price. There are also mentions of SoftBank's stake in $BABA and the company's performance in the market. Additionally, some articles provide trading tips and analysis, while others discuss the overall market trends and performance of other stocks.

Keywords: 
- $BABA (Alibaba)
- Price target
- Analyst prediction
- Market trend
- Chinese state-owned enterprises
- Delisting
- SoftBank
- Stake
- Trading tips
- Market analysis
- Stock performance
- $AMZN (Amazon)
- $AAPL (Apple)
-
[2022-08-15] Summary: 
The news articles mention $BABA (Alibaba Group Holding) stock multiple times, with various analysts and traders discussing its performance, price targets, and market trends. Some articles mention that the stock is overvalued, while others discuss its recent web traffic increase and analyst price targets. There is no clear indication of a turnaround or a decisive move up in the stock price.

Keywords: 
- $BABA (Alibaba Group Holding)
- Stock market
- Analyst price target
- Overvalued
- Web traffic
- Trading
- Options
- Stock performance
- Market trends
- Alibaba Group Holding
- Alibabagroup
- BABA stock
- Alibaba Group Holding stock price
- Alibaba Group Holding news
- Alibaba Group Holding stock analysis",Negative
91,BABA,2022-08-16,"[2022-08-10] Summary: 
Alibaba Group (BABA) is expected to list its primary stock in Hong Kong, making it available to mainland Chinese investors. This move is seen as a significant development, as it will allow Chinese investors to participate in the company's stock. The listing is expected to reflect the views of Chinese investors, who are familiar with the company's performance. Additionally, SoftBank is set to book a $34 billion gain by cutting its stake in Alibaba to 14.6%. Alibaba's stock price is expected to be affected by this move.

Keywords: 
- Alibaba Group (BABA)
- Hong Kong listing
- SoftBank
- Stock price
- Chinese investors
- Stock buybacks
- Undervalued stock
- Options trading
- Stock market
- Investment
[2022-08-11] Summary: 
The news articles mention various stocks, but the main focus is on Alibaba Group (BABA) stock. There are mentions of price targets, analyst predictions, and market trends. Some articles discuss SoftBank's stake in Alibaba and the potential for a run-up in the stock price. Additionally, there are mentions of other stocks such as Tesla (TSLA), Amazon (AMZN), and Apple (AAPL), but the primary focus is on BABA.

Keywords: 
- BABA (Alibaba Group)
- SoftBank
- Stock price
- Analyst predictions
- Market trends
- Options trading
- China stocks
- US rate-hike bets
- Alibaba's share count
- Stock market
- Investing
- Trading

Note: The news articles are quite
[2022-08-12] Summary: 
The news articles mention various price targets, analyst predictions, and market trends for the stock $BABA (Alibaba). Some articles discuss the potential impact of Chinese state-owned enterprises delisting from US exchanges on the stock price. There are also mentions of SoftBank's stake in $BABA and the company's performance in the market. Additionally, some articles provide trading tips and analysis, while others discuss the overall market trends and performance of other stocks.

Keywords: 
- $BABA (Alibaba)
- Price target
- Analyst prediction
- Market trend
- Chinese state-owned enterprises
- Delisting
- SoftBank
- Stake
- Trading tips
- Market analysis
- Stock performance
- $AMZN (Amazon)
- $AAPL (Apple)
-
[2022-08-15] Summary: 
The news articles mention $BABA (Alibaba Group Holding) stock multiple times, with various analysts and traders discussing its performance, price targets, and market trends. Some articles mention that the stock is overvalued, while others discuss its recent web traffic increase and analyst price targets. There is no clear indication of a turnaround or a decisive move up in the stock price.

Keywords: 
- $BABA (Alibaba Group Holding)
- Stock market
- Analyst price target
- Overvalued
- Web traffic
- Trading
- Options
- Stock performance
- Market trends
- Alibaba Group Holding
- Alibabagroup
- BABA stock
- Alibaba Group Holding stock price
- Alibaba Group Holding news
- Alibaba Group Holding stock analysis
[2022-08-16] Summary: 
Ray Dalio's Bridgewater sold its $BABA stock, and $BABA is expected to have a run-up. Top analysts have set a price target for $BABA for the next week. The stock opened at $92.69 with a 50-day average of $104.60 and a 200-day average of $113.03. The market cap of $BABA is $244.02B, and the average volume is 28.11M.

Keywords: 
- $BABA
- Ray Dalio
- Bridgewater
- Stock market
- Alibaba
- Price target
- Analysts
- Market cap
- Average volume
- Trading
- Stock options
- 13F
- Intrinsic value
- Valuation",Negative
92,AAPL,2022-08-17,"[2022-08-11] Summary: 
Apple (AAPL) stock is trending and has been mentioned in various news and updates. Warren Buffett received a dividend of $208,738,745.03 from Apple, and the company's stock has been performing well despite a slow market. Apple's weight in the S&P 500 is the largest since 1980, and the company is expected to sustain iPhone sales in 2022. The stock has been mentioned in various trading and investment updates, with some analysts predicting a potential run-up in the stock price.

Keywords: 
- Apple (AAPL)
- Warren Buffett
- Dividend
- S&P 500
- iPhone sales
- Stock market
- Trading
- Investment
- Options
- Sentiment analysis
- Inflation
- Bitcoin
[2022-08-12] Summary: 
Apple Inc. ($AAPL) has been performing well, with its stock price increasing by 32.5% from its year-to-date lows. The company has also been a top holding in Berkshire Hathaway's portfolio since 1995. Apple's financial strength and perceived stability have helped it recover since the market peak. The company has also been a significant contributor to the S&P 500, with the highest weighting for any company since 1980. Apple has also been a dividend-paying stock, with Warren Buffett receiving a dividend of $208,738,745.03 from his investment in the company.

Keywords: 
- Apple Inc. ($AAPL)
- Berkshire Hathaway
- Warren Buffett
- S&P 500
- Dividend
- Stock price
[2022-08-15] Summary: 
Apple (AAPL) stock has been performing well, with a 32% increase since its June 16th low and a 15% increase overall. The stock is also up 0.52% in the last day. Analysts have set a high price target for AAPL, and the company is reportedly planning to put ads in more apps on the iPhone. However, there are also concerns about the stock's performance, with some analysts predicting a decline.

Keywords: 
- AAPL
- Apple
- Stock
- Price target
- Analysts
- iPhone
- Ads
- Performance
- Decline

Note: The news data is noisy and contains a lot of irrelevant information, but the above summary and keywords are based on the relevant information extracted from
[2022-08-16] Summary: 
Apple (AAPL) has laid off 100 contract recruiters in the past week as part of its slowdown in hiring, according to Bloomberg. The company has also set a September 5 deadline for corporate employees to return to the office at least three days a week. Apple's stock price has been fluctuating, with some analysts predicting a potential pullback. The company's dividend payments have also been mentioned.

Keywords: 
- Apple (AAPL)
- Layoffs
- Hiring slowdown
- Return to office
- Stock price
- Dividend payments
- Analyst predictions
- Pullback
- Corporate employees
- Office attendance
- Stock market
- Investing
- Trading
- Stocks
- Wall Street
- Market trends
- Financial news
- Business news
[2022-08-17] Summary: 
The news is about Apple stock ($AAPL) and its recent performance. Analysts are upgrading their price targets for Apple, with some predicting a significant increase in the stock price. There are also discussions about Apple's upcoming iPhone 14 lineup, which is expected to be unveiled on September 7th. Some analysts are warning about the stock's high valuation, with one analyst suggesting that it may be overvalued at 27 times earnings. Additionally, there are discussions about Apple's decoupling from China and its plans to produce iPhones in Vietnam.

Keywords: 
- $AAPL (Apple stock)
- iPhone 14
- Analysts' price targets
- Valuation
- Decoupling from China
- Vietnam
- Stock market performance
- Options trading",Positive
93,BABA,2022-08-17,"[2022-08-11] Summary: 
The news articles mention various stocks, but the main focus is on Alibaba Group (BABA) stock. There are mentions of price targets, analyst predictions, and market trends. Some articles discuss SoftBank's stake in Alibaba and the potential for a run-up in the stock price. Additionally, there are mentions of other stocks such as Tesla (TSLA), Amazon (AMZN), and Apple (AAPL), but the primary focus is on BABA.

Keywords: 
- BABA (Alibaba Group)
- SoftBank
- Stock price
- Analyst predictions
- Market trends
- Options trading
- China stocks
- US rate-hike bets
- Alibaba's share count
- Stock market
- Investing
- Trading

Note: The news articles are quite
[2022-08-12] Summary: 
The news articles mention various price targets, analyst predictions, and market trends for the stock $BABA (Alibaba). Some articles discuss the potential impact of Chinese state-owned enterprises delisting from US exchanges on the stock price. There are also mentions of SoftBank's stake in $BABA and the company's performance in the market. Additionally, some articles provide trading tips and analysis, while others discuss the overall market trends and performance of other stocks.

Keywords: 
- $BABA (Alibaba)
- Price target
- Analyst prediction
- Market trend
- Chinese state-owned enterprises
- Delisting
- SoftBank
- Stake
- Trading tips
- Market analysis
- Stock performance
- $AMZN (Amazon)
- $AAPL (Apple)
-
[2022-08-15] Summary: 
The news articles mention $BABA (Alibaba Group Holding) stock multiple times, with various analysts and traders discussing its performance, price targets, and market trends. Some articles mention that the stock is overvalued, while others discuss its recent web traffic increase and analyst price targets. There is no clear indication of a turnaround or a decisive move up in the stock price.

Keywords: 
- $BABA (Alibaba Group Holding)
- Stock market
- Analyst price target
- Overvalued
- Web traffic
- Trading
- Options
- Stock performance
- Market trends
- Alibaba Group Holding
- Alibabagroup
- BABA stock
- Alibaba Group Holding stock price
- Alibaba Group Holding news
- Alibaba Group Holding stock analysis
[2022-08-16] Summary: 
Ray Dalio's Bridgewater sold its $BABA stock, and $BABA is expected to have a run-up. Top analysts have set a price target for $BABA for the next week. The stock opened at $92.69 with a 50-day average of $104.60 and a 200-day average of $113.03. The market cap of $BABA is $244.02B, and the average volume is 28.11M.

Keywords: 
- $BABA
- Ray Dalio
- Bridgewater
- Stock market
- Alibaba
- Price target
- Analysts
- Market cap
- Average volume
- Trading
- Stock options
- 13F
- Intrinsic value
- Valuation
[2022-08-17] Summary: 
BABA stock has been analyzed by 44 analysts, with a consensus of buy and a median price target of $151.64 and a high price target of $252.73. The stock has been mentioned in various news and updates, including a potential run-up, buying the dip, and analyst price targets. Ray Dalio sold all his BABA stock, which was 3% of his portfolio.

Keywords: 
- BABA
- Stock
- Options
- Analyst
- Price target
- Buy
- Sell
- Ray Dalio
- Portfolio
- $SPY
- $TSLA
- $NVDA
- $AMZN
- $AAPL
- $MSFT
- $NFLX
- $TWTR",Negative
94,BABA,2022-08-18,"[2022-08-12] Summary: 
The news articles mention various price targets, analyst predictions, and market trends for the stock $BABA (Alibaba). Some articles discuss the potential impact of Chinese state-owned enterprises delisting from US exchanges on the stock price. There are also mentions of SoftBank's stake in $BABA and the company's performance in the market. Additionally, some articles provide trading tips and analysis, while others discuss the overall market trends and performance of other stocks.

Keywords: 
- $BABA (Alibaba)
- Price target
- Analyst prediction
- Market trend
- Chinese state-owned enterprises
- Delisting
- SoftBank
- Stake
- Trading tips
- Market analysis
- Stock performance
- $AMZN (Amazon)
- $AAPL (Apple)
-
[2022-08-15] Summary: 
The news articles mention $BABA (Alibaba Group Holding) stock multiple times, with various analysts and traders discussing its performance, price targets, and market trends. Some articles mention that the stock is overvalued, while others discuss its recent web traffic increase and analyst price targets. There is no clear indication of a turnaround or a decisive move up in the stock price.

Keywords: 
- $BABA (Alibaba Group Holding)
- Stock market
- Analyst price target
- Overvalued
- Web traffic
- Trading
- Options
- Stock performance
- Market trends
- Alibaba Group Holding
- Alibabagroup
- BABA stock
- Alibaba Group Holding stock price
- Alibaba Group Holding news
- Alibaba Group Holding stock analysis
[2022-08-16] Summary: 
Ray Dalio's Bridgewater sold its $BABA stock, and $BABA is expected to have a run-up. Top analysts have set a price target for $BABA for the next week. The stock opened at $92.69 with a 50-day average of $104.60 and a 200-day average of $113.03. The market cap of $BABA is $244.02B, and the average volume is 28.11M.

Keywords: 
- $BABA
- Ray Dalio
- Bridgewater
- Stock market
- Alibaba
- Price target
- Analysts
- Market cap
- Average volume
- Trading
- Stock options
- 13F
- Intrinsic value
- Valuation
[2022-08-17] Summary: 
BABA stock has been analyzed by 44 analysts, with a consensus of buy and a median price target of $151.64 and a high price target of $252.73. The stock has been mentioned in various news and updates, including a potential run-up, buying the dip, and analyst price targets. Ray Dalio sold all his BABA stock, which was 3% of his portfolio.

Keywords: 
- BABA
- Stock
- Options
- Analyst
- Price target
- Buy
- Sell
- Ray Dalio
- Portfolio
- $SPY
- $TSLA
- $NVDA
- $AMZN
- $AAPL
- $MSFT
- $NFLX
- $TWTR
[2022-08-18] Summary: 
The news articles and tweets are discussing various stocks, including $BABA (Alibaba Group), with some mentioning price targets, analyst ratings, and potential market movements. There is no specific news about BABA's financial performance, earnings, or any significant events. However, some tweets suggest that BABA is expected to have a run-up in the market.

Keywords: 
- $BABA (Alibaba Group)
- Stock market
- Analyst ratings
- Price targets
- Market movement
- Trading
- Stocks
- Alibaba Group
- Financial performance
- Earnings
- Market news
- Investing
- TradingView
- FANG+ constituents
- Jack Ma
- Ray Dalio
- Dividend
- Stock market news

Note: The news articles",Positive
95,AAPL,2022-08-19,"[2022-08-15] Summary: 
Apple (AAPL) stock has been performing well, with a 32% increase since its June 16th low and a 15% increase overall. The stock is also up 0.52% in the last day. Analysts have set a high price target for AAPL, and the company is reportedly planning to put ads in more apps on the iPhone. However, there are also concerns about the stock's performance, with some analysts predicting a decline.

Keywords: 
- AAPL
- Apple
- Stock
- Price target
- Analysts
- iPhone
- Ads
- Performance
- Decline

Note: The news data is noisy and contains a lot of irrelevant information, but the above summary and keywords are based on the relevant information extracted from
[2022-08-16] Summary: 
Apple (AAPL) has laid off 100 contract recruiters in the past week as part of its slowdown in hiring, according to Bloomberg. The company has also set a September 5 deadline for corporate employees to return to the office at least three days a week. Apple's stock price has been fluctuating, with some analysts predicting a potential pullback. The company's dividend payments have also been mentioned.

Keywords: 
- Apple (AAPL)
- Layoffs
- Hiring slowdown
- Return to office
- Stock price
- Dividend payments
- Analyst predictions
- Pullback
- Corporate employees
- Office attendance
- Stock market
- Investing
- Trading
- Stocks
- Wall Street
- Market trends
- Financial news
- Business news
[2022-08-17] Summary: 
The news is about Apple stock ($AAPL) and its recent performance. Analysts are upgrading their price targets for Apple, with some predicting a significant increase in the stock price. There are also discussions about Apple's upcoming iPhone 14 lineup, which is expected to be unveiled on September 7th. Some analysts are warning about the stock's high valuation, with one analyst suggesting that it may be overvalued at 27 times earnings. Additionally, there are discussions about Apple's decoupling from China and its plans to produce iPhones in Vietnam.

Keywords: 
- $AAPL (Apple stock)
- iPhone 14
- Analysts' price targets
- Valuation
- Decoupling from China
- Vietnam
- Stock market performance
- Options trading
[2022-08-18] Summary: 
Apple (AAPL) stock has been a topic of discussion among traders and investors, with various analysts and experts sharing their opinions and predictions. Some of the key points mentioned include:

* A potential 40%+ upside for AAPL over the next couple of years, according to Loup Ventures.
* A possible pullback in the market, which could be a good entry point to buy AAPL puts.
* Apple's CFO, Luca Maestri, has filed paperwork to sell 96,735 shares, worth an estimated $16.9 million.
* A top analyst has set a price target for AAPL for next week.
* Apple has set September 7th as the date to unveil the iPhone 14 lineup.
* The company is planning to produce Apple Watch and
[2022-08-19] Summary: 
Apple (AAPL) stock has been in the news due to various reasons. The company's security vulnerabilities for iPhones, iPads, and Macs have been disclosed, which could potentially allow attackers to take complete control of devices. Apple has also been mentioned in the context of a potential price target for next week, with some analysts predicting a significant increase. Additionally, the company's security update has been highlighted as a significant development, with some experts suggesting that every consumer should update their devices. Furthermore, Apple's stock price has been affected by various market trends, with some analysts predicting a bear market rally is coming to an end.

Keywords: 
- AAPL
- Apple
- Security vulnerabilities
- Price target
- Security update
- Stock price
- Market trends
-",Negative
96,BABA,2022-08-19,"[2022-08-15] Summary: 
The news articles mention $BABA (Alibaba Group Holding) stock multiple times, with various analysts and traders discussing its performance, price targets, and market trends. Some articles mention that the stock is overvalued, while others discuss its recent web traffic increase and analyst price targets. There is no clear indication of a turnaround or a decisive move up in the stock price.

Keywords: 
- $BABA (Alibaba Group Holding)
- Stock market
- Analyst price target
- Overvalued
- Web traffic
- Trading
- Options
- Stock performance
- Market trends
- Alibaba Group Holding
- Alibabagroup
- BABA stock
- Alibaba Group Holding stock price
- Alibaba Group Holding news
- Alibaba Group Holding stock analysis
[2022-08-16] Summary: 
Ray Dalio's Bridgewater sold its $BABA stock, and $BABA is expected to have a run-up. Top analysts have set a price target for $BABA for the next week. The stock opened at $92.69 with a 50-day average of $104.60 and a 200-day average of $113.03. The market cap of $BABA is $244.02B, and the average volume is 28.11M.

Keywords: 
- $BABA
- Ray Dalio
- Bridgewater
- Stock market
- Alibaba
- Price target
- Analysts
- Market cap
- Average volume
- Trading
- Stock options
- 13F
- Intrinsic value
- Valuation
[2022-08-17] Summary: 
BABA stock has been analyzed by 44 analysts, with a consensus of buy and a median price target of $151.64 and a high price target of $252.73. The stock has been mentioned in various news and updates, including a potential run-up, buying the dip, and analyst price targets. Ray Dalio sold all his BABA stock, which was 3% of his portfolio.

Keywords: 
- BABA
- Stock
- Options
- Analyst
- Price target
- Buy
- Sell
- Ray Dalio
- Portfolio
- $SPY
- $TSLA
- $NVDA
- $AMZN
- $AAPL
- $MSFT
- $NFLX
- $TWTR
[2022-08-18] Summary: 
The news articles and tweets are discussing various stocks, including $BABA (Alibaba Group), with some mentioning price targets, analyst ratings, and potential market movements. There is no specific news about BABA's financial performance, earnings, or any significant events. However, some tweets suggest that BABA is expected to have a run-up in the market.

Keywords: 
- $BABA (Alibaba Group)
- Stock market
- Analyst ratings
- Price targets
- Market movement
- Trading
- Stocks
- Alibaba Group
- Financial performance
- Earnings
- Market news
- Investing
- TradingView
- FANG+ constituents
- Jack Ma
- Ray Dalio
- Dividend
- Stock market news

Note: The news articles
[2022-08-19] Summary: 
Alibaba Group Holding Limited (BABA) is expected to have a run-up in its stock price, with top analysts predicting a price target for the next week. The company has partnered with ByteDance to allow Douyin users to order food through a short video application. There are also concerns about Chinese internet regulation and the overvaluation of Chinese tech giants, including BABA. Additionally, there are unusual activity alerts for BABA options trading.

Keywords: 
- Alibaba Group Holding Limited (BABA)
- Stock price run-up
- Analyst price target
- Chinese internet regulation
- Overvaluation
- Options trading
- ByteDance
- Douyin
- TikTok
- Warren Buffett's intrinsic value formula
- Jack Ma's sales pitch
- Donald",Negative
97,AAPL,2022-08-22,"[2022-08-16] Summary: 
Apple (AAPL) has laid off 100 contract recruiters in the past week as part of its slowdown in hiring, according to Bloomberg. The company has also set a September 5 deadline for corporate employees to return to the office at least three days a week. Apple's stock price has been fluctuating, with some analysts predicting a potential pullback. The company's dividend payments have also been mentioned.

Keywords: 
- Apple (AAPL)
- Layoffs
- Hiring slowdown
- Return to office
- Stock price
- Dividend payments
- Analyst predictions
- Pullback
- Corporate employees
- Office attendance
- Stock market
- Investing
- Trading
- Stocks
- Wall Street
- Market trends
- Financial news
- Business news
[2022-08-17] Summary: 
The news is about Apple stock ($AAPL) and its recent performance. Analysts are upgrading their price targets for Apple, with some predicting a significant increase in the stock price. There are also discussions about Apple's upcoming iPhone 14 lineup, which is expected to be unveiled on September 7th. Some analysts are warning about the stock's high valuation, with one analyst suggesting that it may be overvalued at 27 times earnings. Additionally, there are discussions about Apple's decoupling from China and its plans to produce iPhones in Vietnam.

Keywords: 
- $AAPL (Apple stock)
- iPhone 14
- Analysts' price targets
- Valuation
- Decoupling from China
- Vietnam
- Stock market performance
- Options trading
[2022-08-18] Summary: 
Apple (AAPL) stock has been a topic of discussion among traders and investors, with various analysts and experts sharing their opinions and predictions. Some of the key points mentioned include:

* A potential 40%+ upside for AAPL over the next couple of years, according to Loup Ventures.
* A possible pullback in the market, which could be a good entry point to buy AAPL puts.
* Apple's CFO, Luca Maestri, has filed paperwork to sell 96,735 shares, worth an estimated $16.9 million.
* A top analyst has set a price target for AAPL for next week.
* Apple has set September 7th as the date to unveil the iPhone 14 lineup.
* The company is planning to produce Apple Watch and
[2022-08-19] Summary: 
Apple (AAPL) stock has been in the news due to various reasons. The company's security vulnerabilities for iPhones, iPads, and Macs have been disclosed, which could potentially allow attackers to take complete control of devices. Apple has also been mentioned in the context of a potential price target for next week, with some analysts predicting a significant increase. Additionally, the company's security update has been highlighted as a significant development, with some experts suggesting that every consumer should update their devices. Furthermore, Apple's stock price has been affected by various market trends, with some analysts predicting a bear market rally is coming to an end.

Keywords: 
- AAPL
- Apple
- Security vulnerabilities
- Price target
- Security update
- Stock price
- Market trends
-
[2022-08-22] Summary: 
The news is about Apple Inc. (AAPL) stock, with various analysts and traders discussing its price movement, potential price targets, and market trends. Some tweets mention Apple's employees pushing back against the return-to-office mandate, while others discuss the company's financial performance and its position in the market.

Keywords: 
- AAPL
- Apple
- Stock
- Price target
- Analyst
- Market trend
- Return-to-office mandate
- Financial performance
- Dividend stocks
- Earnings
- Emerging market
- Crypto
- Trading
- Options
- Stocks
- Market

Note: The news is quite noisy and contains a lot of irrelevant information, but the above summary and keywords are the most relevant to the topic of AAPL stock.",Negative
98,BABA,2022-08-24,"[2022-08-18] Summary: 
The news articles and tweets are discussing various stocks, including $BABA (Alibaba Group), with some mentioning price targets, analyst ratings, and potential market movements. There is no specific news about BABA's financial performance, earnings, or any significant events. However, some tweets suggest that BABA is expected to have a run-up in the market.

Keywords: 
- $BABA (Alibaba Group)
- Stock market
- Analyst ratings
- Price targets
- Market movement
- Trading
- Stocks
- Alibaba Group
- Financial performance
- Earnings
- Market news
- Investing
- TradingView
- FANG+ constituents
- Jack Ma
- Ray Dalio
- Dividend
- Stock market news

Note: The news articles
[2022-08-19] Summary: 
Alibaba Group Holding Limited (BABA) is expected to have a run-up in its stock price, with top analysts predicting a price target for the next week. The company has partnered with ByteDance to allow Douyin users to order food through a short video application. There are also concerns about Chinese internet regulation and the overvaluation of Chinese tech giants, including BABA. Additionally, there are unusual activity alerts for BABA options trading.

Keywords: 
- Alibaba Group Holding Limited (BABA)
- Stock price run-up
- Analyst price target
- Chinese internet regulation
- Overvaluation
- Options trading
- ByteDance
- Douyin
- TikTok
- Warren Buffett's intrinsic value formula
- Jack Ma's sales pitch
- Donald
[2022-08-22] Summary: 
Alibaba Group Holding Limited (BABA) stock is experiencing bearish sentiment with some analysts predicting a bounce at $89. There are also mentions of the company being overvalued according to Warren Buffett's intrinsic value formula. However, some analysts are bullish on the stock, with top analyst price targets for the next week ranging from $89 to an unspecified high value. The company's earnings reports are also mentioned, but the date is not specified.

Keywords: 
- BABA
- Bear flag
- Warren Buffett
- Intrinsic value
- Overvalued
- Analyst price target
- Earnings reports
- Alibaba Group Holding Limited
- Stock market
- Trading
- Options
- Swing trade
- Alibaba
- Bounce
- Bullish
-
[2022-08-23] Summary: 
The news is about the stock market, specifically the stock $BABA (Alibaba Group Holding Limited). The news mentions various price targets, analyst ratings, and trading alerts for the stock. There are also mentions of other stocks such as $AMZN (Amazon), $TSLA (Tesla), $AAPL (Apple), and $NVDA (NVIDIA). The news also mentions a trading community that provides alerts and analysis for various stocks.

Keywords: 
- $BABA
- Alibaba Group Holding Limited
- Stock market
- Price target
- Analyst ratings
- Trading alerts
- $AMZN
- $TSLA
- $AAPL
- $NVDA
- Trading community

Note: The news is quite noisy and contains a lot of
[2022-08-24] Summary: 
The news is about BABA (Alibaba Group) stock, with various traders and analysts discussing its price target, trading ideas, and market trends. Some of the key points mentioned include:

- Awaiting a buy signal based on 47 signals on the 15-min chart.
- BABA's price target for next week is mentioned multiple times, with some analysts predicting a significant increase.
- Traders are discussing unusual option activity, including a large put option trade on BABA with a total value of $1,155,000.
- Some analysts are warning about the potential for a market trend, with one trader suggesting that a statement from Xi Jinping could have a positive impact on Chinese stocks, including BABA.

Keywords: 
- BABA
- Alibaba Group
- Stock",Positive
99,AAPL,2022-08-25,"[2022-08-19] Summary: 
Apple (AAPL) stock has been in the news due to various reasons. The company's security vulnerabilities for iPhones, iPads, and Macs have been disclosed, which could potentially allow attackers to take complete control of devices. Apple has also been mentioned in the context of a potential price target for next week, with some analysts predicting a significant increase. Additionally, the company's security update has been highlighted as a significant development, with some experts suggesting that every consumer should update their devices. Furthermore, Apple's stock price has been affected by various market trends, with some analysts predicting a bear market rally is coming to an end.

Keywords: 
- AAPL
- Apple
- Security vulnerabilities
- Price target
- Security update
- Stock price
- Market trends
-
[2022-08-22] Summary: 
The news is about Apple Inc. (AAPL) stock, with various analysts and traders discussing its price movement, potential price targets, and market trends. Some tweets mention Apple's employees pushing back against the return-to-office mandate, while others discuss the company's financial performance and its position in the market.

Keywords: 
- AAPL
- Apple
- Stock
- Price target
- Analyst
- Market trend
- Return-to-office mandate
- Financial performance
- Dividend stocks
- Earnings
- Emerging market
- Crypto
- Trading
- Options
- Stocks
- Market

Note: The news is quite noisy and contains a lot of irrelevant information, but the above summary and keywords are the most relevant to the topic of AAPL stock.
[2022-08-23] Summary: 
The news articles mention Apple (AAPL) stock in various contexts, including its performance, analyst price targets, and production plans. Some articles discuss the company's efforts to diversify its manufacturing base by producing iPhones in India, while others mention the company's CFO selling shares and the potential for a stock price run-up. There are also mentions of Apple's products, such as the iPhone 14, and the company's overall market performance.

Keywords: 
- AAPL
- Apple
- iPhone 14
- India
- Manufacturing
- Stock price
- Analyst price target
- CFO
- Share sale
- Diversification
- Production
- Market performance
- Trading
- Sentiment report
- Stock market
- Investing
- Finance

Note:
[2022-08-24] Summary: 
The news articles mention various stocks, but the main focus is on Apple (AAPL) stock. There are several articles discussing Apple's performance, price targets, and upcoming events. Some articles mention Apple's iPhone 14 and its manufacturing plans in India. There are also articles discussing the company's research and development (R&D) expenses and its market share gains. Additionally, there are articles discussing the overall market trends and the performance of other stocks such as Tesla (TSLA), Amazon (AMZN), and Microsoft (MSFT).

Keywords: 
AAPL, Apple, iPhone 14, India, R&D, market share, stock price, price target, manufacturing, Tesla, Amazon, Microsoft, stock market, DJIA, Nasdaq 100, S&P 500
[2022-08-25] Summary: 
The news is about Apple (AAPL) stock, with various updates and analysis on its performance. The stock price is mentioned to be around $170, with some analysts predicting a price target of over $1500. There are also mentions of Apple's upcoming event on September 7, where a new iPhone 14 is expected to be launched. The stock has been performing well, with a 1.5% increase in the last trading day.

Keywords: 
- AAPL
- Apple
- Stock
- Price
- Target
- Event
- iPhone
- Launch
- Performance
- Analysts
- Prediction
- Trading
- Market

Note: The news is quite noisy and contains a lot of irrelevant information, but the above summary and keywords are",Positive
100,BABA,2022-08-25,"[2022-08-19] Summary: 
Alibaba Group Holding Limited (BABA) is expected to have a run-up in its stock price, with top analysts predicting a price target for the next week. The company has partnered with ByteDance to allow Douyin users to order food through a short video application. There are also concerns about Chinese internet regulation and the overvaluation of Chinese tech giants, including BABA. Additionally, there are unusual activity alerts for BABA options trading.

Keywords: 
- Alibaba Group Holding Limited (BABA)
- Stock price run-up
- Analyst price target
- Chinese internet regulation
- Overvaluation
- Options trading
- ByteDance
- Douyin
- TikTok
- Warren Buffett's intrinsic value formula
- Jack Ma's sales pitch
- Donald
[2022-08-22] Summary: 
Alibaba Group Holding Limited (BABA) stock is experiencing bearish sentiment with some analysts predicting a bounce at $89. There are also mentions of the company being overvalued according to Warren Buffett's intrinsic value formula. However, some analysts are bullish on the stock, with top analyst price targets for the next week ranging from $89 to an unspecified high value. The company's earnings reports are also mentioned, but the date is not specified.

Keywords: 
- BABA
- Bear flag
- Warren Buffett
- Intrinsic value
- Overvalued
- Analyst price target
- Earnings reports
- Alibaba Group Holding Limited
- Stock market
- Trading
- Options
- Swing trade
- Alibaba
- Bounce
- Bullish
-
[2022-08-23] Summary: 
The news is about the stock market, specifically the stock $BABA (Alibaba Group Holding Limited). The news mentions various price targets, analyst ratings, and trading alerts for the stock. There are also mentions of other stocks such as $AMZN (Amazon), $TSLA (Tesla), $AAPL (Apple), and $NVDA (NVIDIA). The news also mentions a trading community that provides alerts and analysis for various stocks.

Keywords: 
- $BABA
- Alibaba Group Holding Limited
- Stock market
- Price target
- Analyst ratings
- Trading alerts
- $AMZN
- $TSLA
- $AAPL
- $NVDA
- Trading community

Note: The news is quite noisy and contains a lot of
[2022-08-24] Summary: 
The news is about BABA (Alibaba Group) stock, with various traders and analysts discussing its price target, trading ideas, and market trends. Some of the key points mentioned include:

- Awaiting a buy signal based on 47 signals on the 15-min chart.
- BABA's price target for next week is mentioned multiple times, with some analysts predicting a significant increase.
- Traders are discussing unusual option activity, including a large put option trade on BABA with a total value of $1,155,000.
- Some analysts are warning about the potential for a market trend, with one trader suggesting that a statement from Xi Jinping could have a positive impact on Chinese stocks, including BABA.

Keywords: 
- BABA
- Alibaba Group
- Stock
[2022-08-25] Summary: 
Alibaba Group Holding Limited ($BABA) stock has been experiencing significant price movements, with a nearly 8% increase as audit news and China stimulus sink in. The company's GMV reached 1.2 billion dollars in the fiscal year 2021, doubling Amazon's ($AMZN) revenue. There are rumors of a deal between the US and China to allow American accounting regulators to travel to Hong Kong to inspect Chinese companies, which could positively impact $BABA. The stock has been involved in various trading activities, including unusual option activity and a significant increase in trading volume.

Keywords: 
- $BABA
- Alibaba Group Holding Limited
- Audit news
- China stimulus
- US-China deal
- Option activity
- Trading volume
- $AMZN",Positive
101,AAPL,2022-08-26,"[2022-08-22] Summary: 
The news is about Apple Inc. (AAPL) stock, with various analysts and traders discussing its price movement, potential price targets, and market trends. Some tweets mention Apple's employees pushing back against the return-to-office mandate, while others discuss the company's financial performance and its position in the market.

Keywords: 
- AAPL
- Apple
- Stock
- Price target
- Analyst
- Market trend
- Return-to-office mandate
- Financial performance
- Dividend stocks
- Earnings
- Emerging market
- Crypto
- Trading
- Options
- Stocks
- Market

Note: The news is quite noisy and contains a lot of irrelevant information, but the above summary and keywords are the most relevant to the topic of AAPL stock.
[2022-08-23] Summary: 
The news articles mention Apple (AAPL) stock in various contexts, including its performance, analyst price targets, and production plans. Some articles discuss the company's efforts to diversify its manufacturing base by producing iPhones in India, while others mention the company's CFO selling shares and the potential for a stock price run-up. There are also mentions of Apple's products, such as the iPhone 14, and the company's overall market performance.

Keywords: 
- AAPL
- Apple
- iPhone 14
- India
- Manufacturing
- Stock price
- Analyst price target
- CFO
- Share sale
- Diversification
- Production
- Market performance
- Trading
- Sentiment report
- Stock market
- Investing
- Finance

Note:
[2022-08-24] Summary: 
The news articles mention various stocks, but the main focus is on Apple (AAPL) stock. There are several articles discussing Apple's performance, price targets, and upcoming events. Some articles mention Apple's iPhone 14 and its manufacturing plans in India. There are also articles discussing the company's research and development (R&D) expenses and its market share gains. Additionally, there are articles discussing the overall market trends and the performance of other stocks such as Tesla (TSLA), Amazon (AMZN), and Microsoft (MSFT).

Keywords: 
AAPL, Apple, iPhone 14, India, R&D, market share, stock price, price target, manufacturing, Tesla, Amazon, Microsoft, stock market, DJIA, Nasdaq 100, S&P 500
[2022-08-25] Summary: 
The news is about Apple (AAPL) stock, with various updates and analysis on its performance. The stock price is mentioned to be around $170, with some analysts predicting a price target of over $1500. There are also mentions of Apple's upcoming event on September 7, where a new iPhone 14 is expected to be launched. The stock has been performing well, with a 1.5% increase in the last trading day.

Keywords: 
- AAPL
- Apple
- Stock
- Price
- Target
- Event
- iPhone
- Launch
- Performance
- Analysts
- Prediction
- Trading
- Market

Note: The news is quite noisy and contains a lot of irrelevant information, but the above summary and keywords are
[2022-08-26] Summary: 
The news is about Apple Inc. (AAPL) stock. The news mentions various price targets, analyst predictions, and market trends. The stock is expected to be traded between $175.97 and $167.25 in 3 months. There are also mentions of Apple's product reviews, adoption of Apple Pay, and potential antitrust lawsuit against the company.

Keywords: 
- AAPL
- Apple
- Stock
- Price target
- Analyst prediction
- Market trend
- Apple Pay
- Antitrust lawsuit

Note: The news is quite noisy and contains a lot of irrelevant information, but the above summary and keywords are the most relevant information extracted from the news.",Negative
102,BABA,2022-08-26,"[2022-08-22] Summary: 
Alibaba Group Holding Limited (BABA) stock is experiencing bearish sentiment with some analysts predicting a bounce at $89. There are also mentions of the company being overvalued according to Warren Buffett's intrinsic value formula. However, some analysts are bullish on the stock, with top analyst price targets for the next week ranging from $89 to an unspecified high value. The company's earnings reports are also mentioned, but the date is not specified.

Keywords: 
- BABA
- Bear flag
- Warren Buffett
- Intrinsic value
- Overvalued
- Analyst price target
- Earnings reports
- Alibaba Group Holding Limited
- Stock market
- Trading
- Options
- Swing trade
- Alibaba
- Bounce
- Bullish
-
[2022-08-23] Summary: 
The news is about the stock market, specifically the stock $BABA (Alibaba Group Holding Limited). The news mentions various price targets, analyst ratings, and trading alerts for the stock. There are also mentions of other stocks such as $AMZN (Amazon), $TSLA (Tesla), $AAPL (Apple), and $NVDA (NVIDIA). The news also mentions a trading community that provides alerts and analysis for various stocks.

Keywords: 
- $BABA
- Alibaba Group Holding Limited
- Stock market
- Price target
- Analyst ratings
- Trading alerts
- $AMZN
- $TSLA
- $AAPL
- $NVDA
- Trading community

Note: The news is quite noisy and contains a lot of
[2022-08-24] Summary: 
The news is about BABA (Alibaba Group) stock, with various traders and analysts discussing its price target, trading ideas, and market trends. Some of the key points mentioned include:

- Awaiting a buy signal based on 47 signals on the 15-min chart.
- BABA's price target for next week is mentioned multiple times, with some analysts predicting a significant increase.
- Traders are discussing unusual option activity, including a large put option trade on BABA with a total value of $1,155,000.
- Some analysts are warning about the potential for a market trend, with one trader suggesting that a statement from Xi Jinping could have a positive impact on Chinese stocks, including BABA.

Keywords: 
- BABA
- Alibaba Group
- Stock
[2022-08-25] Summary: 
Alibaba Group Holding Limited ($BABA) stock has been experiencing significant price movements, with a nearly 8% increase as audit news and China stimulus sink in. The company's GMV reached 1.2 billion dollars in the fiscal year 2021, doubling Amazon's ($AMZN) revenue. There are rumors of a deal between the US and China to allow American accounting regulators to travel to Hong Kong to inspect Chinese companies, which could positively impact $BABA. The stock has been involved in various trading activities, including unusual option activity and a significant increase in trading volume.

Keywords: 
- $BABA
- Alibaba Group Holding Limited
- Audit news
- China stimulus
- US-China deal
- Option activity
- Trading volume
- $AMZN
[2022-08-26] Summary: 
The news articles are mostly about the stock performance of BABA (Alibaba Group Holding Ltd - ADR) and its potential price targets. Some articles mention the stock's recent price movements, analyst predictions, and trading volumes. There is also a mention of a possible agreement between the China Securities Regulatory Commission and the US regulatory bodies. However, the news articles are mostly noisy and lack concrete information about the company's financial performance or any significant events that may have affected its stock price.

Keywords: 
- BABA
- Alibaba Group Holding Ltd - ADR
- Stock performance
- Price targets
- Analyst predictions
- Trading volumes
- China Securities Regulatory Commission
- US regulatory bodies
- Agreement
- Stock market
- Investing
- Trading

Note: The news articles",Negative
103,AAPL,2022-08-29,"[2022-08-23] Summary: 
The news articles mention Apple (AAPL) stock in various contexts, including its performance, analyst price targets, and production plans. Some articles discuss the company's efforts to diversify its manufacturing base by producing iPhones in India, while others mention the company's CFO selling shares and the potential for a stock price run-up. There are also mentions of Apple's products, such as the iPhone 14, and the company's overall market performance.

Keywords: 
- AAPL
- Apple
- iPhone 14
- India
- Manufacturing
- Stock price
- Analyst price target
- CFO
- Share sale
- Diversification
- Production
- Market performance
- Trading
- Sentiment report
- Stock market
- Investing
- Finance

Note:
[2022-08-24] Summary: 
The news articles mention various stocks, but the main focus is on Apple (AAPL) stock. There are several articles discussing Apple's performance, price targets, and upcoming events. Some articles mention Apple's iPhone 14 and its manufacturing plans in India. There are also articles discussing the company's research and development (R&D) expenses and its market share gains. Additionally, there are articles discussing the overall market trends and the performance of other stocks such as Tesla (TSLA), Amazon (AMZN), and Microsoft (MSFT).

Keywords: 
AAPL, Apple, iPhone 14, India, R&D, market share, stock price, price target, manufacturing, Tesla, Amazon, Microsoft, stock market, DJIA, Nasdaq 100, S&P 500
[2022-08-25] Summary: 
The news is about Apple (AAPL) stock, with various updates and analysis on its performance. The stock price is mentioned to be around $170, with some analysts predicting a price target of over $1500. There are also mentions of Apple's upcoming event on September 7, where a new iPhone 14 is expected to be launched. The stock has been performing well, with a 1.5% increase in the last trading day.

Keywords: 
- AAPL
- Apple
- Stock
- Price
- Target
- Event
- iPhone
- Launch
- Performance
- Analysts
- Prediction
- Trading
- Market

Note: The news is quite noisy and contains a lot of irrelevant information, but the above summary and keywords are
[2022-08-26] Summary: 
The news is about Apple Inc. (AAPL) stock. The news mentions various price targets, analyst predictions, and market trends. The stock is expected to be traded between $175.97 and $167.25 in 3 months. There are also mentions of Apple's product reviews, adoption of Apple Pay, and potential antitrust lawsuit against the company.

Keywords: 
- AAPL
- Apple
- Stock
- Price target
- Analyst prediction
- Market trend
- Apple Pay
- Antitrust lawsuit

Note: The news is quite noisy and contains a lot of irrelevant information, but the above summary and keywords are the most relevant information extracted from the news.
[2022-08-29] Summary: 
The news is about Apple Inc. (AAPL) stock, with various analysts and traders discussing its performance, price targets, and potential future moves. Some analysts are bearish on the stock, while others are optimistic about its prospects. There are also discussions about the company's upcoming product launches, including new iPhones and an updated Apple Watch.

Keywords: 
- AAPL (Apple Inc.)
- Stock Market
- Trading
- Finance
- Investing
- Stocks
- Options
- Wall Street
- Fintech
- Software
- iPhone
- Apple Watch
- Product Launch
- Price Target
- Sentiment Report
- Analysts
- Traders
- Bears
- Bulls
- Market Analysis
- Technical Analysis
- Fundamental Analysis
- Stock",Negative
104,BABA,2022-08-29,"[2022-08-23] Summary: 
The news is about the stock market, specifically the stock $BABA (Alibaba Group Holding Limited). The news mentions various price targets, analyst ratings, and trading alerts for the stock. There are also mentions of other stocks such as $AMZN (Amazon), $TSLA (Tesla), $AAPL (Apple), and $NVDA (NVIDIA). The news also mentions a trading community that provides alerts and analysis for various stocks.

Keywords: 
- $BABA
- Alibaba Group Holding Limited
- Stock market
- Price target
- Analyst ratings
- Trading alerts
- $AMZN
- $TSLA
- $AAPL
- $NVDA
- Trading community

Note: The news is quite noisy and contains a lot of
[2022-08-24] Summary: 
The news is about BABA (Alibaba Group) stock, with various traders and analysts discussing its price target, trading ideas, and market trends. Some of the key points mentioned include:

- Awaiting a buy signal based on 47 signals on the 15-min chart.
- BABA's price target for next week is mentioned multiple times, with some analysts predicting a significant increase.
- Traders are discussing unusual option activity, including a large put option trade on BABA with a total value of $1,155,000.
- Some analysts are warning about the potential for a market trend, with one trader suggesting that a statement from Xi Jinping could have a positive impact on Chinese stocks, including BABA.

Keywords: 
- BABA
- Alibaba Group
- Stock
[2022-08-25] Summary: 
Alibaba Group Holding Limited ($BABA) stock has been experiencing significant price movements, with a nearly 8% increase as audit news and China stimulus sink in. The company's GMV reached 1.2 billion dollars in the fiscal year 2021, doubling Amazon's ($AMZN) revenue. There are rumors of a deal between the US and China to allow American accounting regulators to travel to Hong Kong to inspect Chinese companies, which could positively impact $BABA. The stock has been involved in various trading activities, including unusual option activity and a significant increase in trading volume.

Keywords: 
- $BABA
- Alibaba Group Holding Limited
- Audit news
- China stimulus
- US-China deal
- Option activity
- Trading volume
- $AMZN
[2022-08-26] Summary: 
The news articles are mostly about the stock performance of BABA (Alibaba Group Holding Ltd - ADR) and its potential price targets. Some articles mention the stock's recent price movements, analyst predictions, and trading volumes. There is also a mention of a possible agreement between the China Securities Regulatory Commission and the US regulatory bodies. However, the news articles are mostly noisy and lack concrete information about the company's financial performance or any significant events that may have affected its stock price.

Keywords: 
- BABA
- Alibaba Group Holding Ltd - ADR
- Stock performance
- Price targets
- Analyst predictions
- Trading volumes
- China Securities Regulatory Commission
- US regulatory bodies
- Agreement
- Stock market
- Investing
- Trading

Note: The news articles
[2022-08-29] Summary: 
The news is about Alibaba Group Holding Limited (BABA) stock, with various analysts predicting a price target of $120-$160 by the end of September. There are also mentions of high volumes for BABA's $100 CALLs expiring on Friday. Additionally, the stock is considered a top pick for the week, with some analysts predicting a significant increase in price.

Keywords: 
- BABA
- Alibaba Group Holding Limited
- Stock price target
- $120-$160
- Options trading
- High volumes
- CALLs
- Analyst ratings
- Price predictions
- Trading chat-room
- US-China agreement
- Equities
- Transparency
- Audit agreement

Note: The news is quite noisy and contains a lot of irrelevant information, but the",Negative
105,AAPL,2022-08-30,"[2022-08-24] Summary: 
The news articles mention various stocks, but the main focus is on Apple (AAPL) stock. There are several articles discussing Apple's performance, price targets, and upcoming events. Some articles mention Apple's iPhone 14 and its manufacturing plans in India. There are also articles discussing the company's research and development (R&D) expenses and its market share gains. Additionally, there are articles discussing the overall market trends and the performance of other stocks such as Tesla (TSLA), Amazon (AMZN), and Microsoft (MSFT).

Keywords: 
AAPL, Apple, iPhone 14, India, R&D, market share, stock price, price target, manufacturing, Tesla, Amazon, Microsoft, stock market, DJIA, Nasdaq 100, S&P 500
[2022-08-25] Summary: 
The news is about Apple (AAPL) stock, with various updates and analysis on its performance. The stock price is mentioned to be around $170, with some analysts predicting a price target of over $1500. There are also mentions of Apple's upcoming event on September 7, where a new iPhone 14 is expected to be launched. The stock has been performing well, with a 1.5% increase in the last trading day.

Keywords: 
- AAPL
- Apple
- Stock
- Price
- Target
- Event
- iPhone
- Launch
- Performance
- Analysts
- Prediction
- Trading
- Market

Note: The news is quite noisy and contains a lot of irrelevant information, but the above summary and keywords are
[2022-08-26] Summary: 
The news is about Apple Inc. (AAPL) stock. The news mentions various price targets, analyst predictions, and market trends. The stock is expected to be traded between $175.97 and $167.25 in 3 months. There are also mentions of Apple's product reviews, adoption of Apple Pay, and potential antitrust lawsuit against the company.

Keywords: 
- AAPL
- Apple
- Stock
- Price target
- Analyst prediction
- Market trend
- Apple Pay
- Antitrust lawsuit

Note: The news is quite noisy and contains a lot of irrelevant information, but the above summary and keywords are the most relevant information extracted from the news.
[2022-08-29] Summary: 
The news is about Apple Inc. (AAPL) stock, with various analysts and traders discussing its performance, price targets, and potential future moves. Some analysts are bearish on the stock, while others are optimistic about its prospects. There are also discussions about the company's upcoming product launches, including new iPhones and an updated Apple Watch.

Keywords: 
- AAPL (Apple Inc.)
- Stock Market
- Trading
- Finance
- Investing
- Stocks
- Options
- Wall Street
- Fintech
- Software
- iPhone
- Apple Watch
- Product Launch
- Price Target
- Sentiment Report
- Analysts
- Traders
- Bears
- Bulls
- Market Analysis
- Technical Analysis
- Fundamental Analysis
- Stock
[2022-08-30] Summary: 
The news articles are about various stocks, including AAPL, TSLA, SPY, and others, with some articles discussing their performance, price movements, and market trends. Some articles mention investment opportunities, trading alerts, and stock market analysis. There is also a mention of a 25% off sale for Trade Ideas fintech Software.

Keywords: 
AAPL, TSLA, SPY, stocks, trading, finance, cryptocurrency, bitcoin, investment, market, stock market, trading alerts, stock analysis, investment opportunities, fintech, software, Trade Ideas.

Note: The news articles are quite noisy and contain a lot of irrelevant information, but the above summary and keywords are the most relevant information that can be extracted.",Negative
106,BABA,2022-08-30,"[2022-08-24] Summary: 
The news is about BABA (Alibaba Group) stock, with various traders and analysts discussing its price target, trading ideas, and market trends. Some of the key points mentioned include:

- Awaiting a buy signal based on 47 signals on the 15-min chart.
- BABA's price target for next week is mentioned multiple times, with some analysts predicting a significant increase.
- Traders are discussing unusual option activity, including a large put option trade on BABA with a total value of $1,155,000.
- Some analysts are warning about the potential for a market trend, with one trader suggesting that a statement from Xi Jinping could have a positive impact on Chinese stocks, including BABA.

Keywords: 
- BABA
- Alibaba Group
- Stock
[2022-08-25] Summary: 
Alibaba Group Holding Limited ($BABA) stock has been experiencing significant price movements, with a nearly 8% increase as audit news and China stimulus sink in. The company's GMV reached 1.2 billion dollars in the fiscal year 2021, doubling Amazon's ($AMZN) revenue. There are rumors of a deal between the US and China to allow American accounting regulators to travel to Hong Kong to inspect Chinese companies, which could positively impact $BABA. The stock has been involved in various trading activities, including unusual option activity and a significant increase in trading volume.

Keywords: 
- $BABA
- Alibaba Group Holding Limited
- Audit news
- China stimulus
- US-China deal
- Option activity
- Trading volume
- $AMZN
[2022-08-26] Summary: 
The news articles are mostly about the stock performance of BABA (Alibaba Group Holding Ltd - ADR) and its potential price targets. Some articles mention the stock's recent price movements, analyst predictions, and trading volumes. There is also a mention of a possible agreement between the China Securities Regulatory Commission and the US regulatory bodies. However, the news articles are mostly noisy and lack concrete information about the company's financial performance or any significant events that may have affected its stock price.

Keywords: 
- BABA
- Alibaba Group Holding Ltd - ADR
- Stock performance
- Price targets
- Analyst predictions
- Trading volumes
- China Securities Regulatory Commission
- US regulatory bodies
- Agreement
- Stock market
- Investing
- Trading

Note: The news articles
[2022-08-29] Summary: 
The news is about Alibaba Group Holding Limited (BABA) stock, with various analysts predicting a price target of $120-$160 by the end of September. There are also mentions of high volumes for BABA's $100 CALLs expiring on Friday. Additionally, the stock is considered a top pick for the week, with some analysts predicting a significant increase in price.

Keywords: 
- BABA
- Alibaba Group Holding Limited
- Stock price target
- $120-$160
- Options trading
- High volumes
- CALLs
- Analyst ratings
- Price predictions
- Trading chat-room
- US-China agreement
- Equities
- Transparency
- Audit agreement

Note: The news is quite noisy and contains a lot of irrelevant information, but the
[2022-08-30] Summary: 
Alibaba Group Holding Ltd (BABA) has been selected by US regulators for audit inspections, which may have an impact on the company's stock price. Analysts have set a high price target for BABA, and some investors are buying the dip, expecting a possible continuation higher. However, the stock has shown a history of volatility, with significant price drops in the past.

Keywords: 
- BABA
- Alibaba Group Holding Ltd
- Audit inspections
- US regulators
- Stock price
- Analysts' price target
- Buying the dip
- Volatility
- Cloud computing
- AWS
- Azure
- GCP
- US-listed Chinese companies
- Audit inspection
- E-commerce giant
- US regulators selection",Negative
107,AAPL,2022-08-31,"[2022-08-25] Summary: 
The news is about Apple (AAPL) stock, with various updates and analysis on its performance. The stock price is mentioned to be around $170, with some analysts predicting a price target of over $1500. There are also mentions of Apple's upcoming event on September 7, where a new iPhone 14 is expected to be launched. The stock has been performing well, with a 1.5% increase in the last trading day.

Keywords: 
- AAPL
- Apple
- Stock
- Price
- Target
- Event
- iPhone
- Launch
- Performance
- Analysts
- Prediction
- Trading
- Market

Note: The news is quite noisy and contains a lot of irrelevant information, but the above summary and keywords are
[2022-08-26] Summary: 
The news is about Apple Inc. (AAPL) stock. The news mentions various price targets, analyst predictions, and market trends. The stock is expected to be traded between $175.97 and $167.25 in 3 months. There are also mentions of Apple's product reviews, adoption of Apple Pay, and potential antitrust lawsuit against the company.

Keywords: 
- AAPL
- Apple
- Stock
- Price target
- Analyst prediction
- Market trend
- Apple Pay
- Antitrust lawsuit

Note: The news is quite noisy and contains a lot of irrelevant information, but the above summary and keywords are the most relevant information extracted from the news.
[2022-08-29] Summary: 
The news is about Apple Inc. (AAPL) stock, with various analysts and traders discussing its performance, price targets, and potential future moves. Some analysts are bearish on the stock, while others are optimistic about its prospects. There are also discussions about the company's upcoming product launches, including new iPhones and an updated Apple Watch.

Keywords: 
- AAPL (Apple Inc.)
- Stock Market
- Trading
- Finance
- Investing
- Stocks
- Options
- Wall Street
- Fintech
- Software
- iPhone
- Apple Watch
- Product Launch
- Price Target
- Sentiment Report
- Analysts
- Traders
- Bears
- Bulls
- Market Analysis
- Technical Analysis
- Fundamental Analysis
- Stock
[2022-08-30] Summary: 
The news articles are about various stocks, including AAPL, TSLA, SPY, and others, with some articles discussing their performance, price movements, and market trends. Some articles mention investment opportunities, trading alerts, and stock market analysis. There is also a mention of a 25% off sale for Trade Ideas fintech Software.

Keywords: 
AAPL, TSLA, SPY, stocks, trading, finance, cryptocurrency, bitcoin, investment, market, stock market, trading alerts, stock analysis, investment opportunities, fintech, software, Trade Ideas.

Note: The news articles are quite noisy and contain a lot of irrelevant information, but the above summary and keywords are the most relevant information that can be extracted.
[2022-08-31] Summary: 
The news is about various stocks, including AAPL, with some mentions of market trends, analyst predictions, and trading strategies. There are also mentions of other stocks such as TSLA, GOOG, MSFT, and SPY. The news also includes information about the stock market, trading, and finance.

Keywords: 
- AAPL
- TSLA
- GOOG
- MSFT
- SPY
- Stocks
- Trading
- Finance
- Market
- Analyst
- Prediction
- Strategy
- Trend
- Sentiment
- Report

Note: The news is quite noisy and contains a lot of irrelevant information, but the above summary and keywords are the most relevant to the topic of AAPL stock.",Negative
108,BABA,2022-08-31,"[2022-08-25] Summary: 
Alibaba Group Holding Limited ($BABA) stock has been experiencing significant price movements, with a nearly 8% increase as audit news and China stimulus sink in. The company's GMV reached 1.2 billion dollars in the fiscal year 2021, doubling Amazon's ($AMZN) revenue. There are rumors of a deal between the US and China to allow American accounting regulators to travel to Hong Kong to inspect Chinese companies, which could positively impact $BABA. The stock has been involved in various trading activities, including unusual option activity and a significant increase in trading volume.

Keywords: 
- $BABA
- Alibaba Group Holding Limited
- Audit news
- China stimulus
- US-China deal
- Option activity
- Trading volume
- $AMZN
[2022-08-26] Summary: 
The news articles are mostly about the stock performance of BABA (Alibaba Group Holding Ltd - ADR) and its potential price targets. Some articles mention the stock's recent price movements, analyst predictions, and trading volumes. There is also a mention of a possible agreement between the China Securities Regulatory Commission and the US regulatory bodies. However, the news articles are mostly noisy and lack concrete information about the company's financial performance or any significant events that may have affected its stock price.

Keywords: 
- BABA
- Alibaba Group Holding Ltd - ADR
- Stock performance
- Price targets
- Analyst predictions
- Trading volumes
- China Securities Regulatory Commission
- US regulatory bodies
- Agreement
- Stock market
- Investing
- Trading

Note: The news articles
[2022-08-29] Summary: 
The news is about Alibaba Group Holding Limited (BABA) stock, with various analysts predicting a price target of $120-$160 by the end of September. There are also mentions of high volumes for BABA's $100 CALLs expiring on Friday. Additionally, the stock is considered a top pick for the week, with some analysts predicting a significant increase in price.

Keywords: 
- BABA
- Alibaba Group Holding Limited
- Stock price target
- $120-$160
- Options trading
- High volumes
- CALLs
- Analyst ratings
- Price predictions
- Trading chat-room
- US-China agreement
- Equities
- Transparency
- Audit agreement

Note: The news is quite noisy and contains a lot of irrelevant information, but the
[2022-08-30] Summary: 
Alibaba Group Holding Ltd (BABA) has been selected by US regulators for audit inspections, which may have an impact on the company's stock price. Analysts have set a high price target for BABA, and some investors are buying the dip, expecting a possible continuation higher. However, the stock has shown a history of volatility, with significant price drops in the past.

Keywords: 
- BABA
- Alibaba Group Holding Ltd
- Audit inspections
- US regulators
- Stock price
- Analysts' price target
- Buying the dip
- Volatility
- Cloud computing
- AWS
- Azure
- GCP
- US-listed Chinese companies
- Audit inspection
- E-commerce giant
- US regulators selection
[2022-08-31] Summary: 
The news articles mention various stocks, but the main focus is on BABA (Alibaba Group Holding Limited). The news includes unusual activity alerts, analyst price targets, and trading updates. There is a mention of a potential delisting risk for BABA due to a PCAOB audit, but it is already listed. The news also includes information on other stocks such as Amazon, Tesla, and Meta, but BABA is the primary focus.

Keywords: 
- BABA
- Alibaba Group Holding Limited
- Analyst price target
- Unusual activity alert
- PCAOB audit
- Delisting risk
- Trading updates
- Stock market
- $SPX
- $SPY
- $QQQ
- $TSLA
- $NVDA
-",Positive
109,BABA,2022-09-01,"[2022-08-26] Summary: 
The news articles are mostly about the stock performance of BABA (Alibaba Group Holding Ltd - ADR) and its potential price targets. Some articles mention the stock's recent price movements, analyst predictions, and trading volumes. There is also a mention of a possible agreement between the China Securities Regulatory Commission and the US regulatory bodies. However, the news articles are mostly noisy and lack concrete information about the company's financial performance or any significant events that may have affected its stock price.

Keywords: 
- BABA
- Alibaba Group Holding Ltd - ADR
- Stock performance
- Price targets
- Analyst predictions
- Trading volumes
- China Securities Regulatory Commission
- US regulatory bodies
- Agreement
- Stock market
- Investing
- Trading

Note: The news articles
[2022-08-29] Summary: 
The news is about Alibaba Group Holding Limited (BABA) stock, with various analysts predicting a price target of $120-$160 by the end of September. There are also mentions of high volumes for BABA's $100 CALLs expiring on Friday. Additionally, the stock is considered a top pick for the week, with some analysts predicting a significant increase in price.

Keywords: 
- BABA
- Alibaba Group Holding Limited
- Stock price target
- $120-$160
- Options trading
- High volumes
- CALLs
- Analyst ratings
- Price predictions
- Trading chat-room
- US-China agreement
- Equities
- Transparency
- Audit agreement

Note: The news is quite noisy and contains a lot of irrelevant information, but the
[2022-08-30] Summary: 
Alibaba Group Holding Ltd (BABA) has been selected by US regulators for audit inspections, which may have an impact on the company's stock price. Analysts have set a high price target for BABA, and some investors are buying the dip, expecting a possible continuation higher. However, the stock has shown a history of volatility, with significant price drops in the past.

Keywords: 
- BABA
- Alibaba Group Holding Ltd
- Audit inspections
- US regulators
- Stock price
- Analysts' price target
- Buying the dip
- Volatility
- Cloud computing
- AWS
- Azure
- GCP
- US-listed Chinese companies
- Audit inspection
- E-commerce giant
- US regulators selection
[2022-08-31] Summary: 
The news articles mention various stocks, but the main focus is on BABA (Alibaba Group Holding Limited). The news includes unusual activity alerts, analyst price targets, and trading updates. There is a mention of a potential delisting risk for BABA due to a PCAOB audit, but it is already listed. The news also includes information on other stocks such as Amazon, Tesla, and Meta, but BABA is the primary focus.

Keywords: 
- BABA
- Alibaba Group Holding Limited
- Analyst price target
- Unusual activity alert
- PCAOB audit
- Delisting risk
- Trading updates
- Stock market
- $SPX
- $SPY
- $QQQ
- $TSLA
- $NVDA
-
[2022-09-01] Summary: 
The news is about BABA (Alibaba Group) stock, with various analysts and traders discussing its price target, trading plans, and potential rally. Some tweets mention the company's annual report, audit, and delisting fears. There is also a mention of a bear flag formation on the 1-hour chart, indicating a possible downward trend.

Keywords: 
- BABA
- Alibaba Group
- Price target
- Trading plan
- Bear flag
- Delisting fears
- Annual report
- Audit
- Stock rally
- Trading chat-room
- Technical analysis

Note: The news is quite noisy and contains a lot of irrelevant information, but the above summary and keywords are extracted from the relevant parts of the text.",Negative
110,AAPL,2022-09-02,"[2022-08-29] Summary: 
The news is about Apple Inc. (AAPL) stock, with various analysts and traders discussing its performance, price targets, and potential future moves. Some analysts are bearish on the stock, while others are optimistic about its prospects. There are also discussions about the company's upcoming product launches, including new iPhones and an updated Apple Watch.

Keywords: 
- AAPL (Apple Inc.)
- Stock Market
- Trading
- Finance
- Investing
- Stocks
- Options
- Wall Street
- Fintech
- Software
- iPhone
- Apple Watch
- Product Launch
- Price Target
- Sentiment Report
- Analysts
- Traders
- Bears
- Bulls
- Market Analysis
- Technical Analysis
- Fundamental Analysis
- Stock
[2022-08-30] Summary: 
The news articles are about various stocks, including AAPL, TSLA, SPY, and others, with some articles discussing their performance, price movements, and market trends. Some articles mention investment opportunities, trading alerts, and stock market analysis. There is also a mention of a 25% off sale for Trade Ideas fintech Software.

Keywords: 
AAPL, TSLA, SPY, stocks, trading, finance, cryptocurrency, bitcoin, investment, market, stock market, trading alerts, stock analysis, investment opportunities, fintech, software, Trade Ideas.

Note: The news articles are quite noisy and contain a lot of irrelevant information, but the above summary and keywords are the most relevant information that can be extracted.
[2022-08-31] Summary: 
The news is about various stocks, including AAPL, with some mentions of market trends, analyst predictions, and trading strategies. There are also mentions of other stocks such as TSLA, GOOG, MSFT, and SPY. The news also includes information about the stock market, trading, and finance.

Keywords: 
- AAPL
- TSLA
- GOOG
- MSFT
- SPY
- Stocks
- Trading
- Finance
- Market
- Analyst
- Prediction
- Strategy
- Trend
- Sentiment
- Report

Note: The news is quite noisy and contains a lot of irrelevant information, but the above summary and keywords are the most relevant to the topic of AAPL stock.
[2022-09-01] Summary: 
The news is about Apple Inc. (AAPL) stock performance and market trends. The stock has been experiencing fluctuations, with some analysts predicting a potential move towards the lower end of its trading range. There are also discussions about the company's upcoming iPhone 14 release and its potential impact on the stock. Additionally, there are mentions of Apple's market capitalization and its comparison to other companies.

Keywords: 
- AAPL
- Apple
- Stock market
- Trading
- iPhone 14
- Market capitalization
- Analysts
- Price target
- Sentiment report
- Technical analysis
- Breakout
- Retest
- Options trading
- Dividend
- ROE (Return on Equity)
- FOMC (Federal Open Market Committee)
[2022-09-02] Summary: 
The news is about Apple Inc. (AAPL) stock, with various mentions of its performance, price targets, and market trends. There are also mentions of other stocks such as Tesla (TSLA), Amazon (AMZN), and Microsoft (MSFT). The news suggests that AAPL has overtaken Android to account for 50% of smartphones used in the US, and there are expectations of a price hike in the upcoming Apple iPhone 14 event. Some analysts are also predicting a buy signal for AAPL based on technical analysis.

Keywords: 
- AAPL (Apple Inc.)
- TSLA (Tesla Inc.)
- AMZN (Amazon.com Inc.)
- MSFT (Microsoft Corporation)
- iPhone 14
- Android
- Stock market
- Price target",Negative
111,BABA,2022-09-02,"[2022-08-29] Summary: 
The news is about Alibaba Group Holding Limited (BABA) stock, with various analysts predicting a price target of $120-$160 by the end of September. There are also mentions of high volumes for BABA's $100 CALLs expiring on Friday. Additionally, the stock is considered a top pick for the week, with some analysts predicting a significant increase in price.

Keywords: 
- BABA
- Alibaba Group Holding Limited
- Stock price target
- $120-$160
- Options trading
- High volumes
- CALLs
- Analyst ratings
- Price predictions
- Trading chat-room
- US-China agreement
- Equities
- Transparency
- Audit agreement

Note: The news is quite noisy and contains a lot of irrelevant information, but the
[2022-08-30] Summary: 
Alibaba Group Holding Ltd (BABA) has been selected by US regulators for audit inspections, which may have an impact on the company's stock price. Analysts have set a high price target for BABA, and some investors are buying the dip, expecting a possible continuation higher. However, the stock has shown a history of volatility, with significant price drops in the past.

Keywords: 
- BABA
- Alibaba Group Holding Ltd
- Audit inspections
- US regulators
- Stock price
- Analysts' price target
- Buying the dip
- Volatility
- Cloud computing
- AWS
- Azure
- GCP
- US-listed Chinese companies
- Audit inspection
- E-commerce giant
- US regulators selection
[2022-08-31] Summary: 
The news articles mention various stocks, but the main focus is on BABA (Alibaba Group Holding Limited). The news includes unusual activity alerts, analyst price targets, and trading updates. There is a mention of a potential delisting risk for BABA due to a PCAOB audit, but it is already listed. The news also includes information on other stocks such as Amazon, Tesla, and Meta, but BABA is the primary focus.

Keywords: 
- BABA
- Alibaba Group Holding Limited
- Analyst price target
- Unusual activity alert
- PCAOB audit
- Delisting risk
- Trading updates
- Stock market
- $SPX
- $SPY
- $QQQ
- $TSLA
- $NVDA
-
[2022-09-01] Summary: 
The news is about BABA (Alibaba Group) stock, with various analysts and traders discussing its price target, trading plans, and potential rally. Some tweets mention the company's annual report, audit, and delisting fears. There is also a mention of a bear flag formation on the 1-hour chart, indicating a possible downward trend.

Keywords: 
- BABA
- Alibaba Group
- Price target
- Trading plan
- Bear flag
- Delisting fears
- Annual report
- Audit
- Stock rally
- Trading chat-room
- Technical analysis

Note: The news is quite noisy and contains a lot of irrelevant information, but the above summary and keywords are extracted from the relevant parts of the text.
[2022-09-02] Summary: 
The news is about BABA stock, with mentions of potential profits, analyst price targets, and market trends. There are also mentions of other stocks such as $AAPL, $AMZN, $NVDA, $TSLA, $NFLX, $TWTR, $AAL, $NIO, $INO, $OXY, $CCL, $FB, $USO, $DAL, $TWLO, $UGAZ, $DIS, $ROKU, $TVIX, $CRON, $DJIA, $SPX, $TLRY, $SQ, $MSFT, $GLD, $SRNE, $VEA, $VGK, $EEM, $IEMG, $BLK,",Negative
112,AAPL,2022-09-06,"[2022-08-30] Summary: 
The news articles are about various stocks, including AAPL, TSLA, SPY, and others, with some articles discussing their performance, price movements, and market trends. Some articles mention investment opportunities, trading alerts, and stock market analysis. There is also a mention of a 25% off sale for Trade Ideas fintech Software.

Keywords: 
AAPL, TSLA, SPY, stocks, trading, finance, cryptocurrency, bitcoin, investment, market, stock market, trading alerts, stock analysis, investment opportunities, fintech, software, Trade Ideas.

Note: The news articles are quite noisy and contain a lot of irrelevant information, but the above summary and keywords are the most relevant information that can be extracted.
[2022-08-31] Summary: 
The news is about various stocks, including AAPL, with some mentions of market trends, analyst predictions, and trading strategies. There are also mentions of other stocks such as TSLA, GOOG, MSFT, and SPY. The news also includes information about the stock market, trading, and finance.

Keywords: 
- AAPL
- TSLA
- GOOG
- MSFT
- SPY
- Stocks
- Trading
- Finance
- Market
- Analyst
- Prediction
- Strategy
- Trend
- Sentiment
- Report

Note: The news is quite noisy and contains a lot of irrelevant information, but the above summary and keywords are the most relevant to the topic of AAPL stock.
[2022-09-01] Summary: 
The news is about Apple Inc. (AAPL) stock performance and market trends. The stock has been experiencing fluctuations, with some analysts predicting a potential move towards the lower end of its trading range. There are also discussions about the company's upcoming iPhone 14 release and its potential impact on the stock. Additionally, there are mentions of Apple's market capitalization and its comparison to other companies.

Keywords: 
- AAPL
- Apple
- Stock market
- Trading
- iPhone 14
- Market capitalization
- Analysts
- Price target
- Sentiment report
- Technical analysis
- Breakout
- Retest
- Options trading
- Dividend
- ROE (Return on Equity)
- FOMC (Federal Open Market Committee)
[2022-09-02] Summary: 
The news is about Apple Inc. (AAPL) stock, with various mentions of its performance, price targets, and market trends. There are also mentions of other stocks such as Tesla (TSLA), Amazon (AMZN), and Microsoft (MSFT). The news suggests that AAPL has overtaken Android to account for 50% of smartphones used in the US, and there are expectations of a price hike in the upcoming Apple iPhone 14 event. Some analysts are also predicting a buy signal for AAPL based on technical analysis.

Keywords: 
- AAPL (Apple Inc.)
- TSLA (Tesla Inc.)
- AMZN (Amazon.com Inc.)
- MSFT (Microsoft Corporation)
- iPhone 14
- Android
- Stock market
- Price target
[2022-09-06] Summary: 
Apple (AAPL) is expected to release new iPhones, Watches, and more at its ""Far Out"" event tomorrow. The company's stock price has been affected by various market trends and analyst predictions. Some analysts have set high price targets for AAPL, while others have expressed concerns about its valuation. The company's market capitalization has grown significantly over the years, and it is now one of the largest companies in the world.

Keywords: 
- AAPL
- Apple
- iPhones
- Watches
- Event
- Stock market
- Analyst predictions
- Price targets
- Market capitalization
- Valuation
- FAANG
- Stocks
- Trading
- Options
- Finance
- Technology
- Investing

Note: The news data is noisy and",Negative
113,BABA,2022-09-06,"[2022-08-30] Summary: 
Alibaba Group Holding Ltd (BABA) has been selected by US regulators for audit inspections, which may have an impact on the company's stock price. Analysts have set a high price target for BABA, and some investors are buying the dip, expecting a possible continuation higher. However, the stock has shown a history of volatility, with significant price drops in the past.

Keywords: 
- BABA
- Alibaba Group Holding Ltd
- Audit inspections
- US regulators
- Stock price
- Analysts' price target
- Buying the dip
- Volatility
- Cloud computing
- AWS
- Azure
- GCP
- US-listed Chinese companies
- Audit inspection
- E-commerce giant
- US regulators selection
[2022-08-31] Summary: 
The news articles mention various stocks, but the main focus is on BABA (Alibaba Group Holding Limited). The news includes unusual activity alerts, analyst price targets, and trading updates. There is a mention of a potential delisting risk for BABA due to a PCAOB audit, but it is already listed. The news also includes information on other stocks such as Amazon, Tesla, and Meta, but BABA is the primary focus.

Keywords: 
- BABA
- Alibaba Group Holding Limited
- Analyst price target
- Unusual activity alert
- PCAOB audit
- Delisting risk
- Trading updates
- Stock market
- $SPX
- $SPY
- $QQQ
- $TSLA
- $NVDA
-
[2022-09-01] Summary: 
The news is about BABA (Alibaba Group) stock, with various analysts and traders discussing its price target, trading plans, and potential rally. Some tweets mention the company's annual report, audit, and delisting fears. There is also a mention of a bear flag formation on the 1-hour chart, indicating a possible downward trend.

Keywords: 
- BABA
- Alibaba Group
- Price target
- Trading plan
- Bear flag
- Delisting fears
- Annual report
- Audit
- Stock rally
- Trading chat-room
- Technical analysis

Note: The news is quite noisy and contains a lot of irrelevant information, but the above summary and keywords are extracted from the relevant parts of the text.
[2022-09-02] Summary: 
The news is about BABA stock, with mentions of potential profits, analyst price targets, and market trends. There are also mentions of other stocks such as $AAPL, $AMZN, $NVDA, $TSLA, $NFLX, $TWTR, $AAL, $NIO, $INO, $OXY, $CCL, $FB, $USO, $DAL, $TWLO, $UGAZ, $DIS, $ROKU, $TVIX, $CRON, $DJIA, $SPX, $TLRY, $SQ, $MSFT, $GLD, $SRNE, $VEA, $VGK, $EEM, $IEMG, $BLK,
[2022-09-06] Summary: 
The news is about the stock market, specifically the stock $BABA (Alibaba Group Holding Limited). There are several mentions of $BABA in the news, with some analysts predicting a price target for the stock, and others discussing its potential for a run-up. The news also mentions other stocks such as $AMZN, $AAPL, $TSLA, and $MSFT, but the focus is on $BABA.

Keywords: 
- $BABA
- Alibaba Group Holding Limited
- Stock market
- Analyst price target
- Run-up
- China equities
- GDP
- $AMZN
- $AAPL
- $TSLA
- $MSFT

Note: The news is quite noisy and contains a lot of",Negative
114,AAPL,2022-09-07,"[2022-08-31] Summary: 
The news is about various stocks, including AAPL, with some mentions of market trends, analyst predictions, and trading strategies. There are also mentions of other stocks such as TSLA, GOOG, MSFT, and SPY. The news also includes information about the stock market, trading, and finance.

Keywords: 
- AAPL
- TSLA
- GOOG
- MSFT
- SPY
- Stocks
- Trading
- Finance
- Market
- Analyst
- Prediction
- Strategy
- Trend
- Sentiment
- Report

Note: The news is quite noisy and contains a lot of irrelevant information, but the above summary and keywords are the most relevant to the topic of AAPL stock.
[2022-09-01] Summary: 
The news is about Apple Inc. (AAPL) stock performance and market trends. The stock has been experiencing fluctuations, with some analysts predicting a potential move towards the lower end of its trading range. There are also discussions about the company's upcoming iPhone 14 release and its potential impact on the stock. Additionally, there are mentions of Apple's market capitalization and its comparison to other companies.

Keywords: 
- AAPL
- Apple
- Stock market
- Trading
- iPhone 14
- Market capitalization
- Analysts
- Price target
- Sentiment report
- Technical analysis
- Breakout
- Retest
- Options trading
- Dividend
- ROE (Return on Equity)
- FOMC (Federal Open Market Committee)
[2022-09-02] Summary: 
The news is about Apple Inc. (AAPL) stock, with various mentions of its performance, price targets, and market trends. There are also mentions of other stocks such as Tesla (TSLA), Amazon (AMZN), and Microsoft (MSFT). The news suggests that AAPL has overtaken Android to account for 50% of smartphones used in the US, and there are expectations of a price hike in the upcoming Apple iPhone 14 event. Some analysts are also predicting a buy signal for AAPL based on technical analysis.

Keywords: 
- AAPL (Apple Inc.)
- TSLA (Tesla Inc.)
- AMZN (Amazon.com Inc.)
- MSFT (Microsoft Corporation)
- iPhone 14
- Android
- Stock market
- Price target
[2022-09-06] Summary: 
Apple (AAPL) is expected to release new iPhones, Watches, and more at its ""Far Out"" event tomorrow. The company's stock price has been affected by various market trends and analyst predictions. Some analysts have set high price targets for AAPL, while others have expressed concerns about its valuation. The company's market capitalization has grown significantly over the years, and it is now one of the largest companies in the world.

Keywords: 
- AAPL
- Apple
- iPhones
- Watches
- Event
- Stock market
- Analyst predictions
- Price targets
- Market capitalization
- Valuation
- FAANG
- Stocks
- Trading
- Options
- Finance
- Technology
- Investing

Note: The news data is noisy and
[2022-09-07] Summary: 
Apple's stock ($AAPL) has been in the news due to its upcoming event, where it is expected to unveil new products, including the iPhone 14, iPhone 14 Pro, and iPhone 14 Pro Max. The company has also announced new satellite-enabled services for certain of its products. The stock has been trending upwards, with a 1% increase in the last hour. However, some analysts are warning of a potential decline if the stock fails to meet expectations.

Keywords: 
- $AAPL
- Apple
- iPhone 14
- iPhone 14 Pro
- iPhone 14 Pro Max
- Satellite-enabled services
- Stock market
- Trading
- Finance
- Technology
- Apple event
- New products
- Stock price
- Trend",Positive
115,BABA,2022-09-07,"[2022-08-31] Summary: 
The news articles mention various stocks, but the main focus is on BABA (Alibaba Group Holding Limited). The news includes unusual activity alerts, analyst price targets, and trading updates. There is a mention of a potential delisting risk for BABA due to a PCAOB audit, but it is already listed. The news also includes information on other stocks such as Amazon, Tesla, and Meta, but BABA is the primary focus.

Keywords: 
- BABA
- Alibaba Group Holding Limited
- Analyst price target
- Unusual activity alert
- PCAOB audit
- Delisting risk
- Trading updates
- Stock market
- $SPX
- $SPY
- $QQQ
- $TSLA
- $NVDA
-
[2022-09-01] Summary: 
The news is about BABA (Alibaba Group) stock, with various analysts and traders discussing its price target, trading plans, and potential rally. Some tweets mention the company's annual report, audit, and delisting fears. There is also a mention of a bear flag formation on the 1-hour chart, indicating a possible downward trend.

Keywords: 
- BABA
- Alibaba Group
- Price target
- Trading plan
- Bear flag
- Delisting fears
- Annual report
- Audit
- Stock rally
- Trading chat-room
- Technical analysis

Note: The news is quite noisy and contains a lot of irrelevant information, but the above summary and keywords are extracted from the relevant parts of the text.
[2022-09-02] Summary: 
The news is about BABA stock, with mentions of potential profits, analyst price targets, and market trends. There are also mentions of other stocks such as $AAPL, $AMZN, $NVDA, $TSLA, $NFLX, $TWTR, $AAL, $NIO, $INO, $OXY, $CCL, $FB, $USO, $DAL, $TWLO, $UGAZ, $DIS, $ROKU, $TVIX, $CRON, $DJIA, $SPX, $TLRY, $SQ, $MSFT, $GLD, $SRNE, $VEA, $VGK, $EEM, $IEMG, $BLK,
[2022-09-06] Summary: 
The news is about the stock market, specifically the stock $BABA (Alibaba Group Holding Limited). There are several mentions of $BABA in the news, with some analysts predicting a price target for the stock, and others discussing its potential for a run-up. The news also mentions other stocks such as $AMZN, $AAPL, $TSLA, and $MSFT, but the focus is on $BABA.

Keywords: 
- $BABA
- Alibaba Group Holding Limited
- Stock market
- Analyst price target
- Run-up
- China equities
- GDP
- $AMZN
- $AAPL
- $TSLA
- $MSFT

Note: The news is quite noisy and contains a lot of
[2022-09-07] Summary: 
The news articles mention $BABA (Alibaba Group) stock multiple times, with various analysts providing price targets and predictions for the stock's performance. Some articles suggest that the stock may be due for a run-up, while others mention potential challenges such as weakening consumer demand in China. The articles also mention other stocks, including $SPY, $QQQ, $AMZN, $NVDA, $TSLA, $AAPL, $NFLX, $TWTR, $AAL, $NIO, $INO, $OXY, $CCL, $FB, $USO, $DAL, $TWLO, $UGAZ, $DIS, $ROKU, $TVIX, $CRON, $DJIA, $SP",Positive
116,AAPL,2022-09-08,"[2022-09-01] Summary: 
The news is about Apple Inc. (AAPL) stock performance and market trends. The stock has been experiencing fluctuations, with some analysts predicting a potential move towards the lower end of its trading range. There are also discussions about the company's upcoming iPhone 14 release and its potential impact on the stock. Additionally, there are mentions of Apple's market capitalization and its comparison to other companies.

Keywords: 
- AAPL
- Apple
- Stock market
- Trading
- iPhone 14
- Market capitalization
- Analysts
- Price target
- Sentiment report
- Technical analysis
- Breakout
- Retest
- Options trading
- Dividend
- ROE (Return on Equity)
- FOMC (Federal Open Market Committee)
[2022-09-02] Summary: 
The news is about Apple Inc. (AAPL) stock, with various mentions of its performance, price targets, and market trends. There are also mentions of other stocks such as Tesla (TSLA), Amazon (AMZN), and Microsoft (MSFT). The news suggests that AAPL has overtaken Android to account for 50% of smartphones used in the US, and there are expectations of a price hike in the upcoming Apple iPhone 14 event. Some analysts are also predicting a buy signal for AAPL based on technical analysis.

Keywords: 
- AAPL (Apple Inc.)
- TSLA (Tesla Inc.)
- AMZN (Amazon.com Inc.)
- MSFT (Microsoft Corporation)
- iPhone 14
- Android
- Stock market
- Price target
[2022-09-06] Summary: 
Apple (AAPL) is expected to release new iPhones, Watches, and more at its ""Far Out"" event tomorrow. The company's stock price has been affected by various market trends and analyst predictions. Some analysts have set high price targets for AAPL, while others have expressed concerns about its valuation. The company's market capitalization has grown significantly over the years, and it is now one of the largest companies in the world.

Keywords: 
- AAPL
- Apple
- iPhones
- Watches
- Event
- Stock market
- Analyst predictions
- Price targets
- Market capitalization
- Valuation
- FAANG
- Stocks
- Trading
- Options
- Finance
- Technology
- Investing

Note: The news data is noisy and
[2022-09-07] Summary: 
Apple's stock ($AAPL) has been in the news due to its upcoming event, where it is expected to unveil new products, including the iPhone 14, iPhone 14 Pro, and iPhone 14 Pro Max. The company has also announced new satellite-enabled services for certain of its products. The stock has been trending upwards, with a 1% increase in the last hour. However, some analysts are warning of a potential decline if the stock fails to meet expectations.

Keywords: 
- $AAPL
- Apple
- iPhone 14
- iPhone 14 Pro
- iPhone 14 Pro Max
- Satellite-enabled services
- Stock market
- Trading
- Finance
- Technology
- Apple event
- New products
- Stock price
- Trend
[2022-09-08] Summary: 
Apple (AAPL) stock has been trending in the news with various updates and discussions. The company has unveiled the iPhone 14 Pro and Pro Max, and there are discussions about the stock's price target for the next week. Some analysts believe that the company's decision not to raise prices is a good thing, while others think it's a sign of margin compression. There are also discussions about Apple's partnership with SpaceX and the potential for Starlink connectivity. Additionally, the stock has been trending on social media, with some users expressing their opinions on the company's products and valuation.

Keywords: 
- AAPL
- Apple
- iPhone 14 Pro
- iPhone 14 Pro Max
- Stock price
- Partnership with SpaceX
- Starlink connectivity
- Margin compression",Negative
117,BABA,2022-09-08,"[2022-09-01] Summary: 
The news is about BABA (Alibaba Group) stock, with various analysts and traders discussing its price target, trading plans, and potential rally. Some tweets mention the company's annual report, audit, and delisting fears. There is also a mention of a bear flag formation on the 1-hour chart, indicating a possible downward trend.

Keywords: 
- BABA
- Alibaba Group
- Price target
- Trading plan
- Bear flag
- Delisting fears
- Annual report
- Audit
- Stock rally
- Trading chat-room
- Technical analysis

Note: The news is quite noisy and contains a lot of irrelevant information, but the above summary and keywords are extracted from the relevant parts of the text.
[2022-09-02] Summary: 
The news is about BABA stock, with mentions of potential profits, analyst price targets, and market trends. There are also mentions of other stocks such as $AAPL, $AMZN, $NVDA, $TSLA, $NFLX, $TWTR, $AAL, $NIO, $INO, $OXY, $CCL, $FB, $USO, $DAL, $TWLO, $UGAZ, $DIS, $ROKU, $TVIX, $CRON, $DJIA, $SPX, $TLRY, $SQ, $MSFT, $GLD, $SRNE, $VEA, $VGK, $EEM, $IEMG, $BLK,
[2022-09-06] Summary: 
The news is about the stock market, specifically the stock $BABA (Alibaba Group Holding Limited). There are several mentions of $BABA in the news, with some analysts predicting a price target for the stock, and others discussing its potential for a run-up. The news also mentions other stocks such as $AMZN, $AAPL, $TSLA, and $MSFT, but the focus is on $BABA.

Keywords: 
- $BABA
- Alibaba Group Holding Limited
- Stock market
- Analyst price target
- Run-up
- China equities
- GDP
- $AMZN
- $AAPL
- $TSLA
- $MSFT

Note: The news is quite noisy and contains a lot of
[2022-09-07] Summary: 
The news articles mention $BABA (Alibaba Group) stock multiple times, with various analysts providing price targets and predictions for the stock's performance. Some articles suggest that the stock may be due for a run-up, while others mention potential challenges such as weakening consumer demand in China. The articles also mention other stocks, including $SPY, $QQQ, $AMZN, $NVDA, $TSLA, $AAPL, $NFLX, $TWTR, $AAL, $NIO, $INO, $OXY, $CCL, $FB, $USO, $DAL, $TWLO, $UGAZ, $DIS, $ROKU, $TVIX, $CRON, $DJIA, $SP
[2022-09-08] Summary: 
Alibaba Group Holding Limited (BABA) stock is expected to see a decline in earnings due to large-scale lockdowns in China, which are increasing the risks of e-commerce and logistics for the company. The stock's valuation is still below its historical average. There are also mentions of analyst price targets for BABA stock, with some predicting a significant increase in price.

Keywords: 
- Alibaba Group Holding Limited (BABA)
- Analyst price target
- China lockdowns
- E-commerce and logistics risks
- Stock valuation
- $BABA
- $SPY
- $QQQ
- $AMZN
- $NVDA
- $AAPL
- $NFLX
- $TWTR
- $AAL
- $FB
-",Negative
118,AAPL,2022-09-09,"[2022-09-02] Summary: 
The news is about Apple Inc. (AAPL) stock, with various mentions of its performance, price targets, and market trends. There are also mentions of other stocks such as Tesla (TSLA), Amazon (AMZN), and Microsoft (MSFT). The news suggests that AAPL has overtaken Android to account for 50% of smartphones used in the US, and there are expectations of a price hike in the upcoming Apple iPhone 14 event. Some analysts are also predicting a buy signal for AAPL based on technical analysis.

Keywords: 
- AAPL (Apple Inc.)
- TSLA (Tesla Inc.)
- AMZN (Amazon.com Inc.)
- MSFT (Microsoft Corporation)
- iPhone 14
- Android
- Stock market
- Price target
[2022-09-06] Summary: 
Apple (AAPL) is expected to release new iPhones, Watches, and more at its ""Far Out"" event tomorrow. The company's stock price has been affected by various market trends and analyst predictions. Some analysts have set high price targets for AAPL, while others have expressed concerns about its valuation. The company's market capitalization has grown significantly over the years, and it is now one of the largest companies in the world.

Keywords: 
- AAPL
- Apple
- iPhones
- Watches
- Event
- Stock market
- Analyst predictions
- Price targets
- Market capitalization
- Valuation
- FAANG
- Stocks
- Trading
- Options
- Finance
- Technology
- Investing

Note: The news data is noisy and
[2022-09-07] Summary: 
Apple's stock ($AAPL) has been in the news due to its upcoming event, where it is expected to unveil new products, including the iPhone 14, iPhone 14 Pro, and iPhone 14 Pro Max. The company has also announced new satellite-enabled services for certain of its products. The stock has been trending upwards, with a 1% increase in the last hour. However, some analysts are warning of a potential decline if the stock fails to meet expectations.

Keywords: 
- $AAPL
- Apple
- iPhone 14
- iPhone 14 Pro
- iPhone 14 Pro Max
- Satellite-enabled services
- Stock market
- Trading
- Finance
- Technology
- Apple event
- New products
- Stock price
- Trend
[2022-09-08] Summary: 
Apple (AAPL) stock has been trending in the news with various updates and discussions. The company has unveiled the iPhone 14 Pro and Pro Max, and there are discussions about the stock's price target for the next week. Some analysts believe that the company's decision not to raise prices is a good thing, while others think it's a sign of margin compression. There are also discussions about Apple's partnership with SpaceX and the potential for Starlink connectivity. Additionally, the stock has been trending on social media, with some users expressing their opinions on the company's products and valuation.

Keywords: 
- AAPL
- Apple
- iPhone 14 Pro
- iPhone 14 Pro Max
- Stock price
- Partnership with SpaceX
- Starlink connectivity
- Margin compression
[2022-09-09] Summary: 
The news is about Apple Inc. (AAPL) stock, with various mentions of its performance, analyst price targets, and potential partnerships. There are also mentions of other stocks such as Tesla (TSLA), Amazon (AMZN), and Microsoft (MSFT). The news also includes information about the stock market, trading, and investing.

Keywords: 
- AAPL (Apple Inc.)
- TSLA (Tesla)
- AMZN (Amazon)
- MSFT (Microsoft)
- SPY (S&P 500 ETF)
- Stock market
- Trading
- Investing
- iPhone
- China
- YMTC (Yangtze Memory Technologies Co.)
- Chips
- Partnerships
- Analyst price targets
- Sentiment report
- Options trading
-",Positive
119,BABA,2022-09-09,"[2022-09-02] Summary: 
The news is about BABA stock, with mentions of potential profits, analyst price targets, and market trends. There are also mentions of other stocks such as $AAPL, $AMZN, $NVDA, $TSLA, $NFLX, $TWTR, $AAL, $NIO, $INO, $OXY, $CCL, $FB, $USO, $DAL, $TWLO, $UGAZ, $DIS, $ROKU, $TVIX, $CRON, $DJIA, $SPX, $TLRY, $SQ, $MSFT, $GLD, $SRNE, $VEA, $VGK, $EEM, $IEMG, $BLK,
[2022-09-06] Summary: 
The news is about the stock market, specifically the stock $BABA (Alibaba Group Holding Limited). There are several mentions of $BABA in the news, with some analysts predicting a price target for the stock, and others discussing its potential for a run-up. The news also mentions other stocks such as $AMZN, $AAPL, $TSLA, and $MSFT, but the focus is on $BABA.

Keywords: 
- $BABA
- Alibaba Group Holding Limited
- Stock market
- Analyst price target
- Run-up
- China equities
- GDP
- $AMZN
- $AAPL
- $TSLA
- $MSFT

Note: The news is quite noisy and contains a lot of
[2022-09-07] Summary: 
The news articles mention $BABA (Alibaba Group) stock multiple times, with various analysts providing price targets and predictions for the stock's performance. Some articles suggest that the stock may be due for a run-up, while others mention potential challenges such as weakening consumer demand in China. The articles also mention other stocks, including $SPY, $QQQ, $AMZN, $NVDA, $TSLA, $AAPL, $NFLX, $TWTR, $AAL, $NIO, $INO, $OXY, $CCL, $FB, $USO, $DAL, $TWLO, $UGAZ, $DIS, $ROKU, $TVIX, $CRON, $DJIA, $SP
[2022-09-08] Summary: 
Alibaba Group Holding Limited (BABA) stock is expected to see a decline in earnings due to large-scale lockdowns in China, which are increasing the risks of e-commerce and logistics for the company. The stock's valuation is still below its historical average. There are also mentions of analyst price targets for BABA stock, with some predicting a significant increase in price.

Keywords: 
- Alibaba Group Holding Limited (BABA)
- Analyst price target
- China lockdowns
- E-commerce and logistics risks
- Stock valuation
- $BABA
- $SPY
- $QQQ
- $AMZN
- $NVDA
- $AAPL
- $NFLX
- $TWTR
- $AAL
- $FB
-
[2022-09-09] Summary: 
The news articles mention various stocks, but the primary focus is on BABA (Alibaba Group Holding Limited). The news includes analyst price targets, unusual activity alerts, and potential stock movements. There is also a mention of China's restrictions on domestic travel and Covid outbreaks, which may impact the stock market.

Keywords: 
- BABA
- Alibaba Group Holding Limited
- Analyst price target
- Stock movement
- China
- Covid-19
- Stock market
- Trading
- Options
- Stock price

Note: The news articles are mostly related to stock market and trading, but some of the articles are not directly related to BABA stock.",Positive
120,AAPL,2022-09-12,"[2022-09-06] Summary: 
Apple (AAPL) is expected to release new iPhones, Watches, and more at its ""Far Out"" event tomorrow. The company's stock price has been affected by various market trends and analyst predictions. Some analysts have set high price targets for AAPL, while others have expressed concerns about its valuation. The company's market capitalization has grown significantly over the years, and it is now one of the largest companies in the world.

Keywords: 
- AAPL
- Apple
- iPhones
- Watches
- Event
- Stock market
- Analyst predictions
- Price targets
- Market capitalization
- Valuation
- FAANG
- Stocks
- Trading
- Options
- Finance
- Technology
- Investing

Note: The news data is noisy and
[2022-09-07] Summary: 
Apple's stock ($AAPL) has been in the news due to its upcoming event, where it is expected to unveil new products, including the iPhone 14, iPhone 14 Pro, and iPhone 14 Pro Max. The company has also announced new satellite-enabled services for certain of its products. The stock has been trending upwards, with a 1% increase in the last hour. However, some analysts are warning of a potential decline if the stock fails to meet expectations.

Keywords: 
- $AAPL
- Apple
- iPhone 14
- iPhone 14 Pro
- iPhone 14 Pro Max
- Satellite-enabled services
- Stock market
- Trading
- Finance
- Technology
- Apple event
- New products
- Stock price
- Trend
[2022-09-08] Summary: 
Apple (AAPL) stock has been trending in the news with various updates and discussions. The company has unveiled the iPhone 14 Pro and Pro Max, and there are discussions about the stock's price target for the next week. Some analysts believe that the company's decision not to raise prices is a good thing, while others think it's a sign of margin compression. There are also discussions about Apple's partnership with SpaceX and the potential for Starlink connectivity. Additionally, the stock has been trending on social media, with some users expressing their opinions on the company's products and valuation.

Keywords: 
- AAPL
- Apple
- iPhone 14 Pro
- iPhone 14 Pro Max
- Stock price
- Partnership with SpaceX
- Starlink connectivity
- Margin compression
[2022-09-09] Summary: 
The news is about Apple Inc. (AAPL) stock, with various mentions of its performance, analyst price targets, and potential partnerships. There are also mentions of other stocks such as Tesla (TSLA), Amazon (AMZN), and Microsoft (MSFT). The news also includes information about the stock market, trading, and investing.

Keywords: 
- AAPL (Apple Inc.)
- TSLA (Tesla)
- AMZN (Amazon)
- MSFT (Microsoft)
- SPY (S&P 500 ETF)
- Stock market
- Trading
- Investing
- iPhone
- China
- YMTC (Yangtze Memory Technologies Co.)
- Chips
- Partnerships
- Analyst price targets
- Sentiment report
- Options trading
-
[2022-09-12] Summary: 
The news is about Apple Inc. (AAPL) stock, with various tweets mentioning its performance, analyst price targets, and trading activities. Some tweets discuss the stock's recent price movements, while others mention its market capitalization, trading volume, and analyst predictions. There are also mentions of other stocks, such as Tesla (TSLA), Amazon (AMZN), and Microsoft (MSFT), but the primary focus is on AAPL.

Keywords: 
- AAPL
- Apple
- Stock market
- Trading
- Analyst price target
- Market capitalization
- Trading volume
- iPhone
- iOS
- Mac
- MacBook
- iPad
- Apple Watch
- Mac OS
- iOS
- Social media
- Company news
- Sentiment",Positive
121,BABA,2022-09-12,"[2022-09-06] Summary: 
The news is about the stock market, specifically the stock $BABA (Alibaba Group Holding Limited). There are several mentions of $BABA in the news, with some analysts predicting a price target for the stock, and others discussing its potential for a run-up. The news also mentions other stocks such as $AMZN, $AAPL, $TSLA, and $MSFT, but the focus is on $BABA.

Keywords: 
- $BABA
- Alibaba Group Holding Limited
- Stock market
- Analyst price target
- Run-up
- China equities
- GDP
- $AMZN
- $AAPL
- $TSLA
- $MSFT

Note: The news is quite noisy and contains a lot of
[2022-09-07] Summary: 
The news articles mention $BABA (Alibaba Group) stock multiple times, with various analysts providing price targets and predictions for the stock's performance. Some articles suggest that the stock may be due for a run-up, while others mention potential challenges such as weakening consumer demand in China. The articles also mention other stocks, including $SPY, $QQQ, $AMZN, $NVDA, $TSLA, $AAPL, $NFLX, $TWTR, $AAL, $NIO, $INO, $OXY, $CCL, $FB, $USO, $DAL, $TWLO, $UGAZ, $DIS, $ROKU, $TVIX, $CRON, $DJIA, $SP
[2022-09-08] Summary: 
Alibaba Group Holding Limited (BABA) stock is expected to see a decline in earnings due to large-scale lockdowns in China, which are increasing the risks of e-commerce and logistics for the company. The stock's valuation is still below its historical average. There are also mentions of analyst price targets for BABA stock, with some predicting a significant increase in price.

Keywords: 
- Alibaba Group Holding Limited (BABA)
- Analyst price target
- China lockdowns
- E-commerce and logistics risks
- Stock valuation
- $BABA
- $SPY
- $QQQ
- $AMZN
- $NVDA
- $AAPL
- $NFLX
- $TWTR
- $AAL
- $FB
-
[2022-09-09] Summary: 
The news articles mention various stocks, but the primary focus is on BABA (Alibaba Group Holding Limited). The news includes analyst price targets, unusual activity alerts, and potential stock movements. There is also a mention of China's restrictions on domestic travel and Covid outbreaks, which may impact the stock market.

Keywords: 
- BABA
- Alibaba Group Holding Limited
- Analyst price target
- Stock movement
- China
- Covid-19
- Stock market
- Trading
- Options
- Stock price

Note: The news articles are mostly related to stock market and trading, but some of the articles are not directly related to BABA stock.
[2022-09-12] Summary: 
The news is about BABA (Alibaba Group Holding Limited) stock. There are several mentions of BABA stock price targets, analyst predictions, and trading alerts. Some tweets mention BABA's performance in comparison to other stocks, and a few tweets mention BABA's relation to the US-China trade tensions.

Keywords: 
- BABA
- Alibaba Group Holding Limited
- Stock price target
- Analyst prediction
- Trading alert
- US-China trade tensions
- Stock performance
- Trading community
- Options trading

Note: The news is mostly about BABA stock, but some tweets also mention other stocks such as SPY, AMZN, NVDA, TSLA, and more.",Positive
122,AAPL,2022-09-13,"[2022-09-07] Summary: 
Apple's stock ($AAPL) has been in the news due to its upcoming event, where it is expected to unveil new products, including the iPhone 14, iPhone 14 Pro, and iPhone 14 Pro Max. The company has also announced new satellite-enabled services for certain of its products. The stock has been trending upwards, with a 1% increase in the last hour. However, some analysts are warning of a potential decline if the stock fails to meet expectations.

Keywords: 
- $AAPL
- Apple
- iPhone 14
- iPhone 14 Pro
- iPhone 14 Pro Max
- Satellite-enabled services
- Stock market
- Trading
- Finance
- Technology
- Apple event
- New products
- Stock price
- Trend
[2022-09-08] Summary: 
Apple (AAPL) stock has been trending in the news with various updates and discussions. The company has unveiled the iPhone 14 Pro and Pro Max, and there are discussions about the stock's price target for the next week. Some analysts believe that the company's decision not to raise prices is a good thing, while others think it's a sign of margin compression. There are also discussions about Apple's partnership with SpaceX and the potential for Starlink connectivity. Additionally, the stock has been trending on social media, with some users expressing their opinions on the company's products and valuation.

Keywords: 
- AAPL
- Apple
- iPhone 14 Pro
- iPhone 14 Pro Max
- Stock price
- Partnership with SpaceX
- Starlink connectivity
- Margin compression
[2022-09-09] Summary: 
The news is about Apple Inc. (AAPL) stock, with various mentions of its performance, analyst price targets, and potential partnerships. There are also mentions of other stocks such as Tesla (TSLA), Amazon (AMZN), and Microsoft (MSFT). The news also includes information about the stock market, trading, and investing.

Keywords: 
- AAPL (Apple Inc.)
- TSLA (Tesla)
- AMZN (Amazon)
- MSFT (Microsoft)
- SPY (S&P 500 ETF)
- Stock market
- Trading
- Investing
- iPhone
- China
- YMTC (Yangtze Memory Technologies Co.)
- Chips
- Partnerships
- Analyst price targets
- Sentiment report
- Options trading
-
[2022-09-12] Summary: 
The news is about Apple Inc. (AAPL) stock, with various tweets mentioning its performance, analyst price targets, and trading activities. Some tweets discuss the stock's recent price movements, while others mention its market capitalization, trading volume, and analyst predictions. There are also mentions of other stocks, such as Tesla (TSLA), Amazon (AMZN), and Microsoft (MSFT), but the primary focus is on AAPL.

Keywords: 
- AAPL
- Apple
- Stock market
- Trading
- Analyst price target
- Market capitalization
- Trading volume
- iPhone
- iOS
- Mac
- MacBook
- iPad
- Apple Watch
- Mac OS
- iOS
- Social media
- Company news
- Sentiment
[2022-09-13] Summary: 
The news is about Apple Inc. (AAPL) stock performance and market trends. The stock has experienced a significant decline, with some days showing a drop of up to 6.02%. The news also mentions that the company's sales have more than tripled during Tim Cook's tenure, and the company's share price is up more than 10x. However, the stock is still experiencing a decline, with some analysts predicting a further drop. The news also mentions that the company's shipments of smartphones within China have fallen by 31.2% year-over-year to 19.12 million handsets in July.

Keywords: 
- AAPL
- Apple Inc.
- Stock market
- Market trends
- Stock performance
- Tim Cook
- Smartphone sales",Negative
123,BABA,2022-09-13,"[2022-09-07] Summary: 
The news articles mention $BABA (Alibaba Group) stock multiple times, with various analysts providing price targets and predictions for the stock's performance. Some articles suggest that the stock may be due for a run-up, while others mention potential challenges such as weakening consumer demand in China. The articles also mention other stocks, including $SPY, $QQQ, $AMZN, $NVDA, $TSLA, $AAPL, $NFLX, $TWTR, $AAL, $NIO, $INO, $OXY, $CCL, $FB, $USO, $DAL, $TWLO, $UGAZ, $DIS, $ROKU, $TVIX, $CRON, $DJIA, $SP
[2022-09-08] Summary: 
Alibaba Group Holding Limited (BABA) stock is expected to see a decline in earnings due to large-scale lockdowns in China, which are increasing the risks of e-commerce and logistics for the company. The stock's valuation is still below its historical average. There are also mentions of analyst price targets for BABA stock, with some predicting a significant increase in price.

Keywords: 
- Alibaba Group Holding Limited (BABA)
- Analyst price target
- China lockdowns
- E-commerce and logistics risks
- Stock valuation
- $BABA
- $SPY
- $QQQ
- $AMZN
- $NVDA
- $AAPL
- $NFLX
- $TWTR
- $AAL
- $FB
-
[2022-09-09] Summary: 
The news articles mention various stocks, but the primary focus is on BABA (Alibaba Group Holding Limited). The news includes analyst price targets, unusual activity alerts, and potential stock movements. There is also a mention of China's restrictions on domestic travel and Covid outbreaks, which may impact the stock market.

Keywords: 
- BABA
- Alibaba Group Holding Limited
- Analyst price target
- Stock movement
- China
- Covid-19
- Stock market
- Trading
- Options
- Stock price

Note: The news articles are mostly related to stock market and trading, but some of the articles are not directly related to BABA stock.
[2022-09-12] Summary: 
The news is about BABA (Alibaba Group Holding Limited) stock. There are several mentions of BABA stock price targets, analyst predictions, and trading alerts. Some tweets mention BABA's performance in comparison to other stocks, and a few tweets mention BABA's relation to the US-China trade tensions.

Keywords: 
- BABA
- Alibaba Group Holding Limited
- Stock price target
- Analyst prediction
- Trading alert
- US-China trade tensions
- Stock performance
- Trading community
- Options trading

Note: The news is mostly about BABA stock, but some tweets also mention other stocks such as SPY, AMZN, NVDA, TSLA, and more.
[2022-09-13] Summary: 
The news about BABA (Alibaba Group) stock is mixed, with some analysts predicting a potential price increase to $96.39, $98.88, or $101.24 if it breaks through the $95 support level. However, there is also a mention of unusual volume in the options market, with 1,550 contracts traded in $BABA $245 puts. Additionally, a top analyst price target for next week is mentioned, but the exact target is not specified. There is also a mention of a potential move in the stock in the next few hours.

Keywords: 
- BABA
- Alibaba Group
- Stock price
- Support level
- Resistance levels ($96.39, $98.88, $101.24)
- Options market",Negative
124,AAPL,2022-09-14,"[2022-09-08] Summary: 
Apple (AAPL) stock has been trending in the news with various updates and discussions. The company has unveiled the iPhone 14 Pro and Pro Max, and there are discussions about the stock's price target for the next week. Some analysts believe that the company's decision not to raise prices is a good thing, while others think it's a sign of margin compression. There are also discussions about Apple's partnership with SpaceX and the potential for Starlink connectivity. Additionally, the stock has been trending on social media, with some users expressing their opinions on the company's products and valuation.

Keywords: 
- AAPL
- Apple
- iPhone 14 Pro
- iPhone 14 Pro Max
- Stock price
- Partnership with SpaceX
- Starlink connectivity
- Margin compression
[2022-09-09] Summary: 
The news is about Apple Inc. (AAPL) stock, with various mentions of its performance, analyst price targets, and potential partnerships. There are also mentions of other stocks such as Tesla (TSLA), Amazon (AMZN), and Microsoft (MSFT). The news also includes information about the stock market, trading, and investing.

Keywords: 
- AAPL (Apple Inc.)
- TSLA (Tesla)
- AMZN (Amazon)
- MSFT (Microsoft)
- SPY (S&P 500 ETF)
- Stock market
- Trading
- Investing
- iPhone
- China
- YMTC (Yangtze Memory Technologies Co.)
- Chips
- Partnerships
- Analyst price targets
- Sentiment report
- Options trading
-
[2022-09-12] Summary: 
The news is about Apple Inc. (AAPL) stock, with various tweets mentioning its performance, analyst price targets, and trading activities. Some tweets discuss the stock's recent price movements, while others mention its market capitalization, trading volume, and analyst predictions. There are also mentions of other stocks, such as Tesla (TSLA), Amazon (AMZN), and Microsoft (MSFT), but the primary focus is on AAPL.

Keywords: 
- AAPL
- Apple
- Stock market
- Trading
- Analyst price target
- Market capitalization
- Trading volume
- iPhone
- iOS
- Mac
- MacBook
- iPad
- Apple Watch
- Mac OS
- iOS
- Social media
- Company news
- Sentiment
[2022-09-13] Summary: 
The news is about Apple Inc. (AAPL) stock performance and market trends. The stock has experienced a significant decline, with some days showing a drop of up to 6.02%. The news also mentions that the company's sales have more than tripled during Tim Cook's tenure, and the company's share price is up more than 10x. However, the stock is still experiencing a decline, with some analysts predicting a further drop. The news also mentions that the company's shipments of smartphones within China have fallen by 31.2% year-over-year to 19.12 million handsets in July.

Keywords: 
- AAPL
- Apple Inc.
- Stock market
- Market trends
- Stock performance
- Tim Cook
- Smartphone sales
[2022-09-14] Summary: 
The news is about Apple Inc. (AAPL) stock, with various articles and updates about its performance, price targets, and market trends. Some articles mention Apple's iPhone 14 series, its production diversification, and its short interest. Other articles discuss the overall stock market, including the S&P 500, Nasdaq 100, and Dow Jones Industrial Average.

Keywords: 
- AAPL (Apple Inc.)
- Stock market
- Trading
- iPhone 14 series
- Short interest
- S&P 500
- Nasdaq 100
- Dow Jones Industrial Average
- Apple production diversification
- Morgan Stanley
- China production
- Foxconn
- TSMC
- Chip technology
- Options trading
- Sentiment analysis
-",Positive
125,BABA,2022-09-14,"[2022-09-08] Summary: 
Alibaba Group Holding Limited (BABA) stock is expected to see a decline in earnings due to large-scale lockdowns in China, which are increasing the risks of e-commerce and logistics for the company. The stock's valuation is still below its historical average. There are also mentions of analyst price targets for BABA stock, with some predicting a significant increase in price.

Keywords: 
- Alibaba Group Holding Limited (BABA)
- Analyst price target
- China lockdowns
- E-commerce and logistics risks
- Stock valuation
- $BABA
- $SPY
- $QQQ
- $AMZN
- $NVDA
- $AAPL
- $NFLX
- $TWTR
- $AAL
- $FB
-
[2022-09-09] Summary: 
The news articles mention various stocks, but the primary focus is on BABA (Alibaba Group Holding Limited). The news includes analyst price targets, unusual activity alerts, and potential stock movements. There is also a mention of China's restrictions on domestic travel and Covid outbreaks, which may impact the stock market.

Keywords: 
- BABA
- Alibaba Group Holding Limited
- Analyst price target
- Stock movement
- China
- Covid-19
- Stock market
- Trading
- Options
- Stock price

Note: The news articles are mostly related to stock market and trading, but some of the articles are not directly related to BABA stock.
[2022-09-12] Summary: 
The news is about BABA (Alibaba Group Holding Limited) stock. There are several mentions of BABA stock price targets, analyst predictions, and trading alerts. Some tweets mention BABA's performance in comparison to other stocks, and a few tweets mention BABA's relation to the US-China trade tensions.

Keywords: 
- BABA
- Alibaba Group Holding Limited
- Stock price target
- Analyst prediction
- Trading alert
- US-China trade tensions
- Stock performance
- Trading community
- Options trading

Note: The news is mostly about BABA stock, but some tweets also mention other stocks such as SPY, AMZN, NVDA, TSLA, and more.
[2022-09-13] Summary: 
The news about BABA (Alibaba Group) stock is mixed, with some analysts predicting a potential price increase to $96.39, $98.88, or $101.24 if it breaks through the $95 support level. However, there is also a mention of unusual volume in the options market, with 1,550 contracts traded in $BABA $245 puts. Additionally, a top analyst price target for next week is mentioned, but the exact target is not specified. There is also a mention of a potential move in the stock in the next few hours.

Keywords: 
- BABA
- Alibaba Group
- Stock price
- Support level
- Resistance levels ($96.39, $98.88, $101.24)
- Options market
[2022-09-14] Summary: 
The news is about the stock market, specifically mentioning several stocks including $BABA (Alibaba Group), $TSLA (Tesla), $AAPL (Apple), $AMZN (Amazon), $NVDA (NVIDIA), $MSFT (Microsoft), and others. The news mentions analyst price targets, trading volumes, and market trends. It also mentions the importance of owning Chinese stocks, specifically $BABA, $KWEB, and $BIDU, due to China's growing economy.

Keywords: 
- $BABA (Alibaba Group)
- $TSLA (Tesla)
- $AAPL (Apple)
- $AMZN (Amazon)
- $NVDA (NVIDIA)
- $MSFT (Microsoft)
- $KWEB (Kr",Negative
126,AAPL,2022-09-15,"[2022-09-09] Summary: 
The news is about Apple Inc. (AAPL) stock, with various mentions of its performance, analyst price targets, and potential partnerships. There are also mentions of other stocks such as Tesla (TSLA), Amazon (AMZN), and Microsoft (MSFT). The news also includes information about the stock market, trading, and investing.

Keywords: 
- AAPL (Apple Inc.)
- TSLA (Tesla)
- AMZN (Amazon)
- MSFT (Microsoft)
- SPY (S&P 500 ETF)
- Stock market
- Trading
- Investing
- iPhone
- China
- YMTC (Yangtze Memory Technologies Co.)
- Chips
- Partnerships
- Analyst price targets
- Sentiment report
- Options trading
-
[2022-09-12] Summary: 
The news is about Apple Inc. (AAPL) stock, with various tweets mentioning its performance, analyst price targets, and trading activities. Some tweets discuss the stock's recent price movements, while others mention its market capitalization, trading volume, and analyst predictions. There are also mentions of other stocks, such as Tesla (TSLA), Amazon (AMZN), and Microsoft (MSFT), but the primary focus is on AAPL.

Keywords: 
- AAPL
- Apple
- Stock market
- Trading
- Analyst price target
- Market capitalization
- Trading volume
- iPhone
- iOS
- Mac
- MacBook
- iPad
- Apple Watch
- Mac OS
- iOS
- Social media
- Company news
- Sentiment
[2022-09-13] Summary: 
The news is about Apple Inc. (AAPL) stock performance and market trends. The stock has experienced a significant decline, with some days showing a drop of up to 6.02%. The news also mentions that the company's sales have more than tripled during Tim Cook's tenure, and the company's share price is up more than 10x. However, the stock is still experiencing a decline, with some analysts predicting a further drop. The news also mentions that the company's shipments of smartphones within China have fallen by 31.2% year-over-year to 19.12 million handsets in July.

Keywords: 
- AAPL
- Apple Inc.
- Stock market
- Market trends
- Stock performance
- Tim Cook
- Smartphone sales
[2022-09-14] Summary: 
The news is about Apple Inc. (AAPL) stock, with various articles and updates about its performance, price targets, and market trends. Some articles mention Apple's iPhone 14 series, its production diversification, and its short interest. Other articles discuss the overall stock market, including the S&P 500, Nasdaq 100, and Dow Jones Industrial Average.

Keywords: 
- AAPL (Apple Inc.)
- Stock market
- Trading
- iPhone 14 series
- Short interest
- S&P 500
- Nasdaq 100
- Dow Jones Industrial Average
- Apple production diversification
- Morgan Stanley
- China production
- Foxconn
- TSMC
- Chip technology
- Options trading
- Sentiment analysis
-
[2022-09-15] Summary: 
Apple (AAPL) stock has been a major focus in recent market discussions, with various news and updates surrounding its performance. The company has surpassed Tesla (TSLA) as the most shorted stock in the US market, with over $18 billion in short interest. Analysts have set a top price target for AAPL for the next week. The stock has also been mentioned in discussions about its leadership in the market, with some analysts suggesting it may have lost its leadership to Tesla. Additionally, AAPL has been in the news for its new iPhone 14 lineup and its partnership with Disney's ESPN and DraftKings.

Keywords: 
- AAPL
- Apple
- Short interest
- Tesla
- TSLA
- Analyst price target
- iPhone",Negative
127,AAPL,2022-09-16,"[2022-09-12] Summary: 
The news is about Apple Inc. (AAPL) stock, with various tweets mentioning its performance, analyst price targets, and trading activities. Some tweets discuss the stock's recent price movements, while others mention its market capitalization, trading volume, and analyst predictions. There are also mentions of other stocks, such as Tesla (TSLA), Amazon (AMZN), and Microsoft (MSFT), but the primary focus is on AAPL.

Keywords: 
- AAPL
- Apple
- Stock market
- Trading
- Analyst price target
- Market capitalization
- Trading volume
- iPhone
- iOS
- Mac
- MacBook
- iPad
- Apple Watch
- Mac OS
- iOS
- Social media
- Company news
- Sentiment
[2022-09-13] Summary: 
The news is about Apple Inc. (AAPL) stock performance and market trends. The stock has experienced a significant decline, with some days showing a drop of up to 6.02%. The news also mentions that the company's sales have more than tripled during Tim Cook's tenure, and the company's share price is up more than 10x. However, the stock is still experiencing a decline, with some analysts predicting a further drop. The news also mentions that the company's shipments of smartphones within China have fallen by 31.2% year-over-year to 19.12 million handsets in July.

Keywords: 
- AAPL
- Apple Inc.
- Stock market
- Market trends
- Stock performance
- Tim Cook
- Smartphone sales
[2022-09-14] Summary: 
The news is about Apple Inc. (AAPL) stock, with various articles and updates about its performance, price targets, and market trends. Some articles mention Apple's iPhone 14 series, its production diversification, and its short interest. Other articles discuss the overall stock market, including the S&P 500, Nasdaq 100, and Dow Jones Industrial Average.

Keywords: 
- AAPL (Apple Inc.)
- Stock market
- Trading
- iPhone 14 series
- Short interest
- S&P 500
- Nasdaq 100
- Dow Jones Industrial Average
- Apple production diversification
- Morgan Stanley
- China production
- Foxconn
- TSMC
- Chip technology
- Options trading
- Sentiment analysis
-
[2022-09-15] Summary: 
Apple (AAPL) stock has been a major focus in recent market discussions, with various news and updates surrounding its performance. The company has surpassed Tesla (TSLA) as the most shorted stock in the US market, with over $18 billion in short interest. Analysts have set a top price target for AAPL for the next week. The stock has also been mentioned in discussions about its leadership in the market, with some analysts suggesting it may have lost its leadership to Tesla. Additionally, AAPL has been in the news for its new iPhone 14 lineup and its partnership with Disney's ESPN and DraftKings.

Keywords: 
- AAPL
- Apple
- Short interest
- Tesla
- TSLA
- Analyst price target
- iPhone
[2022-09-16] Summary: 
The news articles are about various stocks, including AAPL, with some articles discussing the stock's performance, analyst predictions, and market trends. Some articles mention AAPL as the most shorted stock in the world, while others discuss the company's recent patent filings and product releases. There is also a mention of a free trading chatroom and a promotion for a fintech software.

Keywords: AAPL, stock market, trading, short selling, patent, iPhone 14, fintech software, stock performance, analyst predictions, market trends.

Note: The news articles are quite noisy and contain a lot of irrelevant information, but the above summary and keywords are the most relevant information that can be extracted.",Negative
128,BABA,2022-09-16,"[2022-09-12] Summary: 
The news is about BABA (Alibaba Group Holding Limited) stock. There are several mentions of BABA stock price targets, analyst predictions, and trading alerts. Some tweets mention BABA's performance in comparison to other stocks, and a few tweets mention BABA's relation to the US-China trade tensions.

Keywords: 
- BABA
- Alibaba Group Holding Limited
- Stock price target
- Analyst prediction
- Trading alert
- US-China trade tensions
- Stock performance
- Trading community
- Options trading

Note: The news is mostly about BABA stock, but some tweets also mention other stocks such as SPY, AMZN, NVDA, TSLA, and more.
[2022-09-13] Summary: 
The news about BABA (Alibaba Group) stock is mixed, with some analysts predicting a potential price increase to $96.39, $98.88, or $101.24 if it breaks through the $95 support level. However, there is also a mention of unusual volume in the options market, with 1,550 contracts traded in $BABA $245 puts. Additionally, a top analyst price target for next week is mentioned, but the exact target is not specified. There is also a mention of a potential move in the stock in the next few hours.

Keywords: 
- BABA
- Alibaba Group
- Stock price
- Support level
- Resistance levels ($96.39, $98.88, $101.24)
- Options market
[2022-09-14] Summary: 
The news is about the stock market, specifically mentioning several stocks including $BABA (Alibaba Group), $TSLA (Tesla), $AAPL (Apple), $AMZN (Amazon), $NVDA (NVIDIA), $MSFT (Microsoft), and others. The news mentions analyst price targets, trading volumes, and market trends. It also mentions the importance of owning Chinese stocks, specifically $BABA, $KWEB, and $BIDU, due to China's growing economy.

Keywords: 
- $BABA (Alibaba Group)
- $TSLA (Tesla)
- $AAPL (Apple)
- $AMZN (Amazon)
- $NVDA (NVIDIA)
- $MSFT (Microsoft)
- $KWEB (Kr
[2022-09-15] Summary: 
The news mentions Alibaba Group Holdings Ltd ADR ($BABA) multiple times, indicating that it is a stock of interest. There are mentions of price targets, analyst calls, and trading activity, suggesting that the stock is being closely watched and potentially expected to move. Some tweets mention that $BABA is set for a run-up, while others mention analyst price calls and trading activity. There is also a mention of a 50% discount on the stock's fair value estimate.

Keywords: $BABA, Alibaba Group Holdings Ltd ADR, stock, price target, analyst call, trading activity, run-up, discount, fair value estimate.

Note: The news is quite noisy and contains a lot of irrelevant information, but the above summary and keywords are the most relevant information that can
[2022-09-16] Summary: 
The news is about the stock market, specifically the stock $BABA (Alibaba Group Holding Limited). The news mentions various updates, alerts, and price targets for the stock. Some of the news articles mention that the stock is trading at a lower price than its IPO opening day price, while others mention that the stock is experiencing a ""buy the dip"" trend. There are also mentions of analyst price targets for the stock, as well as updates on the company's business plan and performance.

Keywords: 
- $BABA (Alibaba Group Holding Limited)
- Stock market
- Price target
- Analyst
- IPO
- Buy the dip
- Trading
- Alerts
- Stock performance
- Business plan
- China retail sales
- Industrial production

Note:",Negative
129,AAPL,2022-09-19,"[2022-09-13] Summary: 
The news is about Apple Inc. (AAPL) stock performance and market trends. The stock has experienced a significant decline, with some days showing a drop of up to 6.02%. The news also mentions that the company's sales have more than tripled during Tim Cook's tenure, and the company's share price is up more than 10x. However, the stock is still experiencing a decline, with some analysts predicting a further drop. The news also mentions that the company's shipments of smartphones within China have fallen by 31.2% year-over-year to 19.12 million handsets in July.

Keywords: 
- AAPL
- Apple Inc.
- Stock market
- Market trends
- Stock performance
- Tim Cook
- Smartphone sales
[2022-09-14] Summary: 
The news is about Apple Inc. (AAPL) stock, with various articles and updates about its performance, price targets, and market trends. Some articles mention Apple's iPhone 14 series, its production diversification, and its short interest. Other articles discuss the overall stock market, including the S&P 500, Nasdaq 100, and Dow Jones Industrial Average.

Keywords: 
- AAPL (Apple Inc.)
- Stock market
- Trading
- iPhone 14 series
- Short interest
- S&P 500
- Nasdaq 100
- Dow Jones Industrial Average
- Apple production diversification
- Morgan Stanley
- China production
- Foxconn
- TSMC
- Chip technology
- Options trading
- Sentiment analysis
-
[2022-09-15] Summary: 
Apple (AAPL) stock has been a major focus in recent market discussions, with various news and updates surrounding its performance. The company has surpassed Tesla (TSLA) as the most shorted stock in the US market, with over $18 billion in short interest. Analysts have set a top price target for AAPL for the next week. The stock has also been mentioned in discussions about its leadership in the market, with some analysts suggesting it may have lost its leadership to Tesla. Additionally, AAPL has been in the news for its new iPhone 14 lineup and its partnership with Disney's ESPN and DraftKings.

Keywords: 
- AAPL
- Apple
- Short interest
- Tesla
- TSLA
- Analyst price target
- iPhone
[2022-09-16] Summary: 
The news articles are about various stocks, including AAPL, with some articles discussing the stock's performance, analyst predictions, and market trends. Some articles mention AAPL as the most shorted stock in the world, while others discuss the company's recent patent filings and product releases. There is also a mention of a free trading chatroom and a promotion for a fintech software.

Keywords: AAPL, stock market, trading, short selling, patent, iPhone 14, fintech software, stock performance, analyst predictions, market trends.

Note: The news articles are quite noisy and contain a lot of irrelevant information, but the above summary and keywords are the most relevant information that can be extracted.
[2022-09-19] Summary: 
The news is about Apple Inc. (AAPL) stock, with various analysts and traders discussing its performance, price targets, and sentiment. Some news articles mention Apple's upcoming iPhone 14 Pro camera fix, while others discuss the company's stock performance, including a potential price target for next week. There are also mentions of Apple's relative strength and sentiment analysis.

Keywords: 
- AAPL
- Apple
- Stock market
- Trading
- Finance
- Stocks
- Options
- Sentiment analysis
- Price target
- iPhone 14 Pro
- Camera fix
- Relative strength
- Dividend stocks
- FAANG bubble
- Warren Buffett
- Intrinsic value
- Options flow
- Stock market crash
- Trading room
- Discord",Positive
130,BABA,2022-09-19,"[2022-09-13] Summary: 
The news about BABA (Alibaba Group) stock is mixed, with some analysts predicting a potential price increase to $96.39, $98.88, or $101.24 if it breaks through the $95 support level. However, there is also a mention of unusual volume in the options market, with 1,550 contracts traded in $BABA $245 puts. Additionally, a top analyst price target for next week is mentioned, but the exact target is not specified. There is also a mention of a potential move in the stock in the next few hours.

Keywords: 
- BABA
- Alibaba Group
- Stock price
- Support level
- Resistance levels ($96.39, $98.88, $101.24)
- Options market
[2022-09-14] Summary: 
The news is about the stock market, specifically mentioning several stocks including $BABA (Alibaba Group), $TSLA (Tesla), $AAPL (Apple), $AMZN (Amazon), $NVDA (NVIDIA), $MSFT (Microsoft), and others. The news mentions analyst price targets, trading volumes, and market trends. It also mentions the importance of owning Chinese stocks, specifically $BABA, $KWEB, and $BIDU, due to China's growing economy.

Keywords: 
- $BABA (Alibaba Group)
- $TSLA (Tesla)
- $AAPL (Apple)
- $AMZN (Amazon)
- $NVDA (NVIDIA)
- $MSFT (Microsoft)
- $KWEB (Kr
[2022-09-15] Summary: 
The news mentions Alibaba Group Holdings Ltd ADR ($BABA) multiple times, indicating that it is a stock of interest. There are mentions of price targets, analyst calls, and trading activity, suggesting that the stock is being closely watched and potentially expected to move. Some tweets mention that $BABA is set for a run-up, while others mention analyst price calls and trading activity. There is also a mention of a 50% discount on the stock's fair value estimate.

Keywords: $BABA, Alibaba Group Holdings Ltd ADR, stock, price target, analyst call, trading activity, run-up, discount, fair value estimate.

Note: The news is quite noisy and contains a lot of irrelevant information, but the above summary and keywords are the most relevant information that can
[2022-09-16] Summary: 
The news is about the stock market, specifically the stock $BABA (Alibaba Group Holding Limited). The news mentions various updates, alerts, and price targets for the stock. Some of the news articles mention that the stock is trading at a lower price than its IPO opening day price, while others mention that the stock is experiencing a ""buy the dip"" trend. There are also mentions of analyst price targets for the stock, as well as updates on the company's business plan and performance.

Keywords: 
- $BABA (Alibaba Group Holding Limited)
- Stock market
- Price target
- Analyst
- IPO
- Buy the dip
- Trading
- Alerts
- Stock performance
- Business plan
- China retail sales
- Industrial production

Note:
[2022-09-19] Summary: 
The news is about the stock market, specifically the performance of various companies, including BABA (Alibaba Group). The news mentions that CITIGROUP is warning of a financial contagion in China's property industry, which may affect BABA. There are also mentions of analyst price targets for BABA, with some predicting a significant increase in the stock price. Additionally, the news mentions the performance of other companies such as TSLA (Tesla), AMZN (Amazon), and AAPL (Apple).

Keywords: 
- BABA (Alibaba Group)
- CITIGROUP
- Financial contagion
- China's property industry
- Analyst price targets
- TSLA (Tesla)
- AMZN (Amazon)
- AAPL (Apple)
- Stock market performance",Positive
131,AAPL,2022-09-20,"[2022-09-14] Summary: 
The news is about Apple Inc. (AAPL) stock, with various articles and updates about its performance, price targets, and market trends. Some articles mention Apple's iPhone 14 series, its production diversification, and its short interest. Other articles discuss the overall stock market, including the S&P 500, Nasdaq 100, and Dow Jones Industrial Average.

Keywords: 
- AAPL (Apple Inc.)
- Stock market
- Trading
- iPhone 14 series
- Short interest
- S&P 500
- Nasdaq 100
- Dow Jones Industrial Average
- Apple production diversification
- Morgan Stanley
- China production
- Foxconn
- TSMC
- Chip technology
- Options trading
- Sentiment analysis
-
[2022-09-15] Summary: 
Apple (AAPL) stock has been a major focus in recent market discussions, with various news and updates surrounding its performance. The company has surpassed Tesla (TSLA) as the most shorted stock in the US market, with over $18 billion in short interest. Analysts have set a top price target for AAPL for the next week. The stock has also been mentioned in discussions about its leadership in the market, with some analysts suggesting it may have lost its leadership to Tesla. Additionally, AAPL has been in the news for its new iPhone 14 lineup and its partnership with Disney's ESPN and DraftKings.

Keywords: 
- AAPL
- Apple
- Short interest
- Tesla
- TSLA
- Analyst price target
- iPhone
[2022-09-16] Summary: 
The news articles are about various stocks, including AAPL, with some articles discussing the stock's performance, analyst predictions, and market trends. Some articles mention AAPL as the most shorted stock in the world, while others discuss the company's recent patent filings and product releases. There is also a mention of a free trading chatroom and a promotion for a fintech software.

Keywords: AAPL, stock market, trading, short selling, patent, iPhone 14, fintech software, stock performance, analyst predictions, market trends.

Note: The news articles are quite noisy and contain a lot of irrelevant information, but the above summary and keywords are the most relevant information that can be extracted.
[2022-09-19] Summary: 
The news is about Apple Inc. (AAPL) stock, with various analysts and traders discussing its performance, price targets, and sentiment. Some news articles mention Apple's upcoming iPhone 14 Pro camera fix, while others discuss the company's stock performance, including a potential price target for next week. There are also mentions of Apple's relative strength and sentiment analysis.

Keywords: 
- AAPL
- Apple
- Stock market
- Trading
- Finance
- Stocks
- Options
- Sentiment analysis
- Price target
- iPhone 14 Pro
- Camera fix
- Relative strength
- Dividend stocks
- FAANG bubble
- Warren Buffett
- Intrinsic value
- Options flow
- Stock market crash
- Trading room
- Discord
[2022-09-20] Summary: 
The news is about Apple (AAPL) stock, with various tweets discussing its performance, analyst price targets, and market trends. Some tweets mention Apple's iPhone 14 camera issue and the company's efforts to fix it. There are also discussions about the overall market, including the S&P 500 and the Nasdaq 100, with some stocks experiencing gains or losses.

Keywords: 
- AAPL (Apple)
- Stock market
- Trading
- iPhone 14
- Analyst price target
- Market trends
- S&P 500
- Nasdaq 100
- $SPY
- $TSLA
- $QQQ
- $AMZN
- $NVDA
- $MSFT
- $GOOG
- $AMC",Positive
132,BABA,2022-09-20,"[2022-09-14] Summary: 
The news is about the stock market, specifically mentioning several stocks including $BABA (Alibaba Group), $TSLA (Tesla), $AAPL (Apple), $AMZN (Amazon), $NVDA (NVIDIA), $MSFT (Microsoft), and others. The news mentions analyst price targets, trading volumes, and market trends. It also mentions the importance of owning Chinese stocks, specifically $BABA, $KWEB, and $BIDU, due to China's growing economy.

Keywords: 
- $BABA (Alibaba Group)
- $TSLA (Tesla)
- $AAPL (Apple)
- $AMZN (Amazon)
- $NVDA (NVIDIA)
- $MSFT (Microsoft)
- $KWEB (Kr
[2022-09-15] Summary: 
The news mentions Alibaba Group Holdings Ltd ADR ($BABA) multiple times, indicating that it is a stock of interest. There are mentions of price targets, analyst calls, and trading activity, suggesting that the stock is being closely watched and potentially expected to move. Some tweets mention that $BABA is set for a run-up, while others mention analyst price calls and trading activity. There is also a mention of a 50% discount on the stock's fair value estimate.

Keywords: $BABA, Alibaba Group Holdings Ltd ADR, stock, price target, analyst call, trading activity, run-up, discount, fair value estimate.

Note: The news is quite noisy and contains a lot of irrelevant information, but the above summary and keywords are the most relevant information that can
[2022-09-16] Summary: 
The news is about the stock market, specifically the stock $BABA (Alibaba Group Holding Limited). The news mentions various updates, alerts, and price targets for the stock. Some of the news articles mention that the stock is trading at a lower price than its IPO opening day price, while others mention that the stock is experiencing a ""buy the dip"" trend. There are also mentions of analyst price targets for the stock, as well as updates on the company's business plan and performance.

Keywords: 
- $BABA (Alibaba Group Holding Limited)
- Stock market
- Price target
- Analyst
- IPO
- Buy the dip
- Trading
- Alerts
- Stock performance
- Business plan
- China retail sales
- Industrial production

Note:
[2022-09-19] Summary: 
The news is about the stock market, specifically the performance of various companies, including BABA (Alibaba Group). The news mentions that CITIGROUP is warning of a financial contagion in China's property industry, which may affect BABA. There are also mentions of analyst price targets for BABA, with some predicting a significant increase in the stock price. Additionally, the news mentions the performance of other companies such as TSLA (Tesla), AMZN (Amazon), and AAPL (Apple).

Keywords: 
- BABA (Alibaba Group)
- CITIGROUP
- Financial contagion
- China's property industry
- Analyst price targets
- TSLA (Tesla)
- AMZN (Amazon)
- AAPL (Apple)
- Stock market performance
[2022-09-20] Summary: 
Alibaba Group Holding Limited (BABA) stock has been mentioned in various news and updates, with some analysts providing price targets for the next week. The stock has been performing well, with a recent opening price of $87.95 and a 50-day average of $95.50. However, some analysts have expressed concerns about the stock's intrinsic value, suggesting that it may be overvalued by as much as 582% compared to its intrinsic value. The stock has been a popular topic in trading communities, with many users discussing its potential for growth and providing real-time trading alerts.

Keywords: 
- BABA
- Alibaba Group Holding Limited
- Stock price target
- Intrinsic value
- Overvalued
- Trading community
- Real-time trading alerts",Negative
133,AAPL,2022-09-21,"[2022-09-15] Summary: 
Apple (AAPL) stock has been a major focus in recent market discussions, with various news and updates surrounding its performance. The company has surpassed Tesla (TSLA) as the most shorted stock in the US market, with over $18 billion in short interest. Analysts have set a top price target for AAPL for the next week. The stock has also been mentioned in discussions about its leadership in the market, with some analysts suggesting it may have lost its leadership to Tesla. Additionally, AAPL has been in the news for its new iPhone 14 lineup and its partnership with Disney's ESPN and DraftKings.

Keywords: 
- AAPL
- Apple
- Short interest
- Tesla
- TSLA
- Analyst price target
- iPhone
[2022-09-16] Summary: 
The news articles are about various stocks, including AAPL, with some articles discussing the stock's performance, analyst predictions, and market trends. Some articles mention AAPL as the most shorted stock in the world, while others discuss the company's recent patent filings and product releases. There is also a mention of a free trading chatroom and a promotion for a fintech software.

Keywords: AAPL, stock market, trading, short selling, patent, iPhone 14, fintech software, stock performance, analyst predictions, market trends.

Note: The news articles are quite noisy and contain a lot of irrelevant information, but the above summary and keywords are the most relevant information that can be extracted.
[2022-09-19] Summary: 
The news is about Apple Inc. (AAPL) stock, with various analysts and traders discussing its performance, price targets, and sentiment. Some news articles mention Apple's upcoming iPhone 14 Pro camera fix, while others discuss the company's stock performance, including a potential price target for next week. There are also mentions of Apple's relative strength and sentiment analysis.

Keywords: 
- AAPL
- Apple
- Stock market
- Trading
- Finance
- Stocks
- Options
- Sentiment analysis
- Price target
- iPhone 14 Pro
- Camera fix
- Relative strength
- Dividend stocks
- FAANG bubble
- Warren Buffett
- Intrinsic value
- Options flow
- Stock market crash
- Trading room
- Discord
[2022-09-20] Summary: 
The news is about Apple (AAPL) stock, with various tweets discussing its performance, analyst price targets, and market trends. Some tweets mention Apple's iPhone 14 camera issue and the company's efforts to fix it. There are also discussions about the overall market, including the S&P 500 and the Nasdaq 100, with some stocks experiencing gains or losses.

Keywords: 
- AAPL (Apple)
- Stock market
- Trading
- iPhone 14
- Analyst price target
- Market trends
- S&P 500
- Nasdaq 100
- $SPY
- $TSLA
- $QQQ
- $AMZN
- $NVDA
- $MSFT
- $GOOG
- $AMC
[2022-09-21] Summary: 
The news articles and tweets extracted from the given data are related to the stock market, particularly focusing on Apple (AAPL) and other major tech stocks. The news includes updates on Apple's iPhone production, stock prices, analyst price targets, and market trends. There are also mentions of other stocks such as Tesla (TSLA), Amazon (AMZN), Microsoft (MSFT), and Google (GOOGL). The overall sentiment is neutral to positive, with some articles discussing the potential for Apple's stock to move upwards.

Keywords: 
- AAPL (Apple)
- TSLA (Tesla)
- AMZN (Amazon)
- MSFT (Microsoft)
- GOOGL (Google)
- SPY (S&P 500 Index)
- QQQ (Nas",Negative
134,BABA,2022-09-21,"[2022-09-15] Summary: 
The news mentions Alibaba Group Holdings Ltd ADR ($BABA) multiple times, indicating that it is a stock of interest. There are mentions of price targets, analyst calls, and trading activity, suggesting that the stock is being closely watched and potentially expected to move. Some tweets mention that $BABA is set for a run-up, while others mention analyst price calls and trading activity. There is also a mention of a 50% discount on the stock's fair value estimate.

Keywords: $BABA, Alibaba Group Holdings Ltd ADR, stock, price target, analyst call, trading activity, run-up, discount, fair value estimate.

Note: The news is quite noisy and contains a lot of irrelevant information, but the above summary and keywords are the most relevant information that can
[2022-09-16] Summary: 
The news is about the stock market, specifically the stock $BABA (Alibaba Group Holding Limited). The news mentions various updates, alerts, and price targets for the stock. Some of the news articles mention that the stock is trading at a lower price than its IPO opening day price, while others mention that the stock is experiencing a ""buy the dip"" trend. There are also mentions of analyst price targets for the stock, as well as updates on the company's business plan and performance.

Keywords: 
- $BABA (Alibaba Group Holding Limited)
- Stock market
- Price target
- Analyst
- IPO
- Buy the dip
- Trading
- Alerts
- Stock performance
- Business plan
- China retail sales
- Industrial production

Note:
[2022-09-19] Summary: 
The news is about the stock market, specifically the performance of various companies, including BABA (Alibaba Group). The news mentions that CITIGROUP is warning of a financial contagion in China's property industry, which may affect BABA. There are also mentions of analyst price targets for BABA, with some predicting a significant increase in the stock price. Additionally, the news mentions the performance of other companies such as TSLA (Tesla), AMZN (Amazon), and AAPL (Apple).

Keywords: 
- BABA (Alibaba Group)
- CITIGROUP
- Financial contagion
- China's property industry
- Analyst price targets
- TSLA (Tesla)
- AMZN (Amazon)
- AAPL (Apple)
- Stock market performance
[2022-09-20] Summary: 
Alibaba Group Holding Limited (BABA) stock has been mentioned in various news and updates, with some analysts providing price targets for the next week. The stock has been performing well, with a recent opening price of $87.95 and a 50-day average of $95.50. However, some analysts have expressed concerns about the stock's intrinsic value, suggesting that it may be overvalued by as much as 582% compared to its intrinsic value. The stock has been a popular topic in trading communities, with many users discussing its potential for growth and providing real-time trading alerts.

Keywords: 
- BABA
- Alibaba Group Holding Limited
- Stock price target
- Intrinsic value
- Overvalued
- Trading community
- Real-time trading alerts
[2022-09-21] Summary: 
The news is about various stocks, but mainly focuses on $BABA (Alibaba Group). The news includes price targets, analyst opinions, unusual volume, and trading updates. There are also mentions of other stocks such as $TSLA, $AMZN, $AAPL, $NVDA, and $SPY. The news also includes a mention of a trading chat room and a podcast.

Keywords: 
$BABA, $TSLA, $AMZN, $AAPL, $NVDA, $SPY, $GOOG, $AAPL, $NFLX, $TWTR, $MSFT, $FB, $DOW, $QQQ, $BB, $UVXY, $AYRO, $NKLA, $A",Negative
135,AAPL,2022-09-22,"[2022-09-16] Summary: 
The news articles are about various stocks, including AAPL, with some articles discussing the stock's performance, analyst predictions, and market trends. Some articles mention AAPL as the most shorted stock in the world, while others discuss the company's recent patent filings and product releases. There is also a mention of a free trading chatroom and a promotion for a fintech software.

Keywords: AAPL, stock market, trading, short selling, patent, iPhone 14, fintech software, stock performance, analyst predictions, market trends.

Note: The news articles are quite noisy and contain a lot of irrelevant information, but the above summary and keywords are the most relevant information that can be extracted.
[2022-09-19] Summary: 
The news is about Apple Inc. (AAPL) stock, with various analysts and traders discussing its performance, price targets, and sentiment. Some news articles mention Apple's upcoming iPhone 14 Pro camera fix, while others discuss the company's stock performance, including a potential price target for next week. There are also mentions of Apple's relative strength and sentiment analysis.

Keywords: 
- AAPL
- Apple
- Stock market
- Trading
- Finance
- Stocks
- Options
- Sentiment analysis
- Price target
- iPhone 14 Pro
- Camera fix
- Relative strength
- Dividend stocks
- FAANG bubble
- Warren Buffett
- Intrinsic value
- Options flow
- Stock market crash
- Trading room
- Discord
[2022-09-20] Summary: 
The news is about Apple (AAPL) stock, with various tweets discussing its performance, analyst price targets, and market trends. Some tweets mention Apple's iPhone 14 camera issue and the company's efforts to fix it. There are also discussions about the overall market, including the S&P 500 and the Nasdaq 100, with some stocks experiencing gains or losses.

Keywords: 
- AAPL (Apple)
- Stock market
- Trading
- iPhone 14
- Analyst price target
- Market trends
- S&P 500
- Nasdaq 100
- $SPY
- $TSLA
- $QQQ
- $AMZN
- $NVDA
- $MSFT
- $GOOG
- $AMC
[2022-09-21] Summary: 
The news articles and tweets extracted from the given data are related to the stock market, particularly focusing on Apple (AAPL) and other major tech stocks. The news includes updates on Apple's iPhone production, stock prices, analyst price targets, and market trends. There are also mentions of other stocks such as Tesla (TSLA), Amazon (AMZN), Microsoft (MSFT), and Google (GOOGL). The overall sentiment is neutral to positive, with some articles discussing the potential for Apple's stock to move upwards.

Keywords: 
- AAPL (Apple)
- TSLA (Tesla)
- AMZN (Amazon)
- MSFT (Microsoft)
- GOOGL (Google)
- SPY (S&P 500 Index)
- QQQ (Nas
[2022-09-22] Summary: 
The news is about Apple Inc. (AAPL) stock performance and market trends. The stock is experiencing a decline, with some analysts predicting a third wave down, potentially reaching the 130's. There are also reports of Apple scaling back production of the new iPhone 14 due to low demand. Additionally, Apple is planning to move 25% of its iPhone production to India by 2025 and 20% of its iPad and Apple Watch production to Vietnam. The company has also released an iPhone 14 software update to fix camera shake issues.

Keywords: 
- AAPL
- Apple
- iPhone 14
- India
- Vietnam
- Stock market
- Market trends
- Analyst predictions
- Production
- Software update
- Camera shake
- iPhone",Negative
136,BABA,2022-09-22,"[2022-09-16] Summary: 
The news is about the stock market, specifically the stock $BABA (Alibaba Group Holding Limited). The news mentions various updates, alerts, and price targets for the stock. Some of the news articles mention that the stock is trading at a lower price than its IPO opening day price, while others mention that the stock is experiencing a ""buy the dip"" trend. There are also mentions of analyst price targets for the stock, as well as updates on the company's business plan and performance.

Keywords: 
- $BABA (Alibaba Group Holding Limited)
- Stock market
- Price target
- Analyst
- IPO
- Buy the dip
- Trading
- Alerts
- Stock performance
- Business plan
- China retail sales
- Industrial production

Note:
[2022-09-19] Summary: 
The news is about the stock market, specifically the performance of various companies, including BABA (Alibaba Group). The news mentions that CITIGROUP is warning of a financial contagion in China's property industry, which may affect BABA. There are also mentions of analyst price targets for BABA, with some predicting a significant increase in the stock price. Additionally, the news mentions the performance of other companies such as TSLA (Tesla), AMZN (Amazon), and AAPL (Apple).

Keywords: 
- BABA (Alibaba Group)
- CITIGROUP
- Financial contagion
- China's property industry
- Analyst price targets
- TSLA (Tesla)
- AMZN (Amazon)
- AAPL (Apple)
- Stock market performance
[2022-09-20] Summary: 
Alibaba Group Holding Limited (BABA) stock has been mentioned in various news and updates, with some analysts providing price targets for the next week. The stock has been performing well, with a recent opening price of $87.95 and a 50-day average of $95.50. However, some analysts have expressed concerns about the stock's intrinsic value, suggesting that it may be overvalued by as much as 582% compared to its intrinsic value. The stock has been a popular topic in trading communities, with many users discussing its potential for growth and providing real-time trading alerts.

Keywords: 
- BABA
- Alibaba Group Holding Limited
- Stock price target
- Intrinsic value
- Overvalued
- Trading community
- Real-time trading alerts
[2022-09-21] Summary: 
The news is about various stocks, but mainly focuses on $BABA (Alibaba Group). The news includes price targets, analyst opinions, unusual volume, and trading updates. There are also mentions of other stocks such as $TSLA, $AMZN, $AAPL, $NVDA, and $SPY. The news also includes a mention of a trading chat room and a podcast.

Keywords: 
$BABA, $TSLA, $AMZN, $AAPL, $NVDA, $SPY, $GOOG, $AAPL, $NFLX, $TWTR, $MSFT, $FB, $DOW, $QQQ, $BB, $UVXY, $AYRO, $NKLA, $A
[2022-09-22] Summary: 
Alibaba's income statement is available for review. There are various analyst price targets for BABA stock, with some indicating a potential increase. The stock has been experiencing fluctuations in price, with a recent drop of 1.12%. There are also mentions of unusual activity in BABA options, with a block trade of 550 contracts. A trading community is promoting BABA as a profitable stock, with some members achieving up to 574% profits.

Keywords: 
- BABA
- Alibaba
- Income statement
- Analyst price target
- Stock price
- Options
- Trading community
- Profitable stock
- Block trade
- Unusual activity
- Stock market
- Trading alerts
- Discord group
- Stock watchlist
- Options trading
-",Negative
137,AAPL,2022-09-23,"[2022-09-19] Summary: 
The news is about Apple Inc. (AAPL) stock, with various analysts and traders discussing its performance, price targets, and sentiment. Some news articles mention Apple's upcoming iPhone 14 Pro camera fix, while others discuss the company's stock performance, including a potential price target for next week. There are also mentions of Apple's relative strength and sentiment analysis.

Keywords: 
- AAPL
- Apple
- Stock market
- Trading
- Finance
- Stocks
- Options
- Sentiment analysis
- Price target
- iPhone 14 Pro
- Camera fix
- Relative strength
- Dividend stocks
- FAANG bubble
- Warren Buffett
- Intrinsic value
- Options flow
- Stock market crash
- Trading room
- Discord
[2022-09-20] Summary: 
The news is about Apple (AAPL) stock, with various tweets discussing its performance, analyst price targets, and market trends. Some tweets mention Apple's iPhone 14 camera issue and the company's efforts to fix it. There are also discussions about the overall market, including the S&P 500 and the Nasdaq 100, with some stocks experiencing gains or losses.

Keywords: 
- AAPL (Apple)
- Stock market
- Trading
- iPhone 14
- Analyst price target
- Market trends
- S&P 500
- Nasdaq 100
- $SPY
- $TSLA
- $QQQ
- $AMZN
- $NVDA
- $MSFT
- $GOOG
- $AMC
[2022-09-21] Summary: 
The news articles and tweets extracted from the given data are related to the stock market, particularly focusing on Apple (AAPL) and other major tech stocks. The news includes updates on Apple's iPhone production, stock prices, analyst price targets, and market trends. There are also mentions of other stocks such as Tesla (TSLA), Amazon (AMZN), Microsoft (MSFT), and Google (GOOGL). The overall sentiment is neutral to positive, with some articles discussing the potential for Apple's stock to move upwards.

Keywords: 
- AAPL (Apple)
- TSLA (Tesla)
- AMZN (Amazon)
- MSFT (Microsoft)
- GOOGL (Google)
- SPY (S&P 500 Index)
- QQQ (Nas
[2022-09-22] Summary: 
The news is about Apple Inc. (AAPL) stock performance and market trends. The stock is experiencing a decline, with some analysts predicting a third wave down, potentially reaching the 130's. There are also reports of Apple scaling back production of the new iPhone 14 due to low demand. Additionally, Apple is planning to move 25% of its iPhone production to India by 2025 and 20% of its iPad and Apple Watch production to Vietnam. The company has also released an iPhone 14 software update to fix camera shake issues.

Keywords: 
- AAPL
- Apple
- iPhone 14
- India
- Vietnam
- Stock market
- Market trends
- Analyst predictions
- Production
- Software update
- Camera shake
- iPhone
[2022-09-23] Summary: 
The news is about Apple Inc. (AAPL) stock performance and market trends. The stock has been performing relatively well compared to other stocks, with a year-to-date performance of -16%. There are various opinions and predictions about the stock's future, with some analysts expecting it to break down and others seeing it as a good buy. The stock's price has been affected by various factors, including iPhone and Macbook sales, and there are rumors about the new iPhone 14 Pro Max. The company has also released a new iOS update to fix a camera shake bug.

Keywords: 
- AAPL
- Apple Inc.
- Stock market
- iPhone
- Macbook
- iOS
- Stock performance
- Market trends
- Analyst predictions
- iPhone 14 Pro",Negative
138,BABA,2022-09-23,"[2022-09-19] Summary: 
The news is about the stock market, specifically the performance of various companies, including BABA (Alibaba Group). The news mentions that CITIGROUP is warning of a financial contagion in China's property industry, which may affect BABA. There are also mentions of analyst price targets for BABA, with some predicting a significant increase in the stock price. Additionally, the news mentions the performance of other companies such as TSLA (Tesla), AMZN (Amazon), and AAPL (Apple).

Keywords: 
- BABA (Alibaba Group)
- CITIGROUP
- Financial contagion
- China's property industry
- Analyst price targets
- TSLA (Tesla)
- AMZN (Amazon)
- AAPL (Apple)
- Stock market performance
[2022-09-20] Summary: 
Alibaba Group Holding Limited (BABA) stock has been mentioned in various news and updates, with some analysts providing price targets for the next week. The stock has been performing well, with a recent opening price of $87.95 and a 50-day average of $95.50. However, some analysts have expressed concerns about the stock's intrinsic value, suggesting that it may be overvalued by as much as 582% compared to its intrinsic value. The stock has been a popular topic in trading communities, with many users discussing its potential for growth and providing real-time trading alerts.

Keywords: 
- BABA
- Alibaba Group Holding Limited
- Stock price target
- Intrinsic value
- Overvalued
- Trading community
- Real-time trading alerts
[2022-09-21] Summary: 
The news is about various stocks, but mainly focuses on $BABA (Alibaba Group). The news includes price targets, analyst opinions, unusual volume, and trading updates. There are also mentions of other stocks such as $TSLA, $AMZN, $AAPL, $NVDA, and $SPY. The news also includes a mention of a trading chat room and a podcast.

Keywords: 
$BABA, $TSLA, $AMZN, $AAPL, $NVDA, $SPY, $GOOG, $AAPL, $NFLX, $TWTR, $MSFT, $FB, $DOW, $QQQ, $BB, $UVXY, $AYRO, $NKLA, $A
[2022-09-22] Summary: 
Alibaba's income statement is available for review. There are various analyst price targets for BABA stock, with some indicating a potential increase. The stock has been experiencing fluctuations in price, with a recent drop of 1.12%. There are also mentions of unusual activity in BABA options, with a block trade of 550 contracts. A trading community is promoting BABA as a profitable stock, with some members achieving up to 574% profits.

Keywords: 
- BABA
- Alibaba
- Income statement
- Analyst price target
- Stock price
- Options
- Trading community
- Profitable stock
- Block trade
- Unusual activity
- Stock market
- Trading alerts
- Discord group
- Stock watchlist
- Options trading
-
[2022-09-23] Summary: 
The news is about the stock $BABA (Alibaba Group Holding Limited) and its recent performance. There are several mentions of analyst price targets, trading activity, and market trends. Some news articles mention the stock's price movement, with some indicating a potential dip or bounce. There are also mentions of other stocks and market indices, such as $SPY, $QQQ, and $DIA.

Keywords: 
- $BABA (Alibaba Group Holding Limited)
- Analyst price target
- Trading activity
- Market trends
- Stock price movement
- $SPY
- $QQQ
- $DIA
- $TSLA
- $AAPL
- $NVDA
- $AMZN
- $MSFT
- $",Negative
139,AAPL,2022-09-27,"[2022-09-21] Summary: 
The news articles and tweets extracted from the given data are related to the stock market, particularly focusing on Apple (AAPL) and other major tech stocks. The news includes updates on Apple's iPhone production, stock prices, analyst price targets, and market trends. There are also mentions of other stocks such as Tesla (TSLA), Amazon (AMZN), Microsoft (MSFT), and Google (GOOGL). The overall sentiment is neutral to positive, with some articles discussing the potential for Apple's stock to move upwards.

Keywords: 
- AAPL (Apple)
- TSLA (Tesla)
- AMZN (Amazon)
- MSFT (Microsoft)
- GOOGL (Google)
- SPY (S&P 500 Index)
- QQQ (Nas
[2022-09-22] Summary: 
The news is about Apple Inc. (AAPL) stock performance and market trends. The stock is experiencing a decline, with some analysts predicting a third wave down, potentially reaching the 130's. There are also reports of Apple scaling back production of the new iPhone 14 due to low demand. Additionally, Apple is planning to move 25% of its iPhone production to India by 2025 and 20% of its iPad and Apple Watch production to Vietnam. The company has also released an iPhone 14 software update to fix camera shake issues.

Keywords: 
- AAPL
- Apple
- iPhone 14
- India
- Vietnam
- Stock market
- Market trends
- Analyst predictions
- Production
- Software update
- Camera shake
- iPhone
[2022-09-23] Summary: 
The news is about Apple Inc. (AAPL) stock performance and market trends. The stock has been performing relatively well compared to other stocks, with a year-to-date performance of -16%. There are various opinions and predictions about the stock's future, with some analysts expecting it to break down and others seeing it as a good buy. The stock's price has been affected by various factors, including iPhone and Macbook sales, and there are rumors about the new iPhone 14 Pro Max. The company has also released a new iOS update to fix a camera shake bug.

Keywords: 
- AAPL
- Apple Inc.
- Stock market
- iPhone
- Macbook
- iOS
- Stock performance
- Market trends
- Analyst predictions
- iPhone 14 Pro
[2022-09-26] Summary: 
The news is about Apple (AAPL) stock, with various mentions of its price, sales, and market performance. There are also mentions of other stocks such as Tesla (TSLA), Amazon (AMZN), and Microsoft (MSFT). The news includes information about the iPhone 14 being manufactured in India, strong iPhone 14 sales volume, and Apple's market performance. There are also mentions of various trading strategies, stock charts, and market insights.

Keywords: 
- AAPL (Apple)
- TSLA (Tesla)
- AMZN (Amazon)
- MSFT (Microsoft)
- iPhone 14
- India
- Stock market
- Trading
- Charts
- Market insights
- Sales volume
- Manufacturing
- Price target
- Analysts
[2022-09-27] Summary: 
The news is about Apple Inc. (AAPL) stock, with various analysts and traders discussing its price movements, analyst price targets, and trading strategies. Some news articles mention AAPL's manufacturing in India, its iPhone 14 production, and its analyst price target for the next week. Other news articles discuss the overall stock market, including the S&P 500, Nasdaq 100, and Dow Jones Industrial Average, with some stocks experiencing price movements and analyst recommendations.

Keywords: 
- AAPL (Apple Inc.)
- Stock market
- Analyst price target
- Trading strategies
- iPhone 14 production
- Manufacturing in India
- S&P 500
- Nasdaq 100
- Dow Jones Industrial Average
- $SPY
- $TSLA",Positive
140,BABA,2022-09-27,"[2022-09-21] Summary: 
The news is about various stocks, but mainly focuses on $BABA (Alibaba Group). The news includes price targets, analyst opinions, unusual volume, and trading updates. There are also mentions of other stocks such as $TSLA, $AMZN, $AAPL, $NVDA, and $SPY. The news also includes a mention of a trading chat room and a podcast.

Keywords: 
$BABA, $TSLA, $AMZN, $AAPL, $NVDA, $SPY, $GOOG, $AAPL, $NFLX, $TWTR, $MSFT, $FB, $DOW, $QQQ, $BB, $UVXY, $AYRO, $NKLA, $A
[2022-09-22] Summary: 
Alibaba's income statement is available for review. There are various analyst price targets for BABA stock, with some indicating a potential increase. The stock has been experiencing fluctuations in price, with a recent drop of 1.12%. There are also mentions of unusual activity in BABA options, with a block trade of 550 contracts. A trading community is promoting BABA as a profitable stock, with some members achieving up to 574% profits.

Keywords: 
- BABA
- Alibaba
- Income statement
- Analyst price target
- Stock price
- Options
- Trading community
- Profitable stock
- Block trade
- Unusual activity
- Stock market
- Trading alerts
- Discord group
- Stock watchlist
- Options trading
-
[2022-09-23] Summary: 
The news is about the stock $BABA (Alibaba Group Holding Limited) and its recent performance. There are several mentions of analyst price targets, trading activity, and market trends. Some news articles mention the stock's price movement, with some indicating a potential dip or bounce. There are also mentions of other stocks and market indices, such as $SPY, $QQQ, and $DIA.

Keywords: 
- $BABA (Alibaba Group Holding Limited)
- Analyst price target
- Trading activity
- Market trends
- Stock price movement
- $SPY
- $QQQ
- $DIA
- $TSLA
- $AAPL
- $NVDA
- $AMZN
- $MSFT
- $
[2022-09-26] Summary: 
The news is about the stock market, specifically the performance of various companies, including $BABA (Alibaba Group). The news mentions that $BABA has broken through resistance levels, and there are analyst predictions for its price target for the next week. The news also mentions that China is aggressively easing, which may have an impact on the stock market. Additionally, there are mentions of other companies such as $AAPL (Apple), $AMZN (Amazon), $TSLA (Tesla), and $NVDA (NVIDIA).

Keywords: 
- $BABA (Alibaba Group)
- Stock market
- Resistance levels
- Analyst predictions
- China
- Easing
- $AAPL (Apple)
- $AMZN (Amazon)
- $TSL
[2022-09-27] Summary: 
Alibaba ($BABA) stock is experiencing significant market activity, with various analysts predicting a price target for the next week. The stock is also being discussed in relation to its backed company Lazada, which is losing ground to Shopee. There are mentions of unusual volume and trading activity, with some users suggesting that everyone is buying the dip. However, the overall sentiment is mixed, with some users expressing concern about the stock's performance.

Keywords: 
- Alibaba ($BABA)
- Lazada
- Shopee
- Analyst price target
- Unusual volume
- Trading activity
- Buying the dip
- Market performance

Note: The news is quite noisy and contains a lot of unrelated information, but the above summary and keywords are the most relevant to the",Negative
141,AAPL,2022-09-28,"[2022-09-22] Summary: 
The news is about Apple Inc. (AAPL) stock performance and market trends. The stock is experiencing a decline, with some analysts predicting a third wave down, potentially reaching the 130's. There are also reports of Apple scaling back production of the new iPhone 14 due to low demand. Additionally, Apple is planning to move 25% of its iPhone production to India by 2025 and 20% of its iPad and Apple Watch production to Vietnam. The company has also released an iPhone 14 software update to fix camera shake issues.

Keywords: 
- AAPL
- Apple
- iPhone 14
- India
- Vietnam
- Stock market
- Market trends
- Analyst predictions
- Production
- Software update
- Camera shake
- iPhone
[2022-09-23] Summary: 
The news is about Apple Inc. (AAPL) stock performance and market trends. The stock has been performing relatively well compared to other stocks, with a year-to-date performance of -16%. There are various opinions and predictions about the stock's future, with some analysts expecting it to break down and others seeing it as a good buy. The stock's price has been affected by various factors, including iPhone and Macbook sales, and there are rumors about the new iPhone 14 Pro Max. The company has also released a new iOS update to fix a camera shake bug.

Keywords: 
- AAPL
- Apple Inc.
- Stock market
- iPhone
- Macbook
- iOS
- Stock performance
- Market trends
- Analyst predictions
- iPhone 14 Pro
[2022-09-26] Summary: 
The news is about Apple (AAPL) stock, with various mentions of its price, sales, and market performance. There are also mentions of other stocks such as Tesla (TSLA), Amazon (AMZN), and Microsoft (MSFT). The news includes information about the iPhone 14 being manufactured in India, strong iPhone 14 sales volume, and Apple's market performance. There are also mentions of various trading strategies, stock charts, and market insights.

Keywords: 
- AAPL (Apple)
- TSLA (Tesla)
- AMZN (Amazon)
- MSFT (Microsoft)
- iPhone 14
- India
- Stock market
- Trading
- Charts
- Market insights
- Sales volume
- Manufacturing
- Price target
- Analysts
[2022-09-27] Summary: 
The news is about Apple Inc. (AAPL) stock, with various analysts and traders discussing its price movements, analyst price targets, and trading strategies. Some news articles mention AAPL's manufacturing in India, its iPhone 14 production, and its analyst price target for the next week. Other news articles discuss the overall stock market, including the S&P 500, Nasdaq 100, and Dow Jones Industrial Average, with some stocks experiencing price movements and analyst recommendations.

Keywords: 
- AAPL (Apple Inc.)
- Stock market
- Analyst price target
- Trading strategies
- iPhone 14 production
- Manufacturing in India
- S&P 500
- Nasdaq 100
- Dow Jones Industrial Average
- $SPY
- $TSLA
[2022-09-28] Summary: 
Apple's stock (AAPL) has been affected by a report that the company is ditching its plan to increase iPhone production due to waning demand. The stock price has slipped 3.3% to $146.75 premarket. Analysts and traders are discussing the impact of this news on the market, with some predicting a potential meltdown. The stock has been a major contributor to the S&P 500's performance, and its decline is causing concern among investors.

Keywords: 
- Apple (AAPL)
- iPhone production
- Demand
- Stock price
- S&P 500
- Market
- Trading
- Investing
- Stocks
- Wall Street
- Fintech
- Software
- Traders
- Analysts
- Bloomberg",Negative
142,BABA,2022-09-28,"[2022-09-22] Summary: 
Alibaba's income statement is available for review. There are various analyst price targets for BABA stock, with some indicating a potential increase. The stock has been experiencing fluctuations in price, with a recent drop of 1.12%. There are also mentions of unusual activity in BABA options, with a block trade of 550 contracts. A trading community is promoting BABA as a profitable stock, with some members achieving up to 574% profits.

Keywords: 
- BABA
- Alibaba
- Income statement
- Analyst price target
- Stock price
- Options
- Trading community
- Profitable stock
- Block trade
- Unusual activity
- Stock market
- Trading alerts
- Discord group
- Stock watchlist
- Options trading
-
[2022-09-23] Summary: 
The news is about the stock $BABA (Alibaba Group Holding Limited) and its recent performance. There are several mentions of analyst price targets, trading activity, and market trends. Some news articles mention the stock's price movement, with some indicating a potential dip or bounce. There are also mentions of other stocks and market indices, such as $SPY, $QQQ, and $DIA.

Keywords: 
- $BABA (Alibaba Group Holding Limited)
- Analyst price target
- Trading activity
- Market trends
- Stock price movement
- $SPY
- $QQQ
- $DIA
- $TSLA
- $AAPL
- $NVDA
- $AMZN
- $MSFT
- $
[2022-09-26] Summary: 
The news is about the stock market, specifically the performance of various companies, including $BABA (Alibaba Group). The news mentions that $BABA has broken through resistance levels, and there are analyst predictions for its price target for the next week. The news also mentions that China is aggressively easing, which may have an impact on the stock market. Additionally, there are mentions of other companies such as $AAPL (Apple), $AMZN (Amazon), $TSLA (Tesla), and $NVDA (NVIDIA).

Keywords: 
- $BABA (Alibaba Group)
- Stock market
- Resistance levels
- Analyst predictions
- China
- Easing
- $AAPL (Apple)
- $AMZN (Amazon)
- $TSL
[2022-09-27] Summary: 
Alibaba ($BABA) stock is experiencing significant market activity, with various analysts predicting a price target for the next week. The stock is also being discussed in relation to its backed company Lazada, which is losing ground to Shopee. There are mentions of unusual volume and trading activity, with some users suggesting that everyone is buying the dip. However, the overall sentiment is mixed, with some users expressing concern about the stock's performance.

Keywords: 
- Alibaba ($BABA)
- Lazada
- Shopee
- Analyst price target
- Unusual volume
- Trading activity
- Buying the dip
- Market performance

Note: The news is quite noisy and contains a lot of unrelated information, but the above summary and keywords are the most relevant to the
[2022-09-28] Summary: 
The news is about BABA (Alibaba Group Holding Limited) stock, with various updates and alerts related to its price target, options trading, and market performance. The news mentions that a top analyst has set a price target for BABA for the next week, and there are discussions about the stock's performance in the market, including its daily and weekly movements. The news also mentions that BABA is one of the most traded stocks, and there are alerts and updates about its options trading.

Keywords: 
- BABA
- Alibaba Group Holding Limited
- Stock market
- Options trading
- Price target
- Analyst
- Market performance
- Trading
- Alerts
- Stock market news
- Investing
- Finance

Note: The news is quite noisy and contains",Positive
143,AAPL,2022-09-29,"[2022-09-23] Summary: 
The news is about Apple Inc. (AAPL) stock performance and market trends. The stock has been performing relatively well compared to other stocks, with a year-to-date performance of -16%. There are various opinions and predictions about the stock's future, with some analysts expecting it to break down and others seeing it as a good buy. The stock's price has been affected by various factors, including iPhone and Macbook sales, and there are rumors about the new iPhone 14 Pro Max. The company has also released a new iOS update to fix a camera shake bug.

Keywords: 
- AAPL
- Apple Inc.
- Stock market
- iPhone
- Macbook
- iOS
- Stock performance
- Market trends
- Analyst predictions
- iPhone 14 Pro
[2022-09-26] Summary: 
The news is about Apple (AAPL) stock, with various mentions of its price, sales, and market performance. There are also mentions of other stocks such as Tesla (TSLA), Amazon (AMZN), and Microsoft (MSFT). The news includes information about the iPhone 14 being manufactured in India, strong iPhone 14 sales volume, and Apple's market performance. There are also mentions of various trading strategies, stock charts, and market insights.

Keywords: 
- AAPL (Apple)
- TSLA (Tesla)
- AMZN (Amazon)
- MSFT (Microsoft)
- iPhone 14
- India
- Stock market
- Trading
- Charts
- Market insights
- Sales volume
- Manufacturing
- Price target
- Analysts
[2022-09-27] Summary: 
The news is about Apple Inc. (AAPL) stock, with various analysts and traders discussing its price movements, analyst price targets, and trading strategies. Some news articles mention AAPL's manufacturing in India, its iPhone 14 production, and its analyst price target for the next week. Other news articles discuss the overall stock market, including the S&P 500, Nasdaq 100, and Dow Jones Industrial Average, with some stocks experiencing price movements and analyst recommendations.

Keywords: 
- AAPL (Apple Inc.)
- Stock market
- Analyst price target
- Trading strategies
- iPhone 14 production
- Manufacturing in India
- S&P 500
- Nasdaq 100
- Dow Jones Industrial Average
- $SPY
- $TSLA
[2022-09-28] Summary: 
Apple's stock (AAPL) has been affected by a report that the company is ditching its plan to increase iPhone production due to waning demand. The stock price has slipped 3.3% to $146.75 premarket. Analysts and traders are discussing the impact of this news on the market, with some predicting a potential meltdown. The stock has been a major contributor to the S&P 500's performance, and its decline is causing concern among investors.

Keywords: 
- Apple (AAPL)
- iPhone production
- Demand
- Stock price
- S&P 500
- Market
- Trading
- Investing
- Stocks
- Wall Street
- Fintech
- Software
- Traders
- Analysts
- Bloomberg
[2022-09-29] Summary: 
Apple's stock price has been fluctuating, with some analysts downgrading their price target and others upgrading it. The stock has been affected by various news, including the departure of its procurement chief and concerns about demand. The stock has also been compared to other tech giants like Tesla and Amazon.

Keywords: 
- $AAPL (Apple stock)
- $TSLA (Tesla stock)
- $AMZN (Amazon stock)
- Apple
- Stock market
- Trading
- Investing
- Analysis
- Price target
- Demand
- Procurement chief
- Downgrade
- Upgrade
- Nasdaq 100
- S&P 500
- Dow Jones
- Gold
- WTI
- Bitcoin
- Ethereum
- Futures
- Day trading",Negative
144,BABA,2022-09-29,"[2022-09-23] Summary: 
The news is about the stock $BABA (Alibaba Group Holding Limited) and its recent performance. There are several mentions of analyst price targets, trading activity, and market trends. Some news articles mention the stock's price movement, with some indicating a potential dip or bounce. There are also mentions of other stocks and market indices, such as $SPY, $QQQ, and $DIA.

Keywords: 
- $BABA (Alibaba Group Holding Limited)
- Analyst price target
- Trading activity
- Market trends
- Stock price movement
- $SPY
- $QQQ
- $DIA
- $TSLA
- $AAPL
- $NVDA
- $AMZN
- $MSFT
- $
[2022-09-26] Summary: 
The news is about the stock market, specifically the performance of various companies, including $BABA (Alibaba Group). The news mentions that $BABA has broken through resistance levels, and there are analyst predictions for its price target for the next week. The news also mentions that China is aggressively easing, which may have an impact on the stock market. Additionally, there are mentions of other companies such as $AAPL (Apple), $AMZN (Amazon), $TSLA (Tesla), and $NVDA (NVIDIA).

Keywords: 
- $BABA (Alibaba Group)
- Stock market
- Resistance levels
- Analyst predictions
- China
- Easing
- $AAPL (Apple)
- $AMZN (Amazon)
- $TSL
[2022-09-27] Summary: 
Alibaba ($BABA) stock is experiencing significant market activity, with various analysts predicting a price target for the next week. The stock is also being discussed in relation to its backed company Lazada, which is losing ground to Shopee. There are mentions of unusual volume and trading activity, with some users suggesting that everyone is buying the dip. However, the overall sentiment is mixed, with some users expressing concern about the stock's performance.

Keywords: 
- Alibaba ($BABA)
- Lazada
- Shopee
- Analyst price target
- Unusual volume
- Trading activity
- Buying the dip
- Market performance

Note: The news is quite noisy and contains a lot of unrelated information, but the above summary and keywords are the most relevant to the
[2022-09-28] Summary: 
The news is about BABA (Alibaba Group Holding Limited) stock, with various updates and alerts related to its price target, options trading, and market performance. The news mentions that a top analyst has set a price target for BABA for the next week, and there are discussions about the stock's performance in the market, including its daily and weekly movements. The news also mentions that BABA is one of the most traded stocks, and there are alerts and updates about its options trading.

Keywords: 
- BABA
- Alibaba Group Holding Limited
- Stock market
- Options trading
- Price target
- Analyst
- Market performance
- Trading
- Alerts
- Stock market news
- Investing
- Finance

Note: The news is quite noisy and contains
[2022-09-29] Summary: 
The news is about the stock market, specifically the performance of various stocks, including $BABA. The news mentions that $BABA is down 0.2% in the last 5 minutes, but there is no further information about the reason for the decline. The news also mentions that over 50 Chinese companies are planning to list on the Nasdaq in the next 12 months, which could lead to a ""dramatic"" increase in IPOs. Additionally, there are several tweets about trading communities and chat rooms that offer real-time trading alerts and stock updates.

Keywords: 
- $BABA
- Stock market
- Trading
- IPOs
- Nasdaq
- Chinese companies
- Trading communities
- Chat rooms
- Real-time trading alerts",Negative
145,AAPL,2022-09-30,"[2022-09-26] Summary: 
The news is about Apple (AAPL) stock, with various mentions of its price, sales, and market performance. There are also mentions of other stocks such as Tesla (TSLA), Amazon (AMZN), and Microsoft (MSFT). The news includes information about the iPhone 14 being manufactured in India, strong iPhone 14 sales volume, and Apple's market performance. There are also mentions of various trading strategies, stock charts, and market insights.

Keywords: 
- AAPL (Apple)
- TSLA (Tesla)
- AMZN (Amazon)
- MSFT (Microsoft)
- iPhone 14
- India
- Stock market
- Trading
- Charts
- Market insights
- Sales volume
- Manufacturing
- Price target
- Analysts
[2022-09-27] Summary: 
The news is about Apple Inc. (AAPL) stock, with various analysts and traders discussing its price movements, analyst price targets, and trading strategies. Some news articles mention AAPL's manufacturing in India, its iPhone 14 production, and its analyst price target for the next week. Other news articles discuss the overall stock market, including the S&P 500, Nasdaq 100, and Dow Jones Industrial Average, with some stocks experiencing price movements and analyst recommendations.

Keywords: 
- AAPL (Apple Inc.)
- Stock market
- Analyst price target
- Trading strategies
- iPhone 14 production
- Manufacturing in India
- S&P 500
- Nasdaq 100
- Dow Jones Industrial Average
- $SPY
- $TSLA
[2022-09-28] Summary: 
Apple's stock (AAPL) has been affected by a report that the company is ditching its plan to increase iPhone production due to waning demand. The stock price has slipped 3.3% to $146.75 premarket. Analysts and traders are discussing the impact of this news on the market, with some predicting a potential meltdown. The stock has been a major contributor to the S&P 500's performance, and its decline is causing concern among investors.

Keywords: 
- Apple (AAPL)
- iPhone production
- Demand
- Stock price
- S&P 500
- Market
- Trading
- Investing
- Stocks
- Wall Street
- Fintech
- Software
- Traders
- Analysts
- Bloomberg
[2022-09-29] Summary: 
Apple's stock price has been fluctuating, with some analysts downgrading their price target and others upgrading it. The stock has been affected by various news, including the departure of its procurement chief and concerns about demand. The stock has also been compared to other tech giants like Tesla and Amazon.

Keywords: 
- $AAPL (Apple stock)
- $TSLA (Tesla stock)
- $AMZN (Amazon stock)
- Apple
- Stock market
- Trading
- Investing
- Analysis
- Price target
- Demand
- Procurement chief
- Downgrade
- Upgrade
- Nasdaq 100
- S&P 500
- Dow Jones
- Gold
- WTI
- Bitcoin
- Ethereum
- Futures
- Day trading
[2022-09-30] Summary: 
Apple's stock price has been fluctuating, with some analysts predicting a price target of $189. However, the stock has been experiencing a decline, with a 22% year-to-date loss, and is now in bear market territory. The company has also faced challenges, including the termination of an employee who made a video claiming to fondle women. Despite this, Apple's strong cash flow and high margins have kept its stock price relatively stable.

Keywords: 
- $AAPL
- Apple
- Stock price
- Bear market
- Analysts
- Price target
- iPhone
- Cash flow
- Margins
- Employee termination
- Bear market territory
- Year-to-date loss
- Stock market
- Investing
- Trading
- Options
-",Negative
146,BABA,2022-09-30,"[2022-09-26] Summary: 
The news is about the stock market, specifically the performance of various companies, including $BABA (Alibaba Group). The news mentions that $BABA has broken through resistance levels, and there are analyst predictions for its price target for the next week. The news also mentions that China is aggressively easing, which may have an impact on the stock market. Additionally, there are mentions of other companies such as $AAPL (Apple), $AMZN (Amazon), $TSLA (Tesla), and $NVDA (NVIDIA).

Keywords: 
- $BABA (Alibaba Group)
- Stock market
- Resistance levels
- Analyst predictions
- China
- Easing
- $AAPL (Apple)
- $AMZN (Amazon)
- $TSL
[2022-09-27] Summary: 
Alibaba ($BABA) stock is experiencing significant market activity, with various analysts predicting a price target for the next week. The stock is also being discussed in relation to its backed company Lazada, which is losing ground to Shopee. There are mentions of unusual volume and trading activity, with some users suggesting that everyone is buying the dip. However, the overall sentiment is mixed, with some users expressing concern about the stock's performance.

Keywords: 
- Alibaba ($BABA)
- Lazada
- Shopee
- Analyst price target
- Unusual volume
- Trading activity
- Buying the dip
- Market performance

Note: The news is quite noisy and contains a lot of unrelated information, but the above summary and keywords are the most relevant to the
[2022-09-28] Summary: 
The news is about BABA (Alibaba Group Holding Limited) stock, with various updates and alerts related to its price target, options trading, and market performance. The news mentions that a top analyst has set a price target for BABA for the next week, and there are discussions about the stock's performance in the market, including its daily and weekly movements. The news also mentions that BABA is one of the most traded stocks, and there are alerts and updates about its options trading.

Keywords: 
- BABA
- Alibaba Group Holding Limited
- Stock market
- Options trading
- Price target
- Analyst
- Market performance
- Trading
- Alerts
- Stock market news
- Investing
- Finance

Note: The news is quite noisy and contains
[2022-09-29] Summary: 
The news is about the stock market, specifically the performance of various stocks, including $BABA. The news mentions that $BABA is down 0.2% in the last 5 minutes, but there is no further information about the reason for the decline. The news also mentions that over 50 Chinese companies are planning to list on the Nasdaq in the next 12 months, which could lead to a ""dramatic"" increase in IPOs. Additionally, there are several tweets about trading communities and chat rooms that offer real-time trading alerts and stock updates.

Keywords: 
- $BABA
- Stock market
- Trading
- IPOs
- Nasdaq
- Chinese companies
- Trading communities
- Chat rooms
- Real-time trading alerts
[2022-09-30] Summary: 
Alibaba Group Holding Limited (BABA) stock has been mentioned in various news and updates, with some analysts cutting their price target due to revenue concerns. There are also mentions of insider information and audit updates, which may impact the stock's performance. Additionally, BABA has been compared to other stocks such as Amazon (AMZN) and Tesla (TSLA) in terms of market trends and performance.

Keywords: 
- BABA
- Alibaba Group Holding Limited
- Analyst price target
- Revenue concerns
- Insider information
- Audit updates
- Amazon (AMZN)
- Tesla (TSLA)
- Stock market trends
- Performance comparison

Note: The news data is noisy and contains various unrelated information, but the above summary and keywords are extracted based on",Positive
147,AAPL,2022-10-03,"[2022-09-27] Summary: 
The news is about Apple Inc. (AAPL) stock, with various analysts and traders discussing its price movements, analyst price targets, and trading strategies. Some news articles mention AAPL's manufacturing in India, its iPhone 14 production, and its analyst price target for the next week. Other news articles discuss the overall stock market, including the S&P 500, Nasdaq 100, and Dow Jones Industrial Average, with some stocks experiencing price movements and analyst recommendations.

Keywords: 
- AAPL (Apple Inc.)
- Stock market
- Analyst price target
- Trading strategies
- iPhone 14 production
- Manufacturing in India
- S&P 500
- Nasdaq 100
- Dow Jones Industrial Average
- $SPY
- $TSLA
[2022-09-28] Summary: 
Apple's stock (AAPL) has been affected by a report that the company is ditching its plan to increase iPhone production due to waning demand. The stock price has slipped 3.3% to $146.75 premarket. Analysts and traders are discussing the impact of this news on the market, with some predicting a potential meltdown. The stock has been a major contributor to the S&P 500's performance, and its decline is causing concern among investors.

Keywords: 
- Apple (AAPL)
- iPhone production
- Demand
- Stock price
- S&P 500
- Market
- Trading
- Investing
- Stocks
- Wall Street
- Fintech
- Software
- Traders
- Analysts
- Bloomberg
[2022-09-29] Summary: 
Apple's stock price has been fluctuating, with some analysts downgrading their price target and others upgrading it. The stock has been affected by various news, including the departure of its procurement chief and concerns about demand. The stock has also been compared to other tech giants like Tesla and Amazon.

Keywords: 
- $AAPL (Apple stock)
- $TSLA (Tesla stock)
- $AMZN (Amazon stock)
- Apple
- Stock market
- Trading
- Investing
- Analysis
- Price target
- Demand
- Procurement chief
- Downgrade
- Upgrade
- Nasdaq 100
- S&P 500
- Dow Jones
- Gold
- WTI
- Bitcoin
- Ethereum
- Futures
- Day trading
[2022-09-30] Summary: 
Apple's stock price has been fluctuating, with some analysts predicting a price target of $189. However, the stock has been experiencing a decline, with a 22% year-to-date loss, and is now in bear market territory. The company has also faced challenges, including the termination of an employee who made a video claiming to fondle women. Despite this, Apple's strong cash flow and high margins have kept its stock price relatively stable.

Keywords: 
- $AAPL
- Apple
- Stock price
- Bear market
- Analysts
- Price target
- iPhone
- Cash flow
- Margins
- Employee termination
- Bear market territory
- Year-to-date loss
- Stock market
- Investing
- Trading
- Options
-
[2022-10-03] Summary: 
The news is about Apple Inc. (AAPL) stock, with various articles discussing its performance, analyst predictions, and market trends. Some articles mention Apple's App Store net revenue decline, while others discuss the company's potential for a short squeeze. There are also mentions of Apple's CEO, Tim Cook, predicting the impact of augmented reality (AR) on the company.

Keywords: 
- AAPL
- Apple
- Stock
- Market
- Trading
- Analyst
- Prediction
- Short squeeze
- AR (Augmented Reality)
- Tim Cook
- App Store
- Revenue
- Earnings
- Options
- Trading ideas
- Stock market trends

Note: The news articles are quite noisy and contain a lot of irrelevant information, but the above",Positive
148,BABA,2022-10-03,"[2022-09-27] Summary: 
Alibaba ($BABA) stock is experiencing significant market activity, with various analysts predicting a price target for the next week. The stock is also being discussed in relation to its backed company Lazada, which is losing ground to Shopee. There are mentions of unusual volume and trading activity, with some users suggesting that everyone is buying the dip. However, the overall sentiment is mixed, with some users expressing concern about the stock's performance.

Keywords: 
- Alibaba ($BABA)
- Lazada
- Shopee
- Analyst price target
- Unusual volume
- Trading activity
- Buying the dip
- Market performance

Note: The news is quite noisy and contains a lot of unrelated information, but the above summary and keywords are the most relevant to the
[2022-09-28] Summary: 
The news is about BABA (Alibaba Group Holding Limited) stock, with various updates and alerts related to its price target, options trading, and market performance. The news mentions that a top analyst has set a price target for BABA for the next week, and there are discussions about the stock's performance in the market, including its daily and weekly movements. The news also mentions that BABA is one of the most traded stocks, and there are alerts and updates about its options trading.

Keywords: 
- BABA
- Alibaba Group Holding Limited
- Stock market
- Options trading
- Price target
- Analyst
- Market performance
- Trading
- Alerts
- Stock market news
- Investing
- Finance

Note: The news is quite noisy and contains
[2022-09-29] Summary: 
The news is about the stock market, specifically the performance of various stocks, including $BABA. The news mentions that $BABA is down 0.2% in the last 5 minutes, but there is no further information about the reason for the decline. The news also mentions that over 50 Chinese companies are planning to list on the Nasdaq in the next 12 months, which could lead to a ""dramatic"" increase in IPOs. Additionally, there are several tweets about trading communities and chat rooms that offer real-time trading alerts and stock updates.

Keywords: 
- $BABA
- Stock market
- Trading
- IPOs
- Nasdaq
- Chinese companies
- Trading communities
- Chat rooms
- Real-time trading alerts
[2022-09-30] Summary: 
Alibaba Group Holding Limited (BABA) stock has been mentioned in various news and updates, with some analysts cutting their price target due to revenue concerns. There are also mentions of insider information and audit updates, which may impact the stock's performance. Additionally, BABA has been compared to other stocks such as Amazon (AMZN) and Tesla (TSLA) in terms of market trends and performance.

Keywords: 
- BABA
- Alibaba Group Holding Limited
- Analyst price target
- Revenue concerns
- Insider information
- Audit updates
- Amazon (AMZN)
- Tesla (TSLA)
- Stock market trends
- Performance comparison

Note: The news data is noisy and contains various unrelated information, but the above summary and keywords are extracted based on
[2022-10-03] Summary: 
The news is about BABA (Alibaba Group Holding Limited) stock, with various mentions of analyst price targets, trading levels, and market updates. There are also mentions of other stocks such as TSLA, AAPL, AMZN, and GOOG, but the primary focus is on BABA.

Keywords: 
- BABA
- Alibaba Group Holding Limited
- Analyst price target
- Trading levels
- Market updates
- Stock price
- Trading alerts
- Elliott wave
- Stock market

Note: The news is mostly about BABA stock, but some of the tweets are promotional and not directly related to BABA.",Positive
149,AAPL,2022-10-04,"[2022-09-28] Summary: 
Apple's stock (AAPL) has been affected by a report that the company is ditching its plan to increase iPhone production due to waning demand. The stock price has slipped 3.3% to $146.75 premarket. Analysts and traders are discussing the impact of this news on the market, with some predicting a potential meltdown. The stock has been a major contributor to the S&P 500's performance, and its decline is causing concern among investors.

Keywords: 
- Apple (AAPL)
- iPhone production
- Demand
- Stock price
- S&P 500
- Market
- Trading
- Investing
- Stocks
- Wall Street
- Fintech
- Software
- Traders
- Analysts
- Bloomberg
[2022-09-29] Summary: 
Apple's stock price has been fluctuating, with some analysts downgrading their price target and others upgrading it. The stock has been affected by various news, including the departure of its procurement chief and concerns about demand. The stock has also been compared to other tech giants like Tesla and Amazon.

Keywords: 
- $AAPL (Apple stock)
- $TSLA (Tesla stock)
- $AMZN (Amazon stock)
- Apple
- Stock market
- Trading
- Investing
- Analysis
- Price target
- Demand
- Procurement chief
- Downgrade
- Upgrade
- Nasdaq 100
- S&P 500
- Dow Jones
- Gold
- WTI
- Bitcoin
- Ethereum
- Futures
- Day trading
[2022-09-30] Summary: 
Apple's stock price has been fluctuating, with some analysts predicting a price target of $189. However, the stock has been experiencing a decline, with a 22% year-to-date loss, and is now in bear market territory. The company has also faced challenges, including the termination of an employee who made a video claiming to fondle women. Despite this, Apple's strong cash flow and high margins have kept its stock price relatively stable.

Keywords: 
- $AAPL
- Apple
- Stock price
- Bear market
- Analysts
- Price target
- iPhone
- Cash flow
- Margins
- Employee termination
- Bear market territory
- Year-to-date loss
- Stock market
- Investing
- Trading
- Options
-
[2022-10-03] Summary: 
The news is about Apple Inc. (AAPL) stock, with various articles discussing its performance, analyst predictions, and market trends. Some articles mention Apple's App Store net revenue decline, while others discuss the company's potential for a short squeeze. There are also mentions of Apple's CEO, Tim Cook, predicting the impact of augmented reality (AR) on the company.

Keywords: 
- AAPL
- Apple
- Stock
- Market
- Trading
- Analyst
- Prediction
- Short squeeze
- AR (Augmented Reality)
- Tim Cook
- App Store
- Revenue
- Earnings
- Options
- Trading ideas
- Stock market trends

Note: The news articles are quite noisy and contain a lot of irrelevant information, but the above
[2022-10-04] Summary: 
The news is about Apple (AAPL) stock, with various analysts and traders discussing its price movements, potential targets, and market trends. Some news articles mention Apple's iPhone exports from India, which have doubled in the past five months, and the EU parliament's approval of a rule that may force Apple to use a common charger for all devices. Other news articles discuss the stock's performance, with some analysts predicting a short squeeze and a potential price target of $150.

Keywords: 
- AAPL
- Apple
- Stock
- Price
- Target
- Short squeeze
- EU
- Charger
- India
- iPhone
- Exports
- Market
- Trend
- Analyst
- Trader
- Price movement
- Prediction
- Forecast
-",Positive
150,BABA,2022-10-04,"[2022-09-28] Summary: 
The news is about BABA (Alibaba Group Holding Limited) stock, with various updates and alerts related to its price target, options trading, and market performance. The news mentions that a top analyst has set a price target for BABA for the next week, and there are discussions about the stock's performance in the market, including its daily and weekly movements. The news also mentions that BABA is one of the most traded stocks, and there are alerts and updates about its options trading.

Keywords: 
- BABA
- Alibaba Group Holding Limited
- Stock market
- Options trading
- Price target
- Analyst
- Market performance
- Trading
- Alerts
- Stock market news
- Investing
- Finance

Note: The news is quite noisy and contains
[2022-09-29] Summary: 
The news is about the stock market, specifically the performance of various stocks, including $BABA. The news mentions that $BABA is down 0.2% in the last 5 minutes, but there is no further information about the reason for the decline. The news also mentions that over 50 Chinese companies are planning to list on the Nasdaq in the next 12 months, which could lead to a ""dramatic"" increase in IPOs. Additionally, there are several tweets about trading communities and chat rooms that offer real-time trading alerts and stock updates.

Keywords: 
- $BABA
- Stock market
- Trading
- IPOs
- Nasdaq
- Chinese companies
- Trading communities
- Chat rooms
- Real-time trading alerts
[2022-09-30] Summary: 
Alibaba Group Holding Limited (BABA) stock has been mentioned in various news and updates, with some analysts cutting their price target due to revenue concerns. There are also mentions of insider information and audit updates, which may impact the stock's performance. Additionally, BABA has been compared to other stocks such as Amazon (AMZN) and Tesla (TSLA) in terms of market trends and performance.

Keywords: 
- BABA
- Alibaba Group Holding Limited
- Analyst price target
- Revenue concerns
- Insider information
- Audit updates
- Amazon (AMZN)
- Tesla (TSLA)
- Stock market trends
- Performance comparison

Note: The news data is noisy and contains various unrelated information, but the above summary and keywords are extracted based on
[2022-10-03] Summary: 
The news is about BABA (Alibaba Group Holding Limited) stock, with various mentions of analyst price targets, trading levels, and market updates. There are also mentions of other stocks such as TSLA, AAPL, AMZN, and GOOG, but the primary focus is on BABA.

Keywords: 
- BABA
- Alibaba Group Holding Limited
- Analyst price target
- Trading levels
- Market updates
- Stock price
- Trading alerts
- Elliott wave
- Stock market

Note: The news is mostly about BABA stock, but some of the tweets are promotional and not directly related to BABA.
[2022-10-04] Summary: 
The news is about stock market updates and analyst price targets for various stocks, including $BABA. The news mentions that $BABA has a top analyst price target for next week, with a 4.72% increase. There are also mentions of other stocks such as $TSLA, $AAPL, $AMZN, $NVDA, and $MSFT.

Keywords: 
$BABA, $TSLA, $AAPL, $AMZN, $NVDA, $MSFT, $SPY, $QQQ, $GOOG, $FB, $NFLX, $TWTR, $AAL, $NIO, $INO, $OXY, $CCL, $DAL, $UGAZ, $DIS,",Positive
151,AAPL,2022-10-06,"[2022-09-30] Summary: 
Apple's stock price has been fluctuating, with some analysts predicting a price target of $189. However, the stock has been experiencing a decline, with a 22% year-to-date loss, and is now in bear market territory. The company has also faced challenges, including the termination of an employee who made a video claiming to fondle women. Despite this, Apple's strong cash flow and high margins have kept its stock price relatively stable.

Keywords: 
- $AAPL
- Apple
- Stock price
- Bear market
- Analysts
- Price target
- iPhone
- Cash flow
- Margins
- Employee termination
- Bear market territory
- Year-to-date loss
- Stock market
- Investing
- Trading
- Options
-
[2022-10-03] Summary: 
The news is about Apple Inc. (AAPL) stock, with various articles discussing its performance, analyst predictions, and market trends. Some articles mention Apple's App Store net revenue decline, while others discuss the company's potential for a short squeeze. There are also mentions of Apple's CEO, Tim Cook, predicting the impact of augmented reality (AR) on the company.

Keywords: 
- AAPL
- Apple
- Stock
- Market
- Trading
- Analyst
- Prediction
- Short squeeze
- AR (Augmented Reality)
- Tim Cook
- App Store
- Revenue
- Earnings
- Options
- Trading ideas
- Stock market trends

Note: The news articles are quite noisy and contain a lot of irrelevant information, but the above
[2022-10-04] Summary: 
The news is about Apple (AAPL) stock, with various analysts and traders discussing its price movements, potential targets, and market trends. Some news articles mention Apple's iPhone exports from India, which have doubled in the past five months, and the EU parliament's approval of a rule that may force Apple to use a common charger for all devices. Other news articles discuss the stock's performance, with some analysts predicting a short squeeze and a potential price target of $150.

Keywords: 
- AAPL
- Apple
- Stock
- Price
- Target
- Short squeeze
- EU
- Charger
- India
- iPhone
- Exports
- Market
- Trend
- Analyst
- Trader
- Price movement
- Prediction
- Forecast
-
[2022-10-05] Summary: 
Apple (AAPL) stock is in the news due to various market trends and analyst predictions. The company is reportedly in talks to make AirPods and Beats headphones in India, which could be a significant move for the company. Analysts are also predicting a price target for AAPL stock, with some expecting it to reach $149.50-$151.50. Additionally, the company's sentiment report shows a mixed reaction from investors, with some positive reviews for its products and others expressing concerns.

Keywords: 
AAPL, Apple, AirPods, Beats, India, stock market, analyst predictions, price target, sentiment report, investor reaction.

Note: The news is quite noisy and contains a lot of irrelevant information, but the above summary and keywords are the most relevant to
[2022-10-06] Summary: 
The news articles and tweets extracted from the web page HTML are mostly about the stock market, particularly Apple (AAPL) and other tech companies. The news includes updates on Apple's production, stock prices, analyst predictions, and market trends. There are also mentions of other companies such as Tesla (TSLA), Amazon (AMZN), Microsoft (MSFT), and Google (GOOGL).

Keywords: 
- AAPL (Apple)
- TSLA (Tesla)
- AMZN (Amazon)
- MSFT (Microsoft)
- GOOGL (Google)
- SPY (S&P 500)
- QQQ (Nasdaq-100)
- Stock market
- Investing
- Trading
- Options
- Dividend
- Cryptocurrency
- Ethereum",Negative
152,AAPL,2022-10-07,"[2022-10-03] Summary: 
The news is about Apple Inc. (AAPL) stock, with various articles discussing its performance, analyst predictions, and market trends. Some articles mention Apple's App Store net revenue decline, while others discuss the company's potential for a short squeeze. There are also mentions of Apple's CEO, Tim Cook, predicting the impact of augmented reality (AR) on the company.

Keywords: 
- AAPL
- Apple
- Stock
- Market
- Trading
- Analyst
- Prediction
- Short squeeze
- AR (Augmented Reality)
- Tim Cook
- App Store
- Revenue
- Earnings
- Options
- Trading ideas
- Stock market trends

Note: The news articles are quite noisy and contain a lot of irrelevant information, but the above
[2022-10-04] Summary: 
The news is about Apple (AAPL) stock, with various analysts and traders discussing its price movements, potential targets, and market trends. Some news articles mention Apple's iPhone exports from India, which have doubled in the past five months, and the EU parliament's approval of a rule that may force Apple to use a common charger for all devices. Other news articles discuss the stock's performance, with some analysts predicting a short squeeze and a potential price target of $150.

Keywords: 
- AAPL
- Apple
- Stock
- Price
- Target
- Short squeeze
- EU
- Charger
- India
- iPhone
- Exports
- Market
- Trend
- Analyst
- Trader
- Price movement
- Prediction
- Forecast
-
[2022-10-05] Summary: 
Apple (AAPL) stock is in the news due to various market trends and analyst predictions. The company is reportedly in talks to make AirPods and Beats headphones in India, which could be a significant move for the company. Analysts are also predicting a price target for AAPL stock, with some expecting it to reach $149.50-$151.50. Additionally, the company's sentiment report shows a mixed reaction from investors, with some positive reviews for its products and others expressing concerns.

Keywords: 
AAPL, Apple, AirPods, Beats, India, stock market, analyst predictions, price target, sentiment report, investor reaction.

Note: The news is quite noisy and contains a lot of irrelevant information, but the above summary and keywords are the most relevant to
[2022-10-06] Summary: 
The news articles and tweets extracted from the web page HTML are mostly about the stock market, particularly Apple (AAPL) and other tech companies. The news includes updates on Apple's production, stock prices, analyst predictions, and market trends. There are also mentions of other companies such as Tesla (TSLA), Amazon (AMZN), Microsoft (MSFT), and Google (GOOGL).

Keywords: 
- AAPL (Apple)
- TSLA (Tesla)
- AMZN (Amazon)
- MSFT (Microsoft)
- GOOGL (Google)
- SPY (S&P 500)
- QQQ (Nasdaq-100)
- Stock market
- Investing
- Trading
- Options
- Dividend
- Cryptocurrency
- Ethereum
[2022-10-07] Summary: 
The news is about Apple Inc. (AAPL) stock performance and market trends. The news includes various updates on Apple's stock price, analyst price targets, and market sentiment. There are also mentions of other stocks such as Tesla (TSLA), Amazon (AMZN), Microsoft (MSFT), and Bitcoin (BTC).

Keywords: 
- AAPL (Apple Inc.)
- TSLA (Tesla Inc.)
- AMZN (Amazon.com Inc.)
- MSFT (Microsoft Corporation)
- BTC (Bitcoin)
- Stock market
- Trading
- Options
- Analyst price target
- Market sentiment
- Apple stock performance
- Market trends

Note: The news is quite noisy and contains a lot of irrelevant information, but the above summary and keywords are the most relevant",Negative
153,BABA,2022-10-07,"[2022-10-03] Summary: 
The news is about BABA (Alibaba Group Holding Limited) stock, with various mentions of analyst price targets, trading levels, and market updates. There are also mentions of other stocks such as TSLA, AAPL, AMZN, and GOOG, but the primary focus is on BABA.

Keywords: 
- BABA
- Alibaba Group Holding Limited
- Analyst price target
- Trading levels
- Market updates
- Stock price
- Trading alerts
- Elliott wave
- Stock market

Note: The news is mostly about BABA stock, but some of the tweets are promotional and not directly related to BABA.
[2022-10-04] Summary: 
The news is about stock market updates and analyst price targets for various stocks, including $BABA. The news mentions that $BABA has a top analyst price target for next week, with a 4.72% increase. There are also mentions of other stocks such as $TSLA, $AAPL, $AMZN, $NVDA, and $MSFT.

Keywords: 
$BABA, $TSLA, $AAPL, $AMZN, $NVDA, $MSFT, $SPY, $QQQ, $GOOG, $FB, $NFLX, $TWTR, $AAL, $NIO, $INO, $OXY, $CCL, $DAL, $UGAZ, $DIS,
[2022-10-05] Summary: 
The news articles mention various stocks, but the main focus is on BABA (Alibaba Group Holding Limited). The news includes price targets, analyst opinions, and market trends. There are also mentions of other stocks such as TSLA (Tesla), AAPL (Apple), and SPY (SPDR S&P 500 ETF Trust). The news also includes information about market moves, options trading, and stock market catalysts.

Keywords: 
- BABA (Alibaba Group Holding Limited)
- TSLA (Tesla)
- AAPL (Apple)
- SPY (SPDR S&P 500 ETF Trust)
- Stock market
- Options trading
- Market trends
- Analyst opinions
- Price targets
- Alibaba cloud business
- Inflation fear
- F
[2022-10-06] Summary: 
The news is about BABA (Alibaba Group Holding Limited) stock, with various updates and alerts from different sources. The news includes information about BABA's cloud business and valuation, inflation fear and FED policies, and stock market catalysts. There are also mentions of BABA's price target, trading volume, and options activity.

Keywords: 
- BABA (Alibaba Group Holding Limited)
- Stock market
- Trading
- Options
- Cloud business
- Valuation
- Inflation
- FED policies
- Stock market catalysts
- Price target
- Trading volume
- Options activity

Note: The news is quite noisy and contains a lot of irrelevant information, but the above summary and keywords are the most relevant and important points related to B
[2022-10-07] Summary: 
The news is about BABA (Alibaba Group Holding Limited) stock, with various updates and alerts from different sources. The news includes analyst price targets, unusual volume, and trading activity. Some sources also mention other stocks such as TSLA (Tesla), AMZN (Amazon), NVDA (NVIDIA), and AAPL (Apple).

Keywords: 
- BABA (Alibaba Group Holding Limited)
- Analyst price target
- Unusual volume
- Trading activity
- Stock market
- Options trading
- Trading alerts
- Stock updates
- BABA stock price
- $BABA
- $TSLA
- $AMZN
- $NVDA
- $AAPL

Note: The news is mostly about BABA stock, but some",Negative
154,BABA,2022-10-10,"[2022-10-04] Summary: 
The news is about stock market updates and analyst price targets for various stocks, including $BABA. The news mentions that $BABA has a top analyst price target for next week, with a 4.72% increase. There are also mentions of other stocks such as $TSLA, $AAPL, $AMZN, $NVDA, and $MSFT.

Keywords: 
$BABA, $TSLA, $AAPL, $AMZN, $NVDA, $MSFT, $SPY, $QQQ, $GOOG, $FB, $NFLX, $TWTR, $AAL, $NIO, $INO, $OXY, $CCL, $DAL, $UGAZ, $DIS,
[2022-10-05] Summary: 
The news articles mention various stocks, but the main focus is on BABA (Alibaba Group Holding Limited). The news includes price targets, analyst opinions, and market trends. There are also mentions of other stocks such as TSLA (Tesla), AAPL (Apple), and SPY (SPDR S&P 500 ETF Trust). The news also includes information about market moves, options trading, and stock market catalysts.

Keywords: 
- BABA (Alibaba Group Holding Limited)
- TSLA (Tesla)
- AAPL (Apple)
- SPY (SPDR S&P 500 ETF Trust)
- Stock market
- Options trading
- Market trends
- Analyst opinions
- Price targets
- Alibaba cloud business
- Inflation fear
- F
[2022-10-06] Summary: 
The news is about BABA (Alibaba Group Holding Limited) stock, with various updates and alerts from different sources. The news includes information about BABA's cloud business and valuation, inflation fear and FED policies, and stock market catalysts. There are also mentions of BABA's price target, trading volume, and options activity.

Keywords: 
- BABA (Alibaba Group Holding Limited)
- Stock market
- Trading
- Options
- Cloud business
- Valuation
- Inflation
- FED policies
- Stock market catalysts
- Price target
- Trading volume
- Options activity

Note: The news is quite noisy and contains a lot of irrelevant information, but the above summary and keywords are the most relevant and important points related to B
[2022-10-07] Summary: 
The news is about BABA (Alibaba Group Holding Limited) stock, with various updates and alerts from different sources. The news includes analyst price targets, unusual volume, and trading activity. Some sources also mention other stocks such as TSLA (Tesla), AMZN (Amazon), NVDA (NVIDIA), and AAPL (Apple).

Keywords: 
- BABA (Alibaba Group Holding Limited)
- Analyst price target
- Unusual volume
- Trading activity
- Stock market
- Options trading
- Trading alerts
- Stock updates
- BABA stock price
- $BABA
- $TSLA
- $AMZN
- $NVDA
- $AAPL

Note: The news is mostly about BABA stock, but some
[2022-10-10] Summary: 
The news is about BABA (Alibaba Group Holding Limited) stock. There are several mentions of BABA stock in the news, including its price target, trading volume, and analyst predictions. The stock is mentioned alongside other stocks such as Amazon (AMZN), Tesla (TSLA), and Microsoft (MSFT). The news also mentions the impact of U.S. chip restrictions on Chinese tech stocks, including BABA, JD (JD), PDD (Pinduoduo), and BIDU (Baidu).

Keywords: 
- BABA (Alibaba Group Holding Limited)
- Stock price
- Trading volume
- Analyst predictions
- U.S. chip restrictions
- Chinese tech stocks
- Amazon (AMZN)
- Tesla (TSLA)",Negative
155,AAPL,2022-10-11,"[2022-10-05] Summary: 
Apple (AAPL) stock is in the news due to various market trends and analyst predictions. The company is reportedly in talks to make AirPods and Beats headphones in India, which could be a significant move for the company. Analysts are also predicting a price target for AAPL stock, with some expecting it to reach $149.50-$151.50. Additionally, the company's sentiment report shows a mixed reaction from investors, with some positive reviews for its products and others expressing concerns.

Keywords: 
AAPL, Apple, AirPods, Beats, India, stock market, analyst predictions, price target, sentiment report, investor reaction.

Note: The news is quite noisy and contains a lot of irrelevant information, but the above summary and keywords are the most relevant to
[2022-10-06] Summary: 
The news articles and tweets extracted from the web page HTML are mostly about the stock market, particularly Apple (AAPL) and other tech companies. The news includes updates on Apple's production, stock prices, analyst predictions, and market trends. There are also mentions of other companies such as Tesla (TSLA), Amazon (AMZN), Microsoft (MSFT), and Google (GOOGL).

Keywords: 
- AAPL (Apple)
- TSLA (Tesla)
- AMZN (Amazon)
- MSFT (Microsoft)
- GOOGL (Google)
- SPY (S&P 500)
- QQQ (Nasdaq-100)
- Stock market
- Investing
- Trading
- Options
- Dividend
- Cryptocurrency
- Ethereum
[2022-10-07] Summary: 
The news is about Apple Inc. (AAPL) stock performance and market trends. The news includes various updates on Apple's stock price, analyst price targets, and market sentiment. There are also mentions of other stocks such as Tesla (TSLA), Amazon (AMZN), Microsoft (MSFT), and Bitcoin (BTC).

Keywords: 
- AAPL (Apple Inc.)
- TSLA (Tesla Inc.)
- AMZN (Amazon.com Inc.)
- MSFT (Microsoft Corporation)
- BTC (Bitcoin)
- Stock market
- Trading
- Options
- Analyst price target
- Market sentiment
- Apple stock performance
- Market trends

Note: The news is quite noisy and contains a lot of irrelevant information, but the above summary and keywords are the most relevant
[2022-10-10] Summary: 
The news is about Apple (AAPL) stock, with various updates and analysis from different sources. The news includes information about Apple's iPhone 14's new Crash Detection feature, Apple's iPad sales, and the company's stock performance. There are also mentions of other stocks such as Tesla (TSLA), Amazon (AMZN), Microsoft (MSFT), and more.

Keywords: 
- AAPL (Apple)
- iPhone 14
- Crash Detection
- iPad sales
- Stock market
- Trading
- $AAPL
- $TSLA
- $AMZN
- $MSFT
- $SPY
- $SPX
- $QQQ
- $NVDA
- $GOOGL
- $AMZN
[2022-10-11] Summary: 
The news is about the stock market, specifically Apple (AAPL) stock. There are various mentions of AAPL in the news, including its price target, analyst predictions, and market trends. Some news articles mention AAPL's performance in comparison to other stocks, such as TSLA, MSFT, and AMZN. There are also mentions of AAPL's global supply chain management strategy and its impact on the company.

Keywords: 
- AAPL (Apple stock)
- Stock market
- Trading
- Analyst predictions
- Price target
- Market trends
- Global supply chain management
- TSLA (Tesla stock)
- MSFT (Microsoft stock)
- AMZN (Amazon stock)

Note: The news is quite noisy and contains a lot of irrelevant information",Negative
156,BABA,2022-10-11,"[2022-10-05] Summary: 
The news articles mention various stocks, but the main focus is on BABA (Alibaba Group Holding Limited). The news includes price targets, analyst opinions, and market trends. There are also mentions of other stocks such as TSLA (Tesla), AAPL (Apple), and SPY (SPDR S&P 500 ETF Trust). The news also includes information about market moves, options trading, and stock market catalysts.

Keywords: 
- BABA (Alibaba Group Holding Limited)
- TSLA (Tesla)
- AAPL (Apple)
- SPY (SPDR S&P 500 ETF Trust)
- Stock market
- Options trading
- Market trends
- Analyst opinions
- Price targets
- Alibaba cloud business
- Inflation fear
- F
[2022-10-06] Summary: 
The news is about BABA (Alibaba Group Holding Limited) stock, with various updates and alerts from different sources. The news includes information about BABA's cloud business and valuation, inflation fear and FED policies, and stock market catalysts. There are also mentions of BABA's price target, trading volume, and options activity.

Keywords: 
- BABA (Alibaba Group Holding Limited)
- Stock market
- Trading
- Options
- Cloud business
- Valuation
- Inflation
- FED policies
- Stock market catalysts
- Price target
- Trading volume
- Options activity

Note: The news is quite noisy and contains a lot of irrelevant information, but the above summary and keywords are the most relevant and important points related to B
[2022-10-07] Summary: 
The news is about BABA (Alibaba Group Holding Limited) stock, with various updates and alerts from different sources. The news includes analyst price targets, unusual volume, and trading activity. Some sources also mention other stocks such as TSLA (Tesla), AMZN (Amazon), NVDA (NVIDIA), and AAPL (Apple).

Keywords: 
- BABA (Alibaba Group Holding Limited)
- Analyst price target
- Unusual volume
- Trading activity
- Stock market
- Options trading
- Trading alerts
- Stock updates
- BABA stock price
- $BABA
- $TSLA
- $AMZN
- $NVDA
- $AAPL

Note: The news is mostly about BABA stock, but some
[2022-10-10] Summary: 
The news is about BABA (Alibaba Group Holding Limited) stock. There are several mentions of BABA stock in the news, including its price target, trading volume, and analyst predictions. The stock is mentioned alongside other stocks such as Amazon (AMZN), Tesla (TSLA), and Microsoft (MSFT). The news also mentions the impact of U.S. chip restrictions on Chinese tech stocks, including BABA, JD (JD), PDD (Pinduoduo), and BIDU (Baidu).

Keywords: 
- BABA (Alibaba Group Holding Limited)
- Stock price
- Trading volume
- Analyst predictions
- U.S. chip restrictions
- Chinese tech stocks
- Amazon (AMZN)
- Tesla (TSLA)
[2022-10-11] Summary: 
The news is about the stock market, specifically the performance of various stocks, including $BABA. The news mentions that $BABA is set for a run-up, and there are analyst price targets for the stock. The news also mentions various other stocks, such as $SPY, $AAPL, $AMZN, and $TSLA, and their performance. Additionally, there are mentions of trading communities and chatrooms where people can join to get trading alerts and analysis.

Keywords: 
- $BABA
- Stock market
- Trading
- Analyst price target
- Run-up
- $SPY
- $AAPL
- $AMZN
- $TSLA
- Trading communities
- Chatrooms
- Alerts
- Analysis",Negative
157,AAPL,2022-10-13,"[2022-10-07] Summary: 
The news is about Apple Inc. (AAPL) stock performance and market trends. The news includes various updates on Apple's stock price, analyst price targets, and market sentiment. There are also mentions of other stocks such as Tesla (TSLA), Amazon (AMZN), Microsoft (MSFT), and Bitcoin (BTC).

Keywords: 
- AAPL (Apple Inc.)
- TSLA (Tesla Inc.)
- AMZN (Amazon.com Inc.)
- MSFT (Microsoft Corporation)
- BTC (Bitcoin)
- Stock market
- Trading
- Options
- Analyst price target
- Market sentiment
- Apple stock performance
- Market trends

Note: The news is quite noisy and contains a lot of irrelevant information, but the above summary and keywords are the most relevant
[2022-10-10] Summary: 
The news is about Apple (AAPL) stock, with various updates and analysis from different sources. The news includes information about Apple's iPhone 14's new Crash Detection feature, Apple's iPad sales, and the company's stock performance. There are also mentions of other stocks such as Tesla (TSLA), Amazon (AMZN), Microsoft (MSFT), and more.

Keywords: 
- AAPL (Apple)
- iPhone 14
- Crash Detection
- iPad sales
- Stock market
- Trading
- $AAPL
- $TSLA
- $AMZN
- $MSFT
- $SPY
- $SPX
- $QQQ
- $NVDA
- $GOOGL
- $AMZN
[2022-10-11] Summary: 
The news is about the stock market, specifically Apple (AAPL) stock. There are various mentions of AAPL in the news, including its price target, analyst predictions, and market trends. Some news articles mention AAPL's performance in comparison to other stocks, such as TSLA, MSFT, and AMZN. There are also mentions of AAPL's global supply chain management strategy and its impact on the company.

Keywords: 
- AAPL (Apple stock)
- Stock market
- Trading
- Analyst predictions
- Price target
- Market trends
- Global supply chain management
- TSLA (Tesla stock)
- MSFT (Microsoft stock)
- AMZN (Amazon stock)

Note: The news is quite noisy and contains a lot of irrelevant information
[2022-10-12] Summary: 
The news is about various stocks, including AAPL, with some news related to Apple's stock performance, analyst price targets, and market trends. There are also mentions of other stocks such as TSLA, SPY, AMZN, and MSFT.

Keywords: 
- AAPL (Apple)
- TSLA (Tesla)
- SPY (S&P 500 ETF)
- AMZN (Amazon)
- MSFT (Microsoft)
- Stocks
- Market trends
- Analyst price targets
- Trading
- Options
- Sentiment analysis
- Market performance

Note: The news is quite noisy and contains a lot of irrelevant information, but the above summary and keywords are the most relevant information that can be extracted.
[2022-10-13] Summary: 
The news is about Apple Inc. (AAPL) stock, with various analysts and traders discussing its price movements, potential targets, and market trends. Some analysts predict a short squeeze, while others discuss the company's partnership with Goldman Sachs to introduce high-yield savings accounts for Apple Card holders. The stock is also compared to other companies, such as Tesla (TSLA) and Microsoft (MSFT), in terms of market value and price targets.

Keywords: 
- AAPL (Apple Inc.)
- TSLA (Tesla Inc.)
- MSFT (Microsoft Corp.)
- GS (Goldman Sachs)
- SPY (S&P 500 ETF)
- QQQ (Nasdaq-100 ETF)
- AMZN (Amazon.com Inc.)
- AMC (AMC",Positive
158,BABA,2022-10-13,"[2022-10-07] Summary: 
The news is about BABA (Alibaba Group Holding Limited) stock, with various updates and alerts from different sources. The news includes analyst price targets, unusual volume, and trading activity. Some sources also mention other stocks such as TSLA (Tesla), AMZN (Amazon), NVDA (NVIDIA), and AAPL (Apple).

Keywords: 
- BABA (Alibaba Group Holding Limited)
- Analyst price target
- Unusual volume
- Trading activity
- Stock market
- Options trading
- Trading alerts
- Stock updates
- BABA stock price
- $BABA
- $TSLA
- $AMZN
- $NVDA
- $AAPL

Note: The news is mostly about BABA stock, but some
[2022-10-10] Summary: 
The news is about BABA (Alibaba Group Holding Limited) stock. There are several mentions of BABA stock in the news, including its price target, trading volume, and analyst predictions. The stock is mentioned alongside other stocks such as Amazon (AMZN), Tesla (TSLA), and Microsoft (MSFT). The news also mentions the impact of U.S. chip restrictions on Chinese tech stocks, including BABA, JD (JD), PDD (Pinduoduo), and BIDU (Baidu).

Keywords: 
- BABA (Alibaba Group Holding Limited)
- Stock price
- Trading volume
- Analyst predictions
- U.S. chip restrictions
- Chinese tech stocks
- Amazon (AMZN)
- Tesla (TSLA)
[2022-10-11] Summary: 
The news is about the stock market, specifically the performance of various stocks, including $BABA. The news mentions that $BABA is set for a run-up, and there are analyst price targets for the stock. The news also mentions various other stocks, such as $SPY, $AAPL, $AMZN, and $TSLA, and their performance. Additionally, there are mentions of trading communities and chatrooms where people can join to get trading alerts and analysis.

Keywords: 
- $BABA
- Stock market
- Trading
- Analyst price target
- Run-up
- $SPY
- $AAPL
- $AMZN
- $TSLA
- Trading communities
- Chatrooms
- Alerts
- Analysis
[2022-10-12] Summary: 
The news is about various stocks, including BABA (Alibaba Group Holding Limited), with some tweets mentioning price targets, analyst predictions, and market trends. Some tweets also promote trading communities and chatrooms. There is no specific news about BABA's performance or financials, but rather general market updates and stock mentions.

Keywords: 
- BABA (Alibaba Group Holding Limited)
- Stock market
- Trading
- Price targets
- Analyst predictions
- Market trends
- Trading communities
- Chatrooms
- Stocks (various)
- Options
- VIX
- SPY
- QQQ
- TSLA
- AAPL
- AMZN
- NVDA
- NFLX
- TWTR
- FB
- MSFT
[2022-10-13] Summary: 
The news is about Alibaba Group Holding Limited (BABA) stock, with various analysts predicting a potential price increase. Some analysts have set a top price target for BABA stock, while others are warning of a potential downward trend. The stock has hit new lows, but some analysts see a potential buy signal. There is also a mention of unusual activity in BABA options trading.

Keywords: 
- BABA
- Alibaba Group Holding Limited
- Stock price
- Analyst predictions
- Price target
- Options trading
- Unusual activity
- Buy signal
- Downward trend

Note: The news is quite noisy and contains a lot of irrelevant information, but the above summary and keywords are the most relevant points extracted from the text.",Negative
159,AAPL,2022-10-14,"[2022-10-10] Summary: 
The news is about Apple (AAPL) stock, with various updates and analysis from different sources. The news includes information about Apple's iPhone 14's new Crash Detection feature, Apple's iPad sales, and the company's stock performance. There are also mentions of other stocks such as Tesla (TSLA), Amazon (AMZN), Microsoft (MSFT), and more.

Keywords: 
- AAPL (Apple)
- iPhone 14
- Crash Detection
- iPad sales
- Stock market
- Trading
- $AAPL
- $TSLA
- $AMZN
- $MSFT
- $SPY
- $SPX
- $QQQ
- $NVDA
- $GOOGL
- $AMZN
[2022-10-11] Summary: 
The news is about the stock market, specifically Apple (AAPL) stock. There are various mentions of AAPL in the news, including its price target, analyst predictions, and market trends. Some news articles mention AAPL's performance in comparison to other stocks, such as TSLA, MSFT, and AMZN. There are also mentions of AAPL's global supply chain management strategy and its impact on the company.

Keywords: 
- AAPL (Apple stock)
- Stock market
- Trading
- Analyst predictions
- Price target
- Market trends
- Global supply chain management
- TSLA (Tesla stock)
- MSFT (Microsoft stock)
- AMZN (Amazon stock)

Note: The news is quite noisy and contains a lot of irrelevant information
[2022-10-12] Summary: 
The news is about various stocks, including AAPL, with some news related to Apple's stock performance, analyst price targets, and market trends. There are also mentions of other stocks such as TSLA, SPY, AMZN, and MSFT.

Keywords: 
- AAPL (Apple)
- TSLA (Tesla)
- SPY (S&P 500 ETF)
- AMZN (Amazon)
- MSFT (Microsoft)
- Stocks
- Market trends
- Analyst price targets
- Trading
- Options
- Sentiment analysis
- Market performance

Note: The news is quite noisy and contains a lot of irrelevant information, but the above summary and keywords are the most relevant information that can be extracted.
[2022-10-13] Summary: 
The news is about Apple Inc. (AAPL) stock, with various analysts and traders discussing its price movements, potential targets, and market trends. Some analysts predict a short squeeze, while others discuss the company's partnership with Goldman Sachs to introduce high-yield savings accounts for Apple Card holders. The stock is also compared to other companies, such as Tesla (TSLA) and Microsoft (MSFT), in terms of market value and price targets.

Keywords: 
- AAPL (Apple Inc.)
- TSLA (Tesla Inc.)
- MSFT (Microsoft Corp.)
- GS (Goldman Sachs)
- SPY (S&P 500 ETF)
- QQQ (Nasdaq-100 ETF)
- AMZN (Amazon.com Inc.)
- AMC (AMC
[2022-10-14] Summary: 
The news is about various stocks, including AAPL, with some news related to Apple. The news includes information about Apple's stock price, analyst price targets, and the company's partnership with Goldman Sachs to offer high-yield savings accounts. There is also a mention of a possible run-up in AAPL's stock price. However, the news is mostly about general market trends and stock prices, with AAPL being one of the mentioned stocks.

Keywords: 
AAPL, Apple, stock price, analyst price target, Goldman Sachs, high-yield savings accounts, stock market, trading, stocks, options, sentiment report.

Note: The news is quite noisy and contains a lot of irrelevant information, but the above summary and keywords are the most relevant to AAPL stock.",Negative
160,BABA,2022-10-14,"[2022-10-10] Summary: 
The news is about BABA (Alibaba Group Holding Limited) stock. There are several mentions of BABA stock in the news, including its price target, trading volume, and analyst predictions. The stock is mentioned alongside other stocks such as Amazon (AMZN), Tesla (TSLA), and Microsoft (MSFT). The news also mentions the impact of U.S. chip restrictions on Chinese tech stocks, including BABA, JD (JD), PDD (Pinduoduo), and BIDU (Baidu).

Keywords: 
- BABA (Alibaba Group Holding Limited)
- Stock price
- Trading volume
- Analyst predictions
- U.S. chip restrictions
- Chinese tech stocks
- Amazon (AMZN)
- Tesla (TSLA)
[2022-10-11] Summary: 
The news is about the stock market, specifically the performance of various stocks, including $BABA. The news mentions that $BABA is set for a run-up, and there are analyst price targets for the stock. The news also mentions various other stocks, such as $SPY, $AAPL, $AMZN, and $TSLA, and their performance. Additionally, there are mentions of trading communities and chatrooms where people can join to get trading alerts and analysis.

Keywords: 
- $BABA
- Stock market
- Trading
- Analyst price target
- Run-up
- $SPY
- $AAPL
- $AMZN
- $TSLA
- Trading communities
- Chatrooms
- Alerts
- Analysis
[2022-10-12] Summary: 
The news is about various stocks, including BABA (Alibaba Group Holding Limited), with some tweets mentioning price targets, analyst predictions, and market trends. Some tweets also promote trading communities and chatrooms. There is no specific news about BABA's performance or financials, but rather general market updates and stock mentions.

Keywords: 
- BABA (Alibaba Group Holding Limited)
- Stock market
- Trading
- Price targets
- Analyst predictions
- Market trends
- Trading communities
- Chatrooms
- Stocks (various)
- Options
- VIX
- SPY
- QQQ
- TSLA
- AAPL
- AMZN
- NVDA
- NFLX
- TWTR
- FB
- MSFT
[2022-10-13] Summary: 
The news is about Alibaba Group Holding Limited (BABA) stock, with various analysts predicting a potential price increase. Some analysts have set a top price target for BABA stock, while others are warning of a potential downward trend. The stock has hit new lows, but some analysts see a potential buy signal. There is also a mention of unusual activity in BABA options trading.

Keywords: 
- BABA
- Alibaba Group Holding Limited
- Stock price
- Analyst predictions
- Price target
- Options trading
- Unusual activity
- Buy signal
- Downward trend

Note: The news is quite noisy and contains a lot of irrelevant information, but the above summary and keywords are the most relevant points extracted from the text.
[2022-10-14] Summary: 
The news is about BABA (Alibaba Group Holding) stock, with various updates and alerts from a trading community. The news mentions price targets, analyst ratings, and trading levels for BABA stock. It also includes a link to a Discord group for traders and a website for real-time stock analyst ratings and target prices.

Keywords: 
- BABA
- Alibaba Group Holding
- Stock
- Trading
- Analyst ratings
- Price targets
- Trading levels
- Discord
- Stock analyst ratings
- Real-time updates
- Trading community

Note: The news is mostly about BABA stock and the trading community, but some other stocks are also mentioned.",Negative
161,AAPL,2022-10-17,"[2022-10-11] Summary: 
The news is about the stock market, specifically Apple (AAPL) stock. There are various mentions of AAPL in the news, including its price target, analyst predictions, and market trends. Some news articles mention AAPL's performance in comparison to other stocks, such as TSLA, MSFT, and AMZN. There are also mentions of AAPL's global supply chain management strategy and its impact on the company.

Keywords: 
- AAPL (Apple stock)
- Stock market
- Trading
- Analyst predictions
- Price target
- Market trends
- Global supply chain management
- TSLA (Tesla stock)
- MSFT (Microsoft stock)
- AMZN (Amazon stock)

Note: The news is quite noisy and contains a lot of irrelevant information
[2022-10-12] Summary: 
The news is about various stocks, including AAPL, with some news related to Apple's stock performance, analyst price targets, and market trends. There are also mentions of other stocks such as TSLA, SPY, AMZN, and MSFT.

Keywords: 
- AAPL (Apple)
- TSLA (Tesla)
- SPY (S&P 500 ETF)
- AMZN (Amazon)
- MSFT (Microsoft)
- Stocks
- Market trends
- Analyst price targets
- Trading
- Options
- Sentiment analysis
- Market performance

Note: The news is quite noisy and contains a lot of irrelevant information, but the above summary and keywords are the most relevant information that can be extracted.
[2022-10-13] Summary: 
The news is about Apple Inc. (AAPL) stock, with various analysts and traders discussing its price movements, potential targets, and market trends. Some analysts predict a short squeeze, while others discuss the company's partnership with Goldman Sachs to introduce high-yield savings accounts for Apple Card holders. The stock is also compared to other companies, such as Tesla (TSLA) and Microsoft (MSFT), in terms of market value and price targets.

Keywords: 
- AAPL (Apple Inc.)
- TSLA (Tesla Inc.)
- MSFT (Microsoft Corp.)
- GS (Goldman Sachs)
- SPY (S&P 500 ETF)
- QQQ (Nasdaq-100 ETF)
- AMZN (Amazon.com Inc.)
- AMC (AMC
[2022-10-14] Summary: 
The news is about various stocks, including AAPL, with some news related to Apple. The news includes information about Apple's stock price, analyst price targets, and the company's partnership with Goldman Sachs to offer high-yield savings accounts. There is also a mention of a possible run-up in AAPL's stock price. However, the news is mostly about general market trends and stock prices, with AAPL being one of the mentioned stocks.

Keywords: 
AAPL, Apple, stock price, analyst price target, Goldman Sachs, high-yield savings accounts, stock market, trading, stocks, options, sentiment report.

Note: The news is quite noisy and contains a lot of irrelevant information, but the above summary and keywords are the most relevant to AAPL stock.
[2022-10-17] Summary: 
The news is about Apple Inc. (AAPL) stock, with various updates and analysis from different sources. The news includes information about Apple's plans to use China's Yangtze Memory Technologies Co. (YMTC) chips, which has been put on hold due to political pressure. There are also updates on Apple's stock price, analyst price targets, and earnings reports. Additionally, there are mentions of other stocks such as Tesla (TSLA), Amazon (AMZN), and Microsoft (MSFT).

Keywords: 
- AAPL (Apple Inc.)
- TSLA (Tesla)
- AMZN (Amazon)
- MSFT (Microsoft)
- YMTC (Yangtze Memory Technologies Co.)
- China
- US
- Stock market
- Earnings",Positive
162,BABA,2022-10-17,"[2022-10-11] Summary: 
The news is about the stock market, specifically the performance of various stocks, including $BABA. The news mentions that $BABA is set for a run-up, and there are analyst price targets for the stock. The news also mentions various other stocks, such as $SPY, $AAPL, $AMZN, and $TSLA, and their performance. Additionally, there are mentions of trading communities and chatrooms where people can join to get trading alerts and analysis.

Keywords: 
- $BABA
- Stock market
- Trading
- Analyst price target
- Run-up
- $SPY
- $AAPL
- $AMZN
- $TSLA
- Trading communities
- Chatrooms
- Alerts
- Analysis
[2022-10-12] Summary: 
The news is about various stocks, including BABA (Alibaba Group Holding Limited), with some tweets mentioning price targets, analyst predictions, and market trends. Some tweets also promote trading communities and chatrooms. There is no specific news about BABA's performance or financials, but rather general market updates and stock mentions.

Keywords: 
- BABA (Alibaba Group Holding Limited)
- Stock market
- Trading
- Price targets
- Analyst predictions
- Market trends
- Trading communities
- Chatrooms
- Stocks (various)
- Options
- VIX
- SPY
- QQQ
- TSLA
- AAPL
- AMZN
- NVDA
- NFLX
- TWTR
- FB
- MSFT
[2022-10-13] Summary: 
The news is about Alibaba Group Holding Limited (BABA) stock, with various analysts predicting a potential price increase. Some analysts have set a top price target for BABA stock, while others are warning of a potential downward trend. The stock has hit new lows, but some analysts see a potential buy signal. There is also a mention of unusual activity in BABA options trading.

Keywords: 
- BABA
- Alibaba Group Holding Limited
- Stock price
- Analyst predictions
- Price target
- Options trading
- Unusual activity
- Buy signal
- Downward trend

Note: The news is quite noisy and contains a lot of irrelevant information, but the above summary and keywords are the most relevant points extracted from the text.
[2022-10-14] Summary: 
The news is about BABA (Alibaba Group Holding) stock, with various updates and alerts from a trading community. The news mentions price targets, analyst ratings, and trading levels for BABA stock. It also includes a link to a Discord group for traders and a website for real-time stock analyst ratings and target prices.

Keywords: 
- BABA
- Alibaba Group Holding
- Stock
- Trading
- Analyst ratings
- Price targets
- Trading levels
- Discord
- Stock analyst ratings
- Real-time updates
- Trading community

Note: The news is mostly about BABA stock and the trading community, but some other stocks are also mentioned.
[2022-10-17] Summary: 
The news is about the stock market, specifically the performance of the stock $BABA (Alibaba Group). The news mentions that $BABA is up 0.2% in the last 5 minutes, and several other stocks are also moving, with the top gainer up 8.1% in the last 5 minutes. There are also mentions of analyst price targets for $BABA, and the stock is trading higher after Chinese President Xi committed to investing in core technologies.

Keywords: 
- $BABA (Alibaba Group)
- Stock market
- Analyst price target
- Chinese President Xi
- Core technologies
- Trading
- Stocks
- Market performance

Note: The news is quite noisy and contains many irrelevant information, but the above summary and",Positive
163,AAPL,2022-10-18,"[2022-10-12] Summary: 
The news is about various stocks, including AAPL, with some news related to Apple's stock performance, analyst price targets, and market trends. There are also mentions of other stocks such as TSLA, SPY, AMZN, and MSFT.

Keywords: 
- AAPL (Apple)
- TSLA (Tesla)
- SPY (S&P 500 ETF)
- AMZN (Amazon)
- MSFT (Microsoft)
- Stocks
- Market trends
- Analyst price targets
- Trading
- Options
- Sentiment analysis
- Market performance

Note: The news is quite noisy and contains a lot of irrelevant information, but the above summary and keywords are the most relevant information that can be extracted.
[2022-10-13] Summary: 
The news is about Apple Inc. (AAPL) stock, with various analysts and traders discussing its price movements, potential targets, and market trends. Some analysts predict a short squeeze, while others discuss the company's partnership with Goldman Sachs to introduce high-yield savings accounts for Apple Card holders. The stock is also compared to other companies, such as Tesla (TSLA) and Microsoft (MSFT), in terms of market value and price targets.

Keywords: 
- AAPL (Apple Inc.)
- TSLA (Tesla Inc.)
- MSFT (Microsoft Corp.)
- GS (Goldman Sachs)
- SPY (S&P 500 ETF)
- QQQ (Nasdaq-100 ETF)
- AMZN (Amazon.com Inc.)
- AMC (AMC
[2022-10-14] Summary: 
The news is about various stocks, including AAPL, with some news related to Apple. The news includes information about Apple's stock price, analyst price targets, and the company's partnership with Goldman Sachs to offer high-yield savings accounts. There is also a mention of a possible run-up in AAPL's stock price. However, the news is mostly about general market trends and stock prices, with AAPL being one of the mentioned stocks.

Keywords: 
AAPL, Apple, stock price, analyst price target, Goldman Sachs, high-yield savings accounts, stock market, trading, stocks, options, sentiment report.

Note: The news is quite noisy and contains a lot of irrelevant information, but the above summary and keywords are the most relevant to AAPL stock.
[2022-10-17] Summary: 
The news is about Apple Inc. (AAPL) stock, with various updates and analysis from different sources. The news includes information about Apple's plans to use China's Yangtze Memory Technologies Co. (YMTC) chips, which has been put on hold due to political pressure. There are also updates on Apple's stock price, analyst price targets, and earnings reports. Additionally, there are mentions of other stocks such as Tesla (TSLA), Amazon (AMZN), and Microsoft (MSFT).

Keywords: 
- AAPL (Apple Inc.)
- TSLA (Tesla)
- AMZN (Amazon)
- MSFT (Microsoft)
- YMTC (Yangtze Memory Technologies Co.)
- China
- US
- Stock market
- Earnings
[2022-10-18] Summary: 
Apple (AAPL) stock is experiencing a decline due to the company cutting production of the iPhone 14 Plus less than two weeks after its debut, according to reports from The Information. This news has led to a decrease in the stock's price and has been a topic of discussion among traders and investors.

Keywords: 
- Apple (AAPL)
- iPhone 14 Plus
- Production cut
- The Information
- Stock price decline
- Traders and investors
- Market trends
- Stock market news

Note: The news is focused on AAPL stock, and the summary and keywords are based on the relevant information extracted from the noisy data.",Positive
164,BABA,2022-10-18,"[2022-10-12] Summary: 
The news is about various stocks, including BABA (Alibaba Group Holding Limited), with some tweets mentioning price targets, analyst predictions, and market trends. Some tweets also promote trading communities and chatrooms. There is no specific news about BABA's performance or financials, but rather general market updates and stock mentions.

Keywords: 
- BABA (Alibaba Group Holding Limited)
- Stock market
- Trading
- Price targets
- Analyst predictions
- Market trends
- Trading communities
- Chatrooms
- Stocks (various)
- Options
- VIX
- SPY
- QQQ
- TSLA
- AAPL
- AMZN
- NVDA
- NFLX
- TWTR
- FB
- MSFT
[2022-10-13] Summary: 
The news is about Alibaba Group Holding Limited (BABA) stock, with various analysts predicting a potential price increase. Some analysts have set a top price target for BABA stock, while others are warning of a potential downward trend. The stock has hit new lows, but some analysts see a potential buy signal. There is also a mention of unusual activity in BABA options trading.

Keywords: 
- BABA
- Alibaba Group Holding Limited
- Stock price
- Analyst predictions
- Price target
- Options trading
- Unusual activity
- Buy signal
- Downward trend

Note: The news is quite noisy and contains a lot of irrelevant information, but the above summary and keywords are the most relevant points extracted from the text.
[2022-10-14] Summary: 
The news is about BABA (Alibaba Group Holding) stock, with various updates and alerts from a trading community. The news mentions price targets, analyst ratings, and trading levels for BABA stock. It also includes a link to a Discord group for traders and a website for real-time stock analyst ratings and target prices.

Keywords: 
- BABA
- Alibaba Group Holding
- Stock
- Trading
- Analyst ratings
- Price targets
- Trading levels
- Discord
- Stock analyst ratings
- Real-time updates
- Trading community

Note: The news is mostly about BABA stock and the trading community, but some other stocks are also mentioned.
[2022-10-17] Summary: 
The news is about the stock market, specifically the performance of the stock $BABA (Alibaba Group). The news mentions that $BABA is up 0.2% in the last 5 minutes, and several other stocks are also moving, with the top gainer up 8.1% in the last 5 minutes. There are also mentions of analyst price targets for $BABA, and the stock is trading higher after Chinese President Xi committed to investing in core technologies.

Keywords: 
- $BABA (Alibaba Group)
- Stock market
- Analyst price target
- Chinese President Xi
- Core technologies
- Trading
- Stocks
- Market performance

Note: The news is quite noisy and contains many irrelevant information, but the above summary and
[2022-10-18] Summary: 
The news is about BABA (Alibaba Group Holding Limited) stock, with various analysts and traders discussing its potential price target for the next week. Some of the analysts predict a run-up in the stock price, while others provide general information about the company and its competitors. The news also mentions other stocks such as $AAPL, $AMZN, $TSLA, $NVDA, and $FB.

Keywords: 
- BABA
- Alibaba Group Holding Limited
- Stock price target
- Analyst predictions
- Trading alerts
- Stock market
- Investing
- Trading community
- Discord group
- Real-time trading alerts
- Seasoned professionals
- Global trading community
- Trading room
- Dollar cost averaging
- Stock prices
- Hedge funds",Negative
165,BABA,2022-10-19,"[2022-10-13] Summary: 
The news is about Alibaba Group Holding Limited (BABA) stock, with various analysts predicting a potential price increase. Some analysts have set a top price target for BABA stock, while others are warning of a potential downward trend. The stock has hit new lows, but some analysts see a potential buy signal. There is also a mention of unusual activity in BABA options trading.

Keywords: 
- BABA
- Alibaba Group Holding Limited
- Stock price
- Analyst predictions
- Price target
- Options trading
- Unusual activity
- Buy signal
- Downward trend

Note: The news is quite noisy and contains a lot of irrelevant information, but the above summary and keywords are the most relevant points extracted from the text.
[2022-10-14] Summary: 
The news is about BABA (Alibaba Group Holding) stock, with various updates and alerts from a trading community. The news mentions price targets, analyst ratings, and trading levels for BABA stock. It also includes a link to a Discord group for traders and a website for real-time stock analyst ratings and target prices.

Keywords: 
- BABA
- Alibaba Group Holding
- Stock
- Trading
- Analyst ratings
- Price targets
- Trading levels
- Discord
- Stock analyst ratings
- Real-time updates
- Trading community

Note: The news is mostly about BABA stock and the trading community, but some other stocks are also mentioned.
[2022-10-17] Summary: 
The news is about the stock market, specifically the performance of the stock $BABA (Alibaba Group). The news mentions that $BABA is up 0.2% in the last 5 minutes, and several other stocks are also moving, with the top gainer up 8.1% in the last 5 minutes. There are also mentions of analyst price targets for $BABA, and the stock is trading higher after Chinese President Xi committed to investing in core technologies.

Keywords: 
- $BABA (Alibaba Group)
- Stock market
- Analyst price target
- Chinese President Xi
- Core technologies
- Trading
- Stocks
- Market performance

Note: The news is quite noisy and contains many irrelevant information, but the above summary and
[2022-10-18] Summary: 
The news is about BABA (Alibaba Group Holding Limited) stock, with various analysts and traders discussing its potential price target for the next week. Some of the analysts predict a run-up in the stock price, while others provide general information about the company and its competitors. The news also mentions other stocks such as $AAPL, $AMZN, $TSLA, $NVDA, and $FB.

Keywords: 
- BABA
- Alibaba Group Holding Limited
- Stock price target
- Analyst predictions
- Trading alerts
- Stock market
- Investing
- Trading community
- Discord group
- Real-time trading alerts
- Seasoned professionals
- Global trading community
- Trading room
- Dollar cost averaging
- Stock prices
- Hedge funds
[2022-10-19] Summary: 
Alibaba Group Holding (BABA) stock has been mentioned in various tweets related to its performance, target prices, and trading strategies. Some tweets suggest that BABA is set for a run-up, while others mention its recent decline and potential support levels. Analysts' target prices for BABA have been mentioned, and some users are discussing their long-term investment strategies for the stock.

Keywords: 
- BABA
- Alibaba Group Holding
- Stock
- Trading
- Target price
- Analysts
- Investment
- China
- E-commerce
- Retail
- Technology
- Finance

Note: The news is mostly related to BABA stock and its performance, with some general market and trading-related information.",Negative
166,BABA,2022-10-20,"[2022-10-14] Summary: 
The news is about BABA (Alibaba Group Holding) stock, with various updates and alerts from a trading community. The news mentions price targets, analyst ratings, and trading levels for BABA stock. It also includes a link to a Discord group for traders and a website for real-time stock analyst ratings and target prices.

Keywords: 
- BABA
- Alibaba Group Holding
- Stock
- Trading
- Analyst ratings
- Price targets
- Trading levels
- Discord
- Stock analyst ratings
- Real-time updates
- Trading community

Note: The news is mostly about BABA stock and the trading community, but some other stocks are also mentioned.
[2022-10-17] Summary: 
The news is about the stock market, specifically the performance of the stock $BABA (Alibaba Group). The news mentions that $BABA is up 0.2% in the last 5 minutes, and several other stocks are also moving, with the top gainer up 8.1% in the last 5 minutes. There are also mentions of analyst price targets for $BABA, and the stock is trading higher after Chinese President Xi committed to investing in core technologies.

Keywords: 
- $BABA (Alibaba Group)
- Stock market
- Analyst price target
- Chinese President Xi
- Core technologies
- Trading
- Stocks
- Market performance

Note: The news is quite noisy and contains many irrelevant information, but the above summary and
[2022-10-18] Summary: 
The news is about BABA (Alibaba Group Holding Limited) stock, with various analysts and traders discussing its potential price target for the next week. Some of the analysts predict a run-up in the stock price, while others provide general information about the company and its competitors. The news also mentions other stocks such as $AAPL, $AMZN, $TSLA, $NVDA, and $FB.

Keywords: 
- BABA
- Alibaba Group Holding Limited
- Stock price target
- Analyst predictions
- Trading alerts
- Stock market
- Investing
- Trading community
- Discord group
- Real-time trading alerts
- Seasoned professionals
- Global trading community
- Trading room
- Dollar cost averaging
- Stock prices
- Hedge funds
[2022-10-19] Summary: 
Alibaba Group Holding (BABA) stock has been mentioned in various tweets related to its performance, target prices, and trading strategies. Some tweets suggest that BABA is set for a run-up, while others mention its recent decline and potential support levels. Analysts' target prices for BABA have been mentioned, and some users are discussing their long-term investment strategies for the stock.

Keywords: 
- BABA
- Alibaba Group Holding
- Stock
- Trading
- Target price
- Analysts
- Investment
- China
- E-commerce
- Retail
- Technology
- Finance

Note: The news is mostly related to BABA stock and its performance, with some general market and trading-related information.
[2022-10-20] Summary: 
The news is about BABA stock, with various tweets mentioning its price target, analyst predictions, and trading strategies. Some tweets also mention other stocks such as TSLA, AMZN, NVDA, and AAPL. There are also mentions of trading communities and chatrooms where users can get real-time alerts and analysis.

Keywords: 
- BABA
- Stock
- Trading
- Price target
- Analyst predictions
- Trading strategies
- TSLA
- AMZN
- NVDA
- AAPL
- Trading communities
- Chatrooms
- Real-time alerts
- Analysis

Note: The news is quite noisy and contains a lot of irrelevant information, but the above summary and keywords are the most relevant information extracted from the news.",Positive
167,AAPL,2022-10-21,"[2022-10-17] Summary: 
The news is about Apple Inc. (AAPL) stock, with various updates and analysis from different sources. The news includes information about Apple's plans to use China's Yangtze Memory Technologies Co. (YMTC) chips, which has been put on hold due to political pressure. There are also updates on Apple's stock price, analyst price targets, and earnings reports. Additionally, there are mentions of other stocks such as Tesla (TSLA), Amazon (AMZN), and Microsoft (MSFT).

Keywords: 
- AAPL (Apple Inc.)
- TSLA (Tesla)
- AMZN (Amazon)
- MSFT (Microsoft)
- YMTC (Yangtze Memory Technologies Co.)
- China
- US
- Stock market
- Earnings
[2022-10-18] Summary: 
Apple (AAPL) stock is experiencing a decline due to the company cutting production of the iPhone 14 Plus less than two weeks after its debut, according to reports from The Information. This news has led to a decrease in the stock's price and has been a topic of discussion among traders and investors.

Keywords: 
- Apple (AAPL)
- iPhone 14 Plus
- Production cut
- The Information
- Stock price decline
- Traders and investors
- Market trends
- Stock market news

Note: The news is focused on AAPL stock, and the summary and keywords are based on the relevant information extracted from the noisy data.
[2022-10-19] Summary: 
The news is about various stocks, but mainly focuses on Apple (AAPL) and Tesla (TSLA). Elon Musk's comments on Tesla's potential to exceed Apple's and Saudi Aramco's market caps are mentioned in several tweets. There are also mentions of Apple's iPhone 14 Plus production cut, Apple's electric vehicle plans, and Apple's stock price movements.

Keywords: 
AAPL, TSLA, Elon Musk, Apple, iPhone 14 Plus, electric vehicle, stock market, stock price, market cap, Saudi Aramco.

Note: The news is quite noisy and contains a lot of irrelevant information, but the above summary and keywords are the most relevant information extracted from the news.
[2022-10-20] Summary: 
The news is about various stocks, including AAPL, TSLA, SPY, and others, with some mentions of their performance, earnings, and market trends. There are also mentions of Elon Musk's statements about Tesla's potential to surpass Apple's and Saudi Aramco's market caps. Additionally, there are some mentions of stock trading and investment strategies, as well as some noise about Discord groups and trading alerts.

Keywords: 
AAPL, TSLA, SPY, Elon Musk, stock market, trading, investment, Apple, Tesla, Saudi Aramco, Discord, trading alerts, stock performance, earnings, market trends.

Note: The news is quite noisy and contains a lot of irrelevant information, but the above summary and keywords are the most relevant and important
[2022-10-21] Summary: 
The news is about various stocks, including AAPL, with some mentions of earnings reports, price targets, and market trends. There are also mentions of other stocks such as TSLA, MSFT, AMZN, and SPY. The news also includes information about trading strategies, technical analysis, and market sentiment.

Keywords: 
AAPL, TSLA, MSFT, AMZN, SPY, stocks, earnings, price target, market trend, trading strategy, technical analysis, sentiment.

Note: The news is quite noisy and contains a lot of irrelevant information, but the above summary and keywords are the most relevant information that can be extracted.",Positive
168,AAPL,2022-10-24,"[2022-10-18] Summary: 
Apple (AAPL) stock is experiencing a decline due to the company cutting production of the iPhone 14 Plus less than two weeks after its debut, according to reports from The Information. This news has led to a decrease in the stock's price and has been a topic of discussion among traders and investors.

Keywords: 
- Apple (AAPL)
- iPhone 14 Plus
- Production cut
- The Information
- Stock price decline
- Traders and investors
- Market trends
- Stock market news

Note: The news is focused on AAPL stock, and the summary and keywords are based on the relevant information extracted from the noisy data.
[2022-10-19] Summary: 
The news is about various stocks, but mainly focuses on Apple (AAPL) and Tesla (TSLA). Elon Musk's comments on Tesla's potential to exceed Apple's and Saudi Aramco's market caps are mentioned in several tweets. There are also mentions of Apple's iPhone 14 Plus production cut, Apple's electric vehicle plans, and Apple's stock price movements.

Keywords: 
AAPL, TSLA, Elon Musk, Apple, iPhone 14 Plus, electric vehicle, stock market, stock price, market cap, Saudi Aramco.

Note: The news is quite noisy and contains a lot of irrelevant information, but the above summary and keywords are the most relevant information extracted from the news.
[2022-10-20] Summary: 
The news is about various stocks, including AAPL, TSLA, SPY, and others, with some mentions of their performance, earnings, and market trends. There are also mentions of Elon Musk's statements about Tesla's potential to surpass Apple's and Saudi Aramco's market caps. Additionally, there are some mentions of stock trading and investment strategies, as well as some noise about Discord groups and trading alerts.

Keywords: 
AAPL, TSLA, SPY, Elon Musk, stock market, trading, investment, Apple, Tesla, Saudi Aramco, Discord, trading alerts, stock performance, earnings, market trends.

Note: The news is quite noisy and contains a lot of irrelevant information, but the above summary and keywords are the most relevant and important
[2022-10-21] Summary: 
The news is about various stocks, including AAPL, with some mentions of earnings reports, price targets, and market trends. There are also mentions of other stocks such as TSLA, MSFT, AMZN, and SPY. The news also includes information about trading strategies, technical analysis, and market sentiment.

Keywords: 
AAPL, TSLA, MSFT, AMZN, SPY, stocks, earnings, price target, market trend, trading strategy, technical analysis, sentiment.

Note: The news is quite noisy and contains a lot of irrelevant information, but the above summary and keywords are the most relevant information that can be extracted.
[2022-10-24] Summary: 
The news is about Apple Inc. (AAPL) stock, with various articles discussing its earnings, stock price, and market performance. The articles mention that Apple is increasing the price of its services, including Apple Music and Apple TV+, and that the company is dependent on China for manufacturing and logistics. There are also discussions about Apple's stock price, with some articles predicting a short squeeze and others discussing its potential to reach $150.

Keywords: 
- AAPL
- Apple
- Earnings
- Stock price
- China
- Manufacturing
- Logistics
- Services
- Apple Music
- Apple TV+
- Short squeeze
- $150
- Stock market
- Market performance
- Earnings week
- Analysts' expectations
- Apple's dependence on",Positive
169,BABA,2022-10-24,"[2022-10-18] Summary: 
The news is about BABA (Alibaba Group Holding Limited) stock, with various analysts and traders discussing its potential price target for the next week. Some of the analysts predict a run-up in the stock price, while others provide general information about the company and its competitors. The news also mentions other stocks such as $AAPL, $AMZN, $TSLA, $NVDA, and $FB.

Keywords: 
- BABA
- Alibaba Group Holding Limited
- Stock price target
- Analyst predictions
- Trading alerts
- Stock market
- Investing
- Trading community
- Discord group
- Real-time trading alerts
- Seasoned professionals
- Global trading community
- Trading room
- Dollar cost averaging
- Stock prices
- Hedge funds
[2022-10-19] Summary: 
Alibaba Group Holding (BABA) stock has been mentioned in various tweets related to its performance, target prices, and trading strategies. Some tweets suggest that BABA is set for a run-up, while others mention its recent decline and potential support levels. Analysts' target prices for BABA have been mentioned, and some users are discussing their long-term investment strategies for the stock.

Keywords: 
- BABA
- Alibaba Group Holding
- Stock
- Trading
- Target price
- Analysts
- Investment
- China
- E-commerce
- Retail
- Technology
- Finance

Note: The news is mostly related to BABA stock and its performance, with some general market and trading-related information.
[2022-10-20] Summary: 
The news is about BABA stock, with various tweets mentioning its price target, analyst predictions, and trading strategies. Some tweets also mention other stocks such as TSLA, AMZN, NVDA, and AAPL. There are also mentions of trading communities and chatrooms where users can get real-time alerts and analysis.

Keywords: 
- BABA
- Stock
- Trading
- Price target
- Analyst predictions
- Trading strategies
- TSLA
- AMZN
- NVDA
- AAPL
- Trading communities
- Chatrooms
- Real-time alerts
- Analysis

Note: The news is quite noisy and contains a lot of irrelevant information, but the above summary and keywords are the most relevant information extracted from the news.
[2022-10-21] Summary: 
The news is about BABA (Alibaba Group Holding Limited) stock, with various analysts and traders discussing its price target, potential run-up, and trading opportunities. Some tweets mention BABA's revenue growth, while others discuss its comparison to other stocks like SNAP and Tesla. There is also a mention of a trading community and a discord group where users can get alerts, ideas, and updates on various stocks, including BABA.

Keywords: 
- BABA
- Alibaba Group Holding Limited
- Stock price target
- Trading opportunities
- Revenue growth
- SNAP
- Tesla
- Trading community
- Discord group
- Stock alerts
- Stock ideas
- Stock updates
- Trading room
- Options trading
- Stock market
- Finance
- Investing
-
[2022-10-24] Summary: 
Alibaba's stock ($BABA) has been experiencing a significant decline in value, with a 12.3% drop in premarket trading, below its 2014 IPO price of $68. The decline is attributed to speculation of a continued crackdown on Chinese tech stocks as President Xi Jinping secures a 3rd term. The stock has also been affected by a broader sell-off in Chinese stocks, with the Hang Seng index down nearly 5% and the Nasdaq Goldman Dragon China Index plunging 20%.

Keywords: 
- Alibaba ($BABA)
- Chinese tech stocks
- President Xi Jinping
- Crackdown on Chinese tech stocks
- Hang Seng index
- Nasdaq Goldman Dragon China Index
- Stock market decline
- IPO price
-",Negative
170,AAPL,2022-10-25,"[2022-10-19] Summary: 
The news is about various stocks, but mainly focuses on Apple (AAPL) and Tesla (TSLA). Elon Musk's comments on Tesla's potential to exceed Apple's and Saudi Aramco's market caps are mentioned in several tweets. There are also mentions of Apple's iPhone 14 Plus production cut, Apple's electric vehicle plans, and Apple's stock price movements.

Keywords: 
AAPL, TSLA, Elon Musk, Apple, iPhone 14 Plus, electric vehicle, stock market, stock price, market cap, Saudi Aramco.

Note: The news is quite noisy and contains a lot of irrelevant information, but the above summary and keywords are the most relevant information extracted from the news.
[2022-10-20] Summary: 
The news is about various stocks, including AAPL, TSLA, SPY, and others, with some mentions of their performance, earnings, and market trends. There are also mentions of Elon Musk's statements about Tesla's potential to surpass Apple's and Saudi Aramco's market caps. Additionally, there are some mentions of stock trading and investment strategies, as well as some noise about Discord groups and trading alerts.

Keywords: 
AAPL, TSLA, SPY, Elon Musk, stock market, trading, investment, Apple, Tesla, Saudi Aramco, Discord, trading alerts, stock performance, earnings, market trends.

Note: The news is quite noisy and contains a lot of irrelevant information, but the above summary and keywords are the most relevant and important
[2022-10-21] Summary: 
The news is about various stocks, including AAPL, with some mentions of earnings reports, price targets, and market trends. There are also mentions of other stocks such as TSLA, MSFT, AMZN, and SPY. The news also includes information about trading strategies, technical analysis, and market sentiment.

Keywords: 
AAPL, TSLA, MSFT, AMZN, SPY, stocks, earnings, price target, market trend, trading strategy, technical analysis, sentiment.

Note: The news is quite noisy and contains a lot of irrelevant information, but the above summary and keywords are the most relevant information that can be extracted.
[2022-10-24] Summary: 
The news is about Apple Inc. (AAPL) stock, with various articles discussing its earnings, stock price, and market performance. The articles mention that Apple is increasing the price of its services, including Apple Music and Apple TV+, and that the company is dependent on China for manufacturing and logistics. There are also discussions about Apple's stock price, with some articles predicting a short squeeze and others discussing its potential to reach $150.

Keywords: 
- AAPL
- Apple
- Earnings
- Stock price
- China
- Manufacturing
- Logistics
- Services
- Apple Music
- Apple TV+
- Short squeeze
- $150
- Stock market
- Market performance
- Earnings week
- Analysts' expectations
- Apple's dependence on
[2022-10-25] Summary: 
The news is about Apple Inc. (AAPL) stock and its upcoming earnings report. There are various opinions and predictions about the company's performance, with some analysts expecting a strong earnings report and others warning of potential challenges. The stock price is also being discussed, with some traders suggesting it may be a good time to buy or sell. Additionally, there are mentions of other companies, such as Microsoft (MSFT), Amazon (AMZN), and Tesla (TSLA), but the focus is primarily on AAPL.

Keywords: 
- AAPL (Apple Inc.)
- Earnings report
- Stock price
- Microsoft (MSFT)
- Amazon (AMZN)
- Tesla (TSLA)
- Antitrust concerns
- Supply chain
- Decarbonization",Positive
171,AAPL,2022-10-26,"[2022-10-20] Summary: 
The news is about various stocks, including AAPL, TSLA, SPY, and others, with some mentions of their performance, earnings, and market trends. There are also mentions of Elon Musk's statements about Tesla's potential to surpass Apple's and Saudi Aramco's market caps. Additionally, there are some mentions of stock trading and investment strategies, as well as some noise about Discord groups and trading alerts.

Keywords: 
AAPL, TSLA, SPY, Elon Musk, stock market, trading, investment, Apple, Tesla, Saudi Aramco, Discord, trading alerts, stock performance, earnings, market trends.

Note: The news is quite noisy and contains a lot of irrelevant information, but the above summary and keywords are the most relevant and important
[2022-10-21] Summary: 
The news is about various stocks, including AAPL, with some mentions of earnings reports, price targets, and market trends. There are also mentions of other stocks such as TSLA, MSFT, AMZN, and SPY. The news also includes information about trading strategies, technical analysis, and market sentiment.

Keywords: 
AAPL, TSLA, MSFT, AMZN, SPY, stocks, earnings, price target, market trend, trading strategy, technical analysis, sentiment.

Note: The news is quite noisy and contains a lot of irrelevant information, but the above summary and keywords are the most relevant information that can be extracted.
[2022-10-24] Summary: 
The news is about Apple Inc. (AAPL) stock, with various articles discussing its earnings, stock price, and market performance. The articles mention that Apple is increasing the price of its services, including Apple Music and Apple TV+, and that the company is dependent on China for manufacturing and logistics. There are also discussions about Apple's stock price, with some articles predicting a short squeeze and others discussing its potential to reach $150.

Keywords: 
- AAPL
- Apple
- Earnings
- Stock price
- China
- Manufacturing
- Logistics
- Services
- Apple Music
- Apple TV+
- Short squeeze
- $150
- Stock market
- Market performance
- Earnings week
- Analysts' expectations
- Apple's dependence on
[2022-10-25] Summary: 
The news is about Apple Inc. (AAPL) stock and its upcoming earnings report. There are various opinions and predictions about the company's performance, with some analysts expecting a strong earnings report and others warning of potential challenges. The stock price is also being discussed, with some traders suggesting it may be a good time to buy or sell. Additionally, there are mentions of other companies, such as Microsoft (MSFT), Amazon (AMZN), and Tesla (TSLA), but the focus is primarily on AAPL.

Keywords: 
- AAPL (Apple Inc.)
- Earnings report
- Stock price
- Microsoft (MSFT)
- Amazon (AMZN)
- Tesla (TSLA)
- Antitrust concerns
- Supply chain
- Decarbonization
[2022-10-26] Summary: 
Apple (AAPL) stock is expected to release its earnings tomorrow, and there are various predictions and news surrounding its performance. Some analysts are predicting a strong earnings report, while others are warning of a potential decline. There are also rumors of a new 16-inch iPad in development. Additionally, Apple is expected to comply with the EU's USB-C mandate for future iPhones.

Keywords: 
- AAPL
- Earnings
- Stock market
- Apple
- EU
- USB-C
- iPad
- iPhone
- EU law
- Earnings report
- Stock performance
- Analyst predictions
- Market trends
- Trading
- Stocks
- Wall Street
- Finance
- Investing",Negative
172,BABA,2022-10-26,"[2022-10-20] Summary: 
The news is about BABA stock, with various tweets mentioning its price target, analyst predictions, and trading strategies. Some tweets also mention other stocks such as TSLA, AMZN, NVDA, and AAPL. There are also mentions of trading communities and chatrooms where users can get real-time alerts and analysis.

Keywords: 
- BABA
- Stock
- Trading
- Price target
- Analyst predictions
- Trading strategies
- TSLA
- AMZN
- NVDA
- AAPL
- Trading communities
- Chatrooms
- Real-time alerts
- Analysis

Note: The news is quite noisy and contains a lot of irrelevant information, but the above summary and keywords are the most relevant information extracted from the news.
[2022-10-21] Summary: 
The news is about BABA (Alibaba Group Holding Limited) stock, with various analysts and traders discussing its price target, potential run-up, and trading opportunities. Some tweets mention BABA's revenue growth, while others discuss its comparison to other stocks like SNAP and Tesla. There is also a mention of a trading community and a discord group where users can get alerts, ideas, and updates on various stocks, including BABA.

Keywords: 
- BABA
- Alibaba Group Holding Limited
- Stock price target
- Trading opportunities
- Revenue growth
- SNAP
- Tesla
- Trading community
- Discord group
- Stock alerts
- Stock ideas
- Stock updates
- Trading room
- Options trading
- Stock market
- Finance
- Investing
-
[2022-10-24] Summary: 
Alibaba's stock ($BABA) has been experiencing a significant decline in value, with a 12.3% drop in premarket trading, below its 2014 IPO price of $68. The decline is attributed to speculation of a continued crackdown on Chinese tech stocks as President Xi Jinping secures a 3rd term. The stock has also been affected by a broader sell-off in Chinese stocks, with the Hang Seng index down nearly 5% and the Nasdaq Goldman Dragon China Index plunging 20%.

Keywords: 
- Alibaba ($BABA)
- Chinese tech stocks
- President Xi Jinping
- Crackdown on Chinese tech stocks
- Hang Seng index
- Nasdaq Goldman Dragon China Index
- Stock market decline
- IPO price
-
[2022-10-25] Summary: 
Alibaba (BABA) stock has been experiencing significant fluctuations in recent times. The stock price has dropped by 80% from its all-time highs, and it is currently trading below its IPO price. There are various opinions and predictions from analysts and investors, with some suggesting that the stock is undervalued and due for a run-up, while others are bearish on the company's prospects. The Chinese government's recent power reshuffle and the country's economic situation have also been cited as factors affecting the stock's performance.

Keywords: 
- Alibaba (BABA)
- Stock market
- China
- Economic situation
- Government power reshuffle
- IPO price
- Stock price fluctuations
- Undervalued
- Run-up
- Bearish
- Chinese government
[2022-10-26] Summary: 
Alibaba Group Holding Limited ($BABA) has been performing well, with a 7.72% increase in price and 65% above average volume. Analysts' expectations for Q3 EPS are lower than Q2's actual result. The company has been able to beat analysts' EPS estimates in Q2 despite a decline in China's retail sales. There are various price targets and trading opportunities mentioned for $BABA, including a potential 500% win by Friday and a top analyst price target for next week.

Keywords: 
- Alibaba Group Holding Limited ($BABA)
- China's retail sales
- EPS estimates
- Analysts' expectations
- Price targets
- Trading opportunities
- Options trading
- Stock market performance
- Q3 EPS
- Q",Positive
173,AAPL,2022-10-27,"[2022-10-21] Summary: 
The news is about various stocks, including AAPL, with some mentions of earnings reports, price targets, and market trends. There are also mentions of other stocks such as TSLA, MSFT, AMZN, and SPY. The news also includes information about trading strategies, technical analysis, and market sentiment.

Keywords: 
AAPL, TSLA, MSFT, AMZN, SPY, stocks, earnings, price target, market trend, trading strategy, technical analysis, sentiment.

Note: The news is quite noisy and contains a lot of irrelevant information, but the above summary and keywords are the most relevant information that can be extracted.
[2022-10-24] Summary: 
The news is about Apple Inc. (AAPL) stock, with various articles discussing its earnings, stock price, and market performance. The articles mention that Apple is increasing the price of its services, including Apple Music and Apple TV+, and that the company is dependent on China for manufacturing and logistics. There are also discussions about Apple's stock price, with some articles predicting a short squeeze and others discussing its potential to reach $150.

Keywords: 
- AAPL
- Apple
- Earnings
- Stock price
- China
- Manufacturing
- Logistics
- Services
- Apple Music
- Apple TV+
- Short squeeze
- $150
- Stock market
- Market performance
- Earnings week
- Analysts' expectations
- Apple's dependence on
[2022-10-25] Summary: 
The news is about Apple Inc. (AAPL) stock and its upcoming earnings report. There are various opinions and predictions about the company's performance, with some analysts expecting a strong earnings report and others warning of potential challenges. The stock price is also being discussed, with some traders suggesting it may be a good time to buy or sell. Additionally, there are mentions of other companies, such as Microsoft (MSFT), Amazon (AMZN), and Tesla (TSLA), but the focus is primarily on AAPL.

Keywords: 
- AAPL (Apple Inc.)
- Earnings report
- Stock price
- Microsoft (MSFT)
- Amazon (AMZN)
- Tesla (TSLA)
- Antitrust concerns
- Supply chain
- Decarbonization
[2022-10-26] Summary: 
Apple (AAPL) stock is expected to release its earnings tomorrow, and there are various predictions and news surrounding its performance. Some analysts are predicting a strong earnings report, while others are warning of a potential decline. There are also rumors of a new 16-inch iPad in development. Additionally, Apple is expected to comply with the EU's USB-C mandate for future iPhones.

Keywords: 
- AAPL
- Earnings
- Stock market
- Apple
- EU
- USB-C
- iPad
- iPhone
- EU law
- Earnings report
- Stock performance
- Analyst predictions
- Market trends
- Trading
- Stocks
- Wall Street
- Finance
- Investing
[2022-10-27] Summary: 
Apple (AAPL) reported its Q4 earnings, beating expectations with EPS of $1.29 and revenue of $90.15B, up 8% from the prior year. The stock price has been volatile, with some analysts predicting a possible ""miracle"" after-hours performance to avoid a negative reaction.

Keywords: 
- AAPL
- Apple
- Earnings
- Q4
- Revenue
- EPS
- Stock price
- Analysts
- Predictions
- After-hours
- Market reaction

Note: The news data is noisy and contains various unrelated information, but the above summary and keywords are extracted based on the relevant information about AAPL stock.",Negative
174,BABA,2022-10-27,"[2022-10-21] Summary: 
The news is about BABA (Alibaba Group Holding Limited) stock, with various analysts and traders discussing its price target, potential run-up, and trading opportunities. Some tweets mention BABA's revenue growth, while others discuss its comparison to other stocks like SNAP and Tesla. There is also a mention of a trading community and a discord group where users can get alerts, ideas, and updates on various stocks, including BABA.

Keywords: 
- BABA
- Alibaba Group Holding Limited
- Stock price target
- Trading opportunities
- Revenue growth
- SNAP
- Tesla
- Trading community
- Discord group
- Stock alerts
- Stock ideas
- Stock updates
- Trading room
- Options trading
- Stock market
- Finance
- Investing
-
[2022-10-24] Summary: 
Alibaba's stock ($BABA) has been experiencing a significant decline in value, with a 12.3% drop in premarket trading, below its 2014 IPO price of $68. The decline is attributed to speculation of a continued crackdown on Chinese tech stocks as President Xi Jinping secures a 3rd term. The stock has also been affected by a broader sell-off in Chinese stocks, with the Hang Seng index down nearly 5% and the Nasdaq Goldman Dragon China Index plunging 20%.

Keywords: 
- Alibaba ($BABA)
- Chinese tech stocks
- President Xi Jinping
- Crackdown on Chinese tech stocks
- Hang Seng index
- Nasdaq Goldman Dragon China Index
- Stock market decline
- IPO price
-
[2022-10-25] Summary: 
Alibaba (BABA) stock has been experiencing significant fluctuations in recent times. The stock price has dropped by 80% from its all-time highs, and it is currently trading below its IPO price. There are various opinions and predictions from analysts and investors, with some suggesting that the stock is undervalued and due for a run-up, while others are bearish on the company's prospects. The Chinese government's recent power reshuffle and the country's economic situation have also been cited as factors affecting the stock's performance.

Keywords: 
- Alibaba (BABA)
- Stock market
- China
- Economic situation
- Government power reshuffle
- IPO price
- Stock price fluctuations
- Undervalued
- Run-up
- Bearish
- Chinese government
[2022-10-26] Summary: 
Alibaba Group Holding Limited ($BABA) has been performing well, with a 7.72% increase in price and 65% above average volume. Analysts' expectations for Q3 EPS are lower than Q2's actual result. The company has been able to beat analysts' EPS estimates in Q2 despite a decline in China's retail sales. There are various price targets and trading opportunities mentioned for $BABA, including a potential 500% win by Friday and a top analyst price target for next week.

Keywords: 
- Alibaba Group Holding Limited ($BABA)
- China's retail sales
- EPS estimates
- Analysts' expectations
- Price targets
- Trading opportunities
- Options trading
- Stock market performance
- Q3 EPS
- Q
[2022-10-27] Summary: 
Alibaba (BABA) stock has been mentioned in various tweets, with some users discussing its potential for growth and others sharing price targets. There are also mentions of other stocks such as Amazon (AMZN), Tesla (TSLA), and Meta (META), but the focus is primarily on BABA. Some users are promoting trading communities and offering alerts, while others are discussing the stock market and investing in general.

Keywords: 
- BABA (Alibaba)
- Stock market
- Trading
- Investing
- Amazon (AMZN)
- Tesla (TSLA)
- Meta (META)
- Price targets
- Trading communities
- Alerts
- Stock market news
- Investing tips
- Alibaba (BABA) stock performance

Note: The news is mostly",Negative
175,AAPL,2022-10-28,"[2022-10-24] Summary: 
The news is about Apple Inc. (AAPL) stock, with various articles discussing its earnings, stock price, and market performance. The articles mention that Apple is increasing the price of its services, including Apple Music and Apple TV+, and that the company is dependent on China for manufacturing and logistics. There are also discussions about Apple's stock price, with some articles predicting a short squeeze and others discussing its potential to reach $150.

Keywords: 
- AAPL
- Apple
- Earnings
- Stock price
- China
- Manufacturing
- Logistics
- Services
- Apple Music
- Apple TV+
- Short squeeze
- $150
- Stock market
- Market performance
- Earnings week
- Analysts' expectations
- Apple's dependence on
[2022-10-25] Summary: 
The news is about Apple Inc. (AAPL) stock and its upcoming earnings report. There are various opinions and predictions about the company's performance, with some analysts expecting a strong earnings report and others warning of potential challenges. The stock price is also being discussed, with some traders suggesting it may be a good time to buy or sell. Additionally, there are mentions of other companies, such as Microsoft (MSFT), Amazon (AMZN), and Tesla (TSLA), but the focus is primarily on AAPL.

Keywords: 
- AAPL (Apple Inc.)
- Earnings report
- Stock price
- Microsoft (MSFT)
- Amazon (AMZN)
- Tesla (TSLA)
- Antitrust concerns
- Supply chain
- Decarbonization
[2022-10-26] Summary: 
Apple (AAPL) stock is expected to release its earnings tomorrow, and there are various predictions and news surrounding its performance. Some analysts are predicting a strong earnings report, while others are warning of a potential decline. There are also rumors of a new 16-inch iPad in development. Additionally, Apple is expected to comply with the EU's USB-C mandate for future iPhones.

Keywords: 
- AAPL
- Earnings
- Stock market
- Apple
- EU
- USB-C
- iPad
- iPhone
- EU law
- Earnings report
- Stock performance
- Analyst predictions
- Market trends
- Trading
- Stocks
- Wall Street
- Finance
- Investing
[2022-10-27] Summary: 
Apple (AAPL) reported its Q4 earnings, beating expectations with EPS of $1.29 and revenue of $90.15B, up 8% from the prior year. The stock price has been volatile, with some analysts predicting a possible ""miracle"" after-hours performance to avoid a negative reaction.

Keywords: 
- AAPL
- Apple
- Earnings
- Q4
- Revenue
- EPS
- Stock price
- Analysts
- Predictions
- After-hours
- Market reaction

Note: The news data is noisy and contains various unrelated information, but the above summary and keywords are extracted based on the relevant information about AAPL stock.
[2022-10-28] Summary: 
Apple's stock (AAPL) has been in the news lately due to its recent earnings report. The company reported a revenue of $90.1 billion in Q4 FY22, beating expectations by $1.4 billion. The services segment saw a 5% year-over-year growth, while the products segment saw a 9% year-over-year growth. The stock has been performing well, with a 7% increase in the past few days. Analysts have also been discussing Apple's future prospects, with some predicting a slowdown in services growth. Overall, Apple's stock has been a topic of interest in the market.

Keywords: 
- AAPL
- Apple
- Earnings report
- Revenue
- Services growth
- Products growth
- Stock performance",Positive
176,BABA,2022-10-28,"[2022-10-24] Summary: 
Alibaba's stock ($BABA) has been experiencing a significant decline in value, with a 12.3% drop in premarket trading, below its 2014 IPO price of $68. The decline is attributed to speculation of a continued crackdown on Chinese tech stocks as President Xi Jinping secures a 3rd term. The stock has also been affected by a broader sell-off in Chinese stocks, with the Hang Seng index down nearly 5% and the Nasdaq Goldman Dragon China Index plunging 20%.

Keywords: 
- Alibaba ($BABA)
- Chinese tech stocks
- President Xi Jinping
- Crackdown on Chinese tech stocks
- Hang Seng index
- Nasdaq Goldman Dragon China Index
- Stock market decline
- IPO price
-
[2022-10-25] Summary: 
Alibaba (BABA) stock has been experiencing significant fluctuations in recent times. The stock price has dropped by 80% from its all-time highs, and it is currently trading below its IPO price. There are various opinions and predictions from analysts and investors, with some suggesting that the stock is undervalued and due for a run-up, while others are bearish on the company's prospects. The Chinese government's recent power reshuffle and the country's economic situation have also been cited as factors affecting the stock's performance.

Keywords: 
- Alibaba (BABA)
- Stock market
- China
- Economic situation
- Government power reshuffle
- IPO price
- Stock price fluctuations
- Undervalued
- Run-up
- Bearish
- Chinese government
[2022-10-26] Summary: 
Alibaba Group Holding Limited ($BABA) has been performing well, with a 7.72% increase in price and 65% above average volume. Analysts' expectations for Q3 EPS are lower than Q2's actual result. The company has been able to beat analysts' EPS estimates in Q2 despite a decline in China's retail sales. There are various price targets and trading opportunities mentioned for $BABA, including a potential 500% win by Friday and a top analyst price target for next week.

Keywords: 
- Alibaba Group Holding Limited ($BABA)
- China's retail sales
- EPS estimates
- Analysts' expectations
- Price targets
- Trading opportunities
- Options trading
- Stock market performance
- Q3 EPS
- Q
[2022-10-27] Summary: 
Alibaba (BABA) stock has been mentioned in various tweets, with some users discussing its potential for growth and others sharing price targets. There are also mentions of other stocks such as Amazon (AMZN), Tesla (TSLA), and Meta (META), but the focus is primarily on BABA. Some users are promoting trading communities and offering alerts, while others are discussing the stock market and investing in general.

Keywords: 
- BABA (Alibaba)
- Stock market
- Trading
- Investing
- Amazon (AMZN)
- Tesla (TSLA)
- Meta (META)
- Price targets
- Trading communities
- Alerts
- Stock market news
- Investing tips
- Alibaba (BABA) stock performance

Note: The news is mostly
[2022-10-28] Summary: 
Alibaba Group (BABA) stock has been experiencing fluctuations in price, with some analysts predicting a potential bounce or further decline. The stock has been mentioned in various news articles and social media posts, with some users discussing its price target for the next week and others sharing their opinions on its potential performance. There are also mentions of other stocks and market indices, such as the S&P 500 (SPY) and the NASDAQ (QQQ), but the focus remains on BABA.

Keywords: 
- BABA (Alibaba Group)
- Stock market
- Price target
- Analyst predictions
- Bounce
- Decline
- S&P 500 (SPY)
- NASDAQ (QQQ)
- E-commerce
- China
- Hong Kong",Negative
177,AAPL,2022-10-31,"[2022-10-25] Summary: 
The news is about Apple Inc. (AAPL) stock and its upcoming earnings report. There are various opinions and predictions about the company's performance, with some analysts expecting a strong earnings report and others warning of potential challenges. The stock price is also being discussed, with some traders suggesting it may be a good time to buy or sell. Additionally, there are mentions of other companies, such as Microsoft (MSFT), Amazon (AMZN), and Tesla (TSLA), but the focus is primarily on AAPL.

Keywords: 
- AAPL (Apple Inc.)
- Earnings report
- Stock price
- Microsoft (MSFT)
- Amazon (AMZN)
- Tesla (TSLA)
- Antitrust concerns
- Supply chain
- Decarbonization
[2022-10-26] Summary: 
Apple (AAPL) stock is expected to release its earnings tomorrow, and there are various predictions and news surrounding its performance. Some analysts are predicting a strong earnings report, while others are warning of a potential decline. There are also rumors of a new 16-inch iPad in development. Additionally, Apple is expected to comply with the EU's USB-C mandate for future iPhones.

Keywords: 
- AAPL
- Earnings
- Stock market
- Apple
- EU
- USB-C
- iPad
- iPhone
- EU law
- Earnings report
- Stock performance
- Analyst predictions
- Market trends
- Trading
- Stocks
- Wall Street
- Finance
- Investing
[2022-10-27] Summary: 
Apple (AAPL) reported its Q4 earnings, beating expectations with EPS of $1.29 and revenue of $90.15B, up 8% from the prior year. The stock price has been volatile, with some analysts predicting a possible ""miracle"" after-hours performance to avoid a negative reaction.

Keywords: 
- AAPL
- Apple
- Earnings
- Q4
- Revenue
- EPS
- Stock price
- Analysts
- Predictions
- After-hours
- Market reaction

Note: The news data is noisy and contains various unrelated information, but the above summary and keywords are extracted based on the relevant information about AAPL stock.
[2022-10-28] Summary: 
Apple's stock (AAPL) has been in the news lately due to its recent earnings report. The company reported a revenue of $90.1 billion in Q4 FY22, beating expectations by $1.4 billion. The services segment saw a 5% year-over-year growth, while the products segment saw a 9% year-over-year growth. The stock has been performing well, with a 7% increase in the past few days. Analysts have also been discussing Apple's future prospects, with some predicting a slowdown in services growth. Overall, Apple's stock has been a topic of interest in the market.

Keywords: 
- AAPL
- Apple
- Earnings report
- Revenue
- Services growth
- Products growth
- Stock performance
[2022-10-31] Summary: 
The news articles and tweets extracted from the given HTML data are primarily about the stock market, particularly Apple (AAPL) and other major tech companies. The news includes updates on stock prices, analyst predictions, and market trends. There are also mentions of COVID-19's impact on Apple's iPhone production and the company's unionized workers. Some tweets are about general market chatter and trading ideas.

Keywords: 
- AAPL (Apple)
- Stock market
- COVID-19
- iPhone production
- Analyst predictions
- Market trends
- Tech companies (e.g., MSFT, GOOG, AMZN, TSLA)
- Trading ideas
- Stock prices
- Earnings reports
- Foxconn
- Unionized workers

Note: The news data is",Negative
178,AAPL,2022-11-01,"[2022-10-26] Summary: 
Apple (AAPL) stock is expected to release its earnings tomorrow, and there are various predictions and news surrounding its performance. Some analysts are predicting a strong earnings report, while others are warning of a potential decline. There are also rumors of a new 16-inch iPad in development. Additionally, Apple is expected to comply with the EU's USB-C mandate for future iPhones.

Keywords: 
- AAPL
- Earnings
- Stock market
- Apple
- EU
- USB-C
- iPad
- iPhone
- EU law
- Earnings report
- Stock performance
- Analyst predictions
- Market trends
- Trading
- Stocks
- Wall Street
- Finance
- Investing
[2022-10-27] Summary: 
Apple (AAPL) reported its Q4 earnings, beating expectations with EPS of $1.29 and revenue of $90.15B, up 8% from the prior year. The stock price has been volatile, with some analysts predicting a possible ""miracle"" after-hours performance to avoid a negative reaction.

Keywords: 
- AAPL
- Apple
- Earnings
- Q4
- Revenue
- EPS
- Stock price
- Analysts
- Predictions
- After-hours
- Market reaction

Note: The news data is noisy and contains various unrelated information, but the above summary and keywords are extracted based on the relevant information about AAPL stock.
[2022-10-28] Summary: 
Apple's stock (AAPL) has been in the news lately due to its recent earnings report. The company reported a revenue of $90.1 billion in Q4 FY22, beating expectations by $1.4 billion. The services segment saw a 5% year-over-year growth, while the products segment saw a 9% year-over-year growth. The stock has been performing well, with a 7% increase in the past few days. Analysts have also been discussing Apple's future prospects, with some predicting a slowdown in services growth. Overall, Apple's stock has been a topic of interest in the market.

Keywords: 
- AAPL
- Apple
- Earnings report
- Revenue
- Services growth
- Products growth
- Stock performance
[2022-10-31] Summary: 
The news articles and tweets extracted from the given HTML data are primarily about the stock market, particularly Apple (AAPL) and other major tech companies. The news includes updates on stock prices, analyst predictions, and market trends. There are also mentions of COVID-19's impact on Apple's iPhone production and the company's unionized workers. Some tweets are about general market chatter and trading ideas.

Keywords: 
- AAPL (Apple)
- Stock market
- COVID-19
- iPhone production
- Analyst predictions
- Market trends
- Tech companies (e.g., MSFT, GOOG, AMZN, TSLA)
- Trading ideas
- Stock prices
- Earnings reports
- Foxconn
- Unionized workers

Note: The news data is
[2022-11-01] Summary: 
The news is about Apple (AAPL) stock, with various tweets discussing its performance, analyst price targets, and market trends. Some tweets mention Apple's supplier Foxconn, which has quadrupled bonuses to staff hit by China's COVID lockdown. Other tweets discuss Apple's sentiment report, product reviews, and stock price movements.

Keywords: 
- AAPL
- Apple
- Foxconn
- COVID-19
- China
- Stock market
- Analyst price target
- Sentiment report
- Product reviews
- Stock price movement
- Options trading
- Market trends
- Investment
- Trading

Note: The news is quite noisy due to the extraction from web page HTML, but the above summary and keywords are the most relevant information extracted from the tweets.",Negative
179,BABA,2022-11-01,"[2022-10-26] Summary: 
Alibaba Group Holding Limited ($BABA) has been performing well, with a 7.72% increase in price and 65% above average volume. Analysts' expectations for Q3 EPS are lower than Q2's actual result. The company has been able to beat analysts' EPS estimates in Q2 despite a decline in China's retail sales. There are various price targets and trading opportunities mentioned for $BABA, including a potential 500% win by Friday and a top analyst price target for next week.

Keywords: 
- Alibaba Group Holding Limited ($BABA)
- China's retail sales
- EPS estimates
- Analysts' expectations
- Price targets
- Trading opportunities
- Options trading
- Stock market performance
- Q3 EPS
- Q
[2022-10-27] Summary: 
Alibaba (BABA) stock has been mentioned in various tweets, with some users discussing its potential for growth and others sharing price targets. There are also mentions of other stocks such as Amazon (AMZN), Tesla (TSLA), and Meta (META), but the focus is primarily on BABA. Some users are promoting trading communities and offering alerts, while others are discussing the stock market and investing in general.

Keywords: 
- BABA (Alibaba)
- Stock market
- Trading
- Investing
- Amazon (AMZN)
- Tesla (TSLA)
- Meta (META)
- Price targets
- Trading communities
- Alerts
- Stock market news
- Investing tips
- Alibaba (BABA) stock performance

Note: The news is mostly
[2022-10-28] Summary: 
Alibaba Group (BABA) stock has been experiencing fluctuations in price, with some analysts predicting a potential bounce or further decline. The stock has been mentioned in various news articles and social media posts, with some users discussing its price target for the next week and others sharing their opinions on its potential performance. There are also mentions of other stocks and market indices, such as the S&P 500 (SPY) and the NASDAQ (QQQ), but the focus remains on BABA.

Keywords: 
- BABA (Alibaba Group)
- Stock market
- Price target
- Analyst predictions
- Bounce
- Decline
- S&P 500 (SPY)
- NASDAQ (QQQ)
- E-commerce
- China
- Hong Kong
[2022-10-31] Summary: 
The news is about BABA (Alibaba Group Holding Limited) stock. There are multiple tweets about BABA's stock price target for the next week, with some tweets mentioning analyst predictions and others sharing links to websites with more information. Some tweets also mention BABA's short interest, bond due in June 2023, and the company's valuation. There is no clear indication of a specific event or news that is driving the stock price movement.

Keywords: 
- BABA (Alibaba Group Holding Limited)
- Stock price target
- Analyst predictions
- Short interest
- Bond due in June 2023
- Valuation
- China
- Stock market
- Trading
- Investment
- Finance

Note: The news is quite noisy and contains a lot of
[2022-11-01] Summary: 
BABA (Alibaba Group) stock has been mentioned in various tweets as a potential stock to watch, with some analysts predicting a price target for the next week. There are also mentions of BABA's performance in the past, with some tweets suggesting that the stock has reached a new high and others warning of potential support levels. Additionally, there are mentions of BABA's connection to the Chinese market and the potential impact of the country's economic policies on the stock.

Keywords: 
- BABA
- Alibaba Group
- Stock market
- China
- Economic policies
- Analyst price target
- Stock performance
- Support levels
- Resistance levels
- Trading
- Investing
- Finance

Note: The news is mostly about BABA stock, but some tweets also",Positive
180,AAPL,2022-11-02,"[2022-10-27] Summary: 
Apple (AAPL) reported its Q4 earnings, beating expectations with EPS of $1.29 and revenue of $90.15B, up 8% from the prior year. The stock price has been volatile, with some analysts predicting a possible ""miracle"" after-hours performance to avoid a negative reaction.

Keywords: 
- AAPL
- Apple
- Earnings
- Q4
- Revenue
- EPS
- Stock price
- Analysts
- Predictions
- After-hours
- Market reaction

Note: The news data is noisy and contains various unrelated information, but the above summary and keywords are extracted based on the relevant information about AAPL stock.
[2022-10-28] Summary: 
Apple's stock (AAPL) has been in the news lately due to its recent earnings report. The company reported a revenue of $90.1 billion in Q4 FY22, beating expectations by $1.4 billion. The services segment saw a 5% year-over-year growth, while the products segment saw a 9% year-over-year growth. The stock has been performing well, with a 7% increase in the past few days. Analysts have also been discussing Apple's future prospects, with some predicting a slowdown in services growth. Overall, Apple's stock has been a topic of interest in the market.

Keywords: 
- AAPL
- Apple
- Earnings report
- Revenue
- Services growth
- Products growth
- Stock performance
[2022-10-31] Summary: 
The news articles and tweets extracted from the given HTML data are primarily about the stock market, particularly Apple (AAPL) and other major tech companies. The news includes updates on stock prices, analyst predictions, and market trends. There are also mentions of COVID-19's impact on Apple's iPhone production and the company's unionized workers. Some tweets are about general market chatter and trading ideas.

Keywords: 
- AAPL (Apple)
- Stock market
- COVID-19
- iPhone production
- Analyst predictions
- Market trends
- Tech companies (e.g., MSFT, GOOG, AMZN, TSLA)
- Trading ideas
- Stock prices
- Earnings reports
- Foxconn
- Unionized workers

Note: The news data is
[2022-11-01] Summary: 
The news is about Apple (AAPL) stock, with various tweets discussing its performance, analyst price targets, and market trends. Some tweets mention Apple's supplier Foxconn, which has quadrupled bonuses to staff hit by China's COVID lockdown. Other tweets discuss Apple's sentiment report, product reviews, and stock price movements.

Keywords: 
- AAPL
- Apple
- Foxconn
- COVID-19
- China
- Stock market
- Analyst price target
- Sentiment report
- Product reviews
- Stock price movement
- Options trading
- Market trends
- Investment
- Trading

Note: The news is quite noisy due to the extraction from web page HTML, but the above summary and keywords are the most relevant information extracted from the tweets.
[2022-11-02] Summary: 
Apple (AAPL) stock has been in the news due to various reasons such as hiring freezes, stock buybacks, and market performance. The company's market capitalization has been compared to other tech giants like Google and Amazon. There have been concerns about the impact of the Chinese government's lockdown on Apple's iPhone production. Additionally, there have been discussions about Apple's stock performance, including a possible gap fill and a potential decline in the market.

Keywords: 
- Apple (AAPL)
- Hiring freezes
- Stock buybacks
- Market capitalization
- Chinese government lockdown
- iPhone production
- Stock performance
- Gap fill
- Market decline
- Foxconn
- Recession
- COVID-19
- Tech stocks
- Market trends",Negative
181,BABA,2022-11-02,"[2022-10-27] Summary: 
Alibaba (BABA) stock has been mentioned in various tweets, with some users discussing its potential for growth and others sharing price targets. There are also mentions of other stocks such as Amazon (AMZN), Tesla (TSLA), and Meta (META), but the focus is primarily on BABA. Some users are promoting trading communities and offering alerts, while others are discussing the stock market and investing in general.

Keywords: 
- BABA (Alibaba)
- Stock market
- Trading
- Investing
- Amazon (AMZN)
- Tesla (TSLA)
- Meta (META)
- Price targets
- Trading communities
- Alerts
- Stock market news
- Investing tips
- Alibaba (BABA) stock performance

Note: The news is mostly
[2022-10-28] Summary: 
Alibaba Group (BABA) stock has been experiencing fluctuations in price, with some analysts predicting a potential bounce or further decline. The stock has been mentioned in various news articles and social media posts, with some users discussing its price target for the next week and others sharing their opinions on its potential performance. There are also mentions of other stocks and market indices, such as the S&P 500 (SPY) and the NASDAQ (QQQ), but the focus remains on BABA.

Keywords: 
- BABA (Alibaba Group)
- Stock market
- Price target
- Analyst predictions
- Bounce
- Decline
- S&P 500 (SPY)
- NASDAQ (QQQ)
- E-commerce
- China
- Hong Kong
[2022-10-31] Summary: 
The news is about BABA (Alibaba Group Holding Limited) stock. There are multiple tweets about BABA's stock price target for the next week, with some tweets mentioning analyst predictions and others sharing links to websites with more information. Some tweets also mention BABA's short interest, bond due in June 2023, and the company's valuation. There is no clear indication of a specific event or news that is driving the stock price movement.

Keywords: 
- BABA (Alibaba Group Holding Limited)
- Stock price target
- Analyst predictions
- Short interest
- Bond due in June 2023
- Valuation
- China
- Stock market
- Trading
- Investment
- Finance

Note: The news is quite noisy and contains a lot of
[2022-11-01] Summary: 
BABA (Alibaba Group) stock has been mentioned in various tweets as a potential stock to watch, with some analysts predicting a price target for the next week. There are also mentions of BABA's performance in the past, with some tweets suggesting that the stock has reached a new high and others warning of potential support levels. Additionally, there are mentions of BABA's connection to the Chinese market and the potential impact of the country's economic policies on the stock.

Keywords: 
- BABA
- Alibaba Group
- Stock market
- China
- Economic policies
- Analyst price target
- Stock performance
- Support levels
- Resistance levels
- Trading
- Investing
- Finance

Note: The news is mostly about BABA stock, but some tweets also
[2022-11-02] Summary: 
The news is about BABA (Alibaba Group Holding Limited) stock, with various mentions of analyst price targets, trading ideas, and market analysis. There are also mentions of other stocks such as TSLA, AMZN, AAPL, and more. The news suggests that BABA is set for a run-up and has a top analyst price target for next week.

Keywords: 
- BABA (Alibaba Group Holding Limited)
- Stock market
- Trading
- Analyst price target
- China
- Earnings reports
- Options
- Day trading
- Swing trading
- Fintech
- Real-time stock scanning
- Charting
- Relative strength
- Bitcoin
- Stocks
- Trading chatroom
- Alerts
- Analysis
- Trading",Negative
182,AAPL,2022-11-03,"[2022-10-28] Summary: 
Apple's stock (AAPL) has been in the news lately due to its recent earnings report. The company reported a revenue of $90.1 billion in Q4 FY22, beating expectations by $1.4 billion. The services segment saw a 5% year-over-year growth, while the products segment saw a 9% year-over-year growth. The stock has been performing well, with a 7% increase in the past few days. Analysts have also been discussing Apple's future prospects, with some predicting a slowdown in services growth. Overall, Apple's stock has been a topic of interest in the market.

Keywords: 
- AAPL
- Apple
- Earnings report
- Revenue
- Services growth
- Products growth
- Stock performance
[2022-10-31] Summary: 
The news articles and tweets extracted from the given HTML data are primarily about the stock market, particularly Apple (AAPL) and other major tech companies. The news includes updates on stock prices, analyst predictions, and market trends. There are also mentions of COVID-19's impact on Apple's iPhone production and the company's unionized workers. Some tweets are about general market chatter and trading ideas.

Keywords: 
- AAPL (Apple)
- Stock market
- COVID-19
- iPhone production
- Analyst predictions
- Market trends
- Tech companies (e.g., MSFT, GOOG, AMZN, TSLA)
- Trading ideas
- Stock prices
- Earnings reports
- Foxconn
- Unionized workers

Note: The news data is
[2022-11-01] Summary: 
The news is about Apple (AAPL) stock, with various tweets discussing its performance, analyst price targets, and market trends. Some tweets mention Apple's supplier Foxconn, which has quadrupled bonuses to staff hit by China's COVID lockdown. Other tweets discuss Apple's sentiment report, product reviews, and stock price movements.

Keywords: 
- AAPL
- Apple
- Foxconn
- COVID-19
- China
- Stock market
- Analyst price target
- Sentiment report
- Product reviews
- Stock price movement
- Options trading
- Market trends
- Investment
- Trading

Note: The news is quite noisy due to the extraction from web page HTML, but the above summary and keywords are the most relevant information extracted from the tweets.
[2022-11-02] Summary: 
Apple (AAPL) stock has been in the news due to various reasons such as hiring freezes, stock buybacks, and market performance. The company's market capitalization has been compared to other tech giants like Google and Amazon. There have been concerns about the impact of the Chinese government's lockdown on Apple's iPhone production. Additionally, there have been discussions about Apple's stock performance, including a possible gap fill and a potential decline in the market.

Keywords: 
- Apple (AAPL)
- Hiring freezes
- Stock buybacks
- Market capitalization
- Chinese government lockdown
- iPhone production
- Stock performance
- Gap fill
- Market decline
- Foxconn
- Recession
- COVID-19
- Tech stocks
- Market trends
[2022-11-03] Summary: 
Apple's stock (AAPL) has been a major focus of recent news and discussions in the stock market. The company's market capitalization has surpassed that of Google (GOOGL), Amazon (AMZN), and Meta (META) combined. Apple has also been in the news for pausing hiring for all roles except for research and development, and for buying back a significant amount of its own stock over the past 10 years. The company's stock price has been fluctuating, with some analysts predicting a potential run-up in the future. There have also been discussions about Apple's technical analysis score, with some sources indicating that the company has an excellent score.

Keywords: 
- AAPL (Apple)
- GOOGL (Google)
- AMZN (Amazon)
-",Negative
183,BABA,2022-11-03,"[2022-10-28] Summary: 
Alibaba Group (BABA) stock has been experiencing fluctuations in price, with some analysts predicting a potential bounce or further decline. The stock has been mentioned in various news articles and social media posts, with some users discussing its price target for the next week and others sharing their opinions on its potential performance. There are also mentions of other stocks and market indices, such as the S&P 500 (SPY) and the NASDAQ (QQQ), but the focus remains on BABA.

Keywords: 
- BABA (Alibaba Group)
- Stock market
- Price target
- Analyst predictions
- Bounce
- Decline
- S&P 500 (SPY)
- NASDAQ (QQQ)
- E-commerce
- China
- Hong Kong
[2022-10-31] Summary: 
The news is about BABA (Alibaba Group Holding Limited) stock. There are multiple tweets about BABA's stock price target for the next week, with some tweets mentioning analyst predictions and others sharing links to websites with more information. Some tweets also mention BABA's short interest, bond due in June 2023, and the company's valuation. There is no clear indication of a specific event or news that is driving the stock price movement.

Keywords: 
- BABA (Alibaba Group Holding Limited)
- Stock price target
- Analyst predictions
- Short interest
- Bond due in June 2023
- Valuation
- China
- Stock market
- Trading
- Investment
- Finance

Note: The news is quite noisy and contains a lot of
[2022-11-01] Summary: 
BABA (Alibaba Group) stock has been mentioned in various tweets as a potential stock to watch, with some analysts predicting a price target for the next week. There are also mentions of BABA's performance in the past, with some tweets suggesting that the stock has reached a new high and others warning of potential support levels. Additionally, there are mentions of BABA's connection to the Chinese market and the potential impact of the country's economic policies on the stock.

Keywords: 
- BABA
- Alibaba Group
- Stock market
- China
- Economic policies
- Analyst price target
- Stock performance
- Support levels
- Resistance levels
- Trading
- Investing
- Finance

Note: The news is mostly about BABA stock, but some tweets also
[2022-11-02] Summary: 
The news is about BABA (Alibaba Group Holding Limited) stock, with various mentions of analyst price targets, trading ideas, and market analysis. There are also mentions of other stocks such as TSLA, AMZN, AAPL, and more. The news suggests that BABA is set for a run-up and has a top analyst price target for next week.

Keywords: 
- BABA (Alibaba Group Holding Limited)
- Stock market
- Trading
- Analyst price target
- China
- Earnings reports
- Options
- Day trading
- Swing trading
- Fintech
- Real-time stock scanning
- Charting
- Relative strength
- Bitcoin
- Stocks
- Trading chatroom
- Alerts
- Analysis
- Trading
[2022-11-03] Summary: 
The news is about stock market and trading, specifically mentioning various stocks such as $BABA, $TSLA, $AMZN, $AAPL, $NVDA, $SPY, $QQQ, and others. The news includes information about trading rooms, alerts, and analysis, as well as mentions of analyst price targets and market moves. The overall tone is promotional and encouraging, with a focus on making profits through trading.

Keywords: 
$BABA, $TSLA, $AMZN, $AAPL, $NVDA, $SPY, $QQQ, trading, stock market, analyst price target, market moves, trading room, alerts, analysis, profit, stocks.

Note: The news is very noisy and contains a lot of irrelevant",Positive
184,BABA,2022-11-04,"[2022-10-31] Summary: 
The news is about BABA (Alibaba Group Holding Limited) stock. There are multiple tweets about BABA's stock price target for the next week, with some tweets mentioning analyst predictions and others sharing links to websites with more information. Some tweets also mention BABA's short interest, bond due in June 2023, and the company's valuation. There is no clear indication of a specific event or news that is driving the stock price movement.

Keywords: 
- BABA (Alibaba Group Holding Limited)
- Stock price target
- Analyst predictions
- Short interest
- Bond due in June 2023
- Valuation
- China
- Stock market
- Trading
- Investment
- Finance

Note: The news is quite noisy and contains a lot of
[2022-11-01] Summary: 
BABA (Alibaba Group) stock has been mentioned in various tweets as a potential stock to watch, with some analysts predicting a price target for the next week. There are also mentions of BABA's performance in the past, with some tweets suggesting that the stock has reached a new high and others warning of potential support levels. Additionally, there are mentions of BABA's connection to the Chinese market and the potential impact of the country's economic policies on the stock.

Keywords: 
- BABA
- Alibaba Group
- Stock market
- China
- Economic policies
- Analyst price target
- Stock performance
- Support levels
- Resistance levels
- Trading
- Investing
- Finance

Note: The news is mostly about BABA stock, but some tweets also
[2022-11-02] Summary: 
The news is about BABA (Alibaba Group Holding Limited) stock, with various mentions of analyst price targets, trading ideas, and market analysis. There are also mentions of other stocks such as TSLA, AMZN, AAPL, and more. The news suggests that BABA is set for a run-up and has a top analyst price target for next week.

Keywords: 
- BABA (Alibaba Group Holding Limited)
- Stock market
- Trading
- Analyst price target
- China
- Earnings reports
- Options
- Day trading
- Swing trading
- Fintech
- Real-time stock scanning
- Charting
- Relative strength
- Bitcoin
- Stocks
- Trading chatroom
- Alerts
- Analysis
- Trading
[2022-11-03] Summary: 
The news is about stock market and trading, specifically mentioning various stocks such as $BABA, $TSLA, $AMZN, $AAPL, $NVDA, $SPY, $QQQ, and others. The news includes information about trading rooms, alerts, and analysis, as well as mentions of analyst price targets and market moves. The overall tone is promotional and encouraging, with a focus on making profits through trading.

Keywords: 
$BABA, $TSLA, $AMZN, $AAPL, $NVDA, $SPY, $QQQ, trading, stock market, analyst price target, market moves, trading room, alerts, analysis, profit, stocks.

Note: The news is very noisy and contains a lot of irrelevant
[2022-11-04] Summary: 
Alibaba Group (BABA) stock has seen significant price movements, with some tweets indicating a potential ""China pump"" and others mentioning the company's strong performance in the pre-market session. The stock has risen by 9% in the pre-market session, following a Bloomberg story about the PCAOB finishing the on-site inspection. There are also mentions of Alibaba's strong cloud business and its potential to take advantage of the growing cloud market.

Keywords: 
- BABA
- Alibaba Group
- China
- Cloud
- PCAOB
- Inspection
- Stock market
- Price movement
- Pre-market session
- China pump
- Cloud business
- Alibaba Cloud
- McKinsey
- Value of cloud
- $1T
- 2030
-",Positive
185,BABA,2022-11-08,"[2022-11-02] Summary: 
The news is about BABA (Alibaba Group Holding Limited) stock, with various mentions of analyst price targets, trading ideas, and market analysis. There are also mentions of other stocks such as TSLA, AMZN, AAPL, and more. The news suggests that BABA is set for a run-up and has a top analyst price target for next week.

Keywords: 
- BABA (Alibaba Group Holding Limited)
- Stock market
- Trading
- Analyst price target
- China
- Earnings reports
- Options
- Day trading
- Swing trading
- Fintech
- Real-time stock scanning
- Charting
- Relative strength
- Bitcoin
- Stocks
- Trading chatroom
- Alerts
- Analysis
- Trading
[2022-11-03] Summary: 
The news is about stock market and trading, specifically mentioning various stocks such as $BABA, $TSLA, $AMZN, $AAPL, $NVDA, $SPY, $QQQ, and others. The news includes information about trading rooms, alerts, and analysis, as well as mentions of analyst price targets and market moves. The overall tone is promotional and encouraging, with a focus on making profits through trading.

Keywords: 
$BABA, $TSLA, $AMZN, $AAPL, $NVDA, $SPY, $QQQ, trading, stock market, analyst price target, market moves, trading room, alerts, analysis, profit, stocks.

Note: The news is very noisy and contains a lot of irrelevant
[2022-11-04] Summary: 
Alibaba Group (BABA) stock has seen significant price movements, with some tweets indicating a potential ""China pump"" and others mentioning the company's strong performance in the pre-market session. The stock has risen by 9% in the pre-market session, following a Bloomberg story about the PCAOB finishing the on-site inspection. There are also mentions of Alibaba's strong cloud business and its potential to take advantage of the growing cloud market.

Keywords: 
- BABA
- Alibaba Group
- China
- Cloud
- PCAOB
- Inspection
- Stock market
- Price movement
- Pre-market session
- China pump
- Cloud business
- Alibaba Cloud
- McKinsey
- Value of cloud
- $1T
- 2030
-
[2022-11-07] Summary: 
The news is about the stock market, specifically the stock $BABA (Alibaba Group Holding Limited). There are various mentions of the stock's price target, analyst predictions, and market trends. Some tweets mention the stock's potential for a run-up, while others discuss the importance of dollar-cost averaging and not trying to time the market. There are also mentions of other stocks, such as $TSLA, $AAPL, $AMZN, and $NVDA, but the focus is primarily on $BABA.

Keywords: 
- $BABA (Alibaba Group Holding Limited)
- Stock market
- Analyst predictions
- Price target
- Market trends
- Dollar-cost averaging
- Trading
- Stocks
- Options
- Alibaba
- China reopening
[2022-11-08] Summary: 
The news is about BABA (Alibaba Group Holding Limited) stock, with various analysts and traders discussing its price target for the next week, and some mentioning its strong customer loyalty and potential for a run-up. There are also mentions of other stocks such as TSLA, AAPL, GME, and NVDA, but the focus is primarily on BABA.

Keywords: 
- BABA (Alibaba Group Holding Limited)
- Stock market
- Trading
- Analysts
- Price target
- Customer loyalty
- Run-up
- TSLA (Tesla)
- AAPL (Apple)
- GME (GameStop)
- NVDA (NVIDIA)
- China
- US sanctions
- PCAOB audit review
- ADRs (American",Negative
186,AAPL,2022-11-09,"[2022-11-03] Summary: 
Apple's stock (AAPL) has been a major focus of recent news and discussions in the stock market. The company's market capitalization has surpassed that of Google (GOOGL), Amazon (AMZN), and Meta (META) combined. Apple has also been in the news for pausing hiring for all roles except for research and development, and for buying back a significant amount of its own stock over the past 10 years. The company's stock price has been fluctuating, with some analysts predicting a potential run-up in the future. There have also been discussions about Apple's technical analysis score, with some sources indicating that the company has an excellent score.

Keywords: 
- AAPL (Apple)
- GOOGL (Google)
- AMZN (Amazon)
-
[2022-11-04] Summary: 
Apple's stock (AAPL) has been in the news lately due to its market performance and recent developments. The company's market capitalization has surpassed that of Google, Amazon, and Meta combined. Apple has also been in the news for its hiring practices, with a pause on hiring outside of research and development. Additionally, the company has been expanding its operations in India, adding a second producer of the iPhone 14. Apple's stock price has been fluctuating, with some analysts predicting a potential bounce back to $140. There have been various trading alerts and discussions about Apple's stock, with some users predicting a significant move down.

Keywords: 
- Apple (AAPL)
- Market capitalization
- Hiring practices
- India operations
- Stock price
- Trading alerts
[2022-11-07] Summary: 
Apple Inc. (AAPL) is facing production issues due to COVID-19 restrictions in China, which may affect iPhone shipments. The company has warned that it expects lower iPhone 14 Pro and iPhone 14 Pro Max shipments than previously anticipated. This news has caused a stir in the market, with some analysts predicting a potential impact on the company's stock price.

Keywords: 
- AAPL
- Apple
- iPhone
- China
- COVID-19
- Production
- Shipments
- Stock price
- Market
- Analysts
- Price target
- Trading
- Stocks
- Market news
- Financial news
- Investing
- Finance

Note: The news is mostly about AAPL stock, but some other stocks like TSLA, SP
[2022-11-08] Summary: 
The news is about Apple Inc. (AAPL) stock, with various analysts and traders discussing its price target, production in China, and its performance in the market. Some analysts have lowered their price target for AAPL, while others are predicting a run-up in the stock price. The news also mentions the impact of China's zero-COVID policy on AAPL's production and the company's valuation compared to other tech giants.

Keywords: 
- AAPL
- Apple Inc.
- Stock price
- China
- Production
- COVID-19
- Valuation
- Price target
- Analysts
- Traders
- Market performance
- Tech giants
- Dow Jones
- S&P 500
- NASDAQ
- Stocks
- Options
-
[2022-11-09] Summary: 
The news articles are about various stocks, including AAPL, but the focus is on AAPL. The news articles mention AAPL's performance, analyst price targets, and market trends. Some articles mention AAPL's production cuts, lockdown in the area around its iPhone plant, and its comparison with other companies like TSLA and META.

Keywords: AAPL, stock, price target, production cuts, lockdown, iPhone plant, TSLA, META, market trends.

Note: The news articles are noisy and contain irrelevant information, but the above summary and keywords are extracted from the relevant parts of the articles.",Negative
187,BABA,2022-11-09,"[2022-11-03] Summary: 
The news is about stock market and trading, specifically mentioning various stocks such as $BABA, $TSLA, $AMZN, $AAPL, $NVDA, $SPY, $QQQ, and others. The news includes information about trading rooms, alerts, and analysis, as well as mentions of analyst price targets and market moves. The overall tone is promotional and encouraging, with a focus on making profits through trading.

Keywords: 
$BABA, $TSLA, $AMZN, $AAPL, $NVDA, $SPY, $QQQ, trading, stock market, analyst price target, market moves, trading room, alerts, analysis, profit, stocks.

Note: The news is very noisy and contains a lot of irrelevant
[2022-11-04] Summary: 
Alibaba Group (BABA) stock has seen significant price movements, with some tweets indicating a potential ""China pump"" and others mentioning the company's strong performance in the pre-market session. The stock has risen by 9% in the pre-market session, following a Bloomberg story about the PCAOB finishing the on-site inspection. There are also mentions of Alibaba's strong cloud business and its potential to take advantage of the growing cloud market.

Keywords: 
- BABA
- Alibaba Group
- China
- Cloud
- PCAOB
- Inspection
- Stock market
- Price movement
- Pre-market session
- China pump
- Cloud business
- Alibaba Cloud
- McKinsey
- Value of cloud
- $1T
- 2030
-
[2022-11-07] Summary: 
The news is about the stock market, specifically the stock $BABA (Alibaba Group Holding Limited). There are various mentions of the stock's price target, analyst predictions, and market trends. Some tweets mention the stock's potential for a run-up, while others discuss the importance of dollar-cost averaging and not trying to time the market. There are also mentions of other stocks, such as $TSLA, $AAPL, $AMZN, and $NVDA, but the focus is primarily on $BABA.

Keywords: 
- $BABA (Alibaba Group Holding Limited)
- Stock market
- Analyst predictions
- Price target
- Market trends
- Dollar-cost averaging
- Trading
- Stocks
- Options
- Alibaba
- China reopening
[2022-11-08] Summary: 
The news is about BABA (Alibaba Group Holding Limited) stock, with various analysts and traders discussing its price target for the next week, and some mentioning its strong customer loyalty and potential for a run-up. There are also mentions of other stocks such as TSLA, AAPL, GME, and NVDA, but the focus is primarily on BABA.

Keywords: 
- BABA (Alibaba Group Holding Limited)
- Stock market
- Trading
- Analysts
- Price target
- Customer loyalty
- Run-up
- TSLA (Tesla)
- AAPL (Apple)
- GME (GameStop)
- NVDA (NVIDIA)
- China
- US sanctions
- PCAOB audit review
- ADRs (American
[2022-11-09] Summary: 
The news is about the stock market, specifically the performance of various tech stocks, including $BABA (Alibaba Group), in 2022. The news mentions that $BABA has 811 million customers in China marketplaces who spend a lot, and that the stock is set for a run-up. There are also mentions of analyst price targets for $BABA, with some predicting a significant increase in the stock price. Additionally, there are mentions of trading strategies and market analysis, including orderbook imbalance and rating changes.

Keywords: 
- $BABA (Alibaba Group)
- Stock market
- Tech stocks
- China marketplaces
- Analyst price targets
- Trading strategies
- Market analysis
- Orderbook imbalance
- Rating changes

Note: The news",Negative
188,AAPL,2022-11-10,"[2022-11-04] Summary: 
Apple's stock (AAPL) has been in the news lately due to its market performance and recent developments. The company's market capitalization has surpassed that of Google, Amazon, and Meta combined. Apple has also been in the news for its hiring practices, with a pause on hiring outside of research and development. Additionally, the company has been expanding its operations in India, adding a second producer of the iPhone 14. Apple's stock price has been fluctuating, with some analysts predicting a potential bounce back to $140. There have been various trading alerts and discussions about Apple's stock, with some users predicting a significant move down.

Keywords: 
- Apple (AAPL)
- Market capitalization
- Hiring practices
- India operations
- Stock price
- Trading alerts
[2022-11-07] Summary: 
Apple Inc. (AAPL) is facing production issues due to COVID-19 restrictions in China, which may affect iPhone shipments. The company has warned that it expects lower iPhone 14 Pro and iPhone 14 Pro Max shipments than previously anticipated. This news has caused a stir in the market, with some analysts predicting a potential impact on the company's stock price.

Keywords: 
- AAPL
- Apple
- iPhone
- China
- COVID-19
- Production
- Shipments
- Stock price
- Market
- Analysts
- Price target
- Trading
- Stocks
- Market news
- Financial news
- Investing
- Finance

Note: The news is mostly about AAPL stock, but some other stocks like TSLA, SP
[2022-11-08] Summary: 
The news is about Apple Inc. (AAPL) stock, with various analysts and traders discussing its price target, production in China, and its performance in the market. Some analysts have lowered their price target for AAPL, while others are predicting a run-up in the stock price. The news also mentions the impact of China's zero-COVID policy on AAPL's production and the company's valuation compared to other tech giants.

Keywords: 
- AAPL
- Apple Inc.
- Stock price
- China
- Production
- COVID-19
- Valuation
- Price target
- Analysts
- Traders
- Market performance
- Tech giants
- Dow Jones
- S&P 500
- NASDAQ
- Stocks
- Options
-
[2022-11-09] Summary: 
The news articles are about various stocks, including AAPL, but the focus is on AAPL. The news articles mention AAPL's performance, analyst price targets, and market trends. Some articles mention AAPL's production cuts, lockdown in the area around its iPhone plant, and its comparison with other companies like TSLA and META.

Keywords: AAPL, stock, price target, production cuts, lockdown, iPhone plant, TSLA, META, market trends.

Note: The news articles are noisy and contain irrelevant information, but the above summary and keywords are extracted from the relevant parts of the articles.
[2022-11-10] Summary: 
The news is about the stock market, particularly Apple (AAPL) and other tech stocks. The news mentions various price movements, analyst predictions, and market trends. Some of the key points include:

- Apple's stock price has increased by 5.62% and 6.12% in two separate instances.
- Analysts have set a target price for Apple's stock.
- The stock market is experiencing a rotation into growth, with some stocks seeing significant gains.
- The Federal Reserve is expected to continue hiking interest rates.
- There are mentions of various other stocks, including Tesla (TSLA), Amazon (AMZN), Microsoft (MSFT), and more.

Keywords: 
AAPL, Apple, stock market, tech stocks, analyst predictions, market trends, rotation",Positive
189,BABA,2022-11-10,"[2022-11-04] Summary: 
Alibaba Group (BABA) stock has seen significant price movements, with some tweets indicating a potential ""China pump"" and others mentioning the company's strong performance in the pre-market session. The stock has risen by 9% in the pre-market session, following a Bloomberg story about the PCAOB finishing the on-site inspection. There are also mentions of Alibaba's strong cloud business and its potential to take advantage of the growing cloud market.

Keywords: 
- BABA
- Alibaba Group
- China
- Cloud
- PCAOB
- Inspection
- Stock market
- Price movement
- Pre-market session
- China pump
- Cloud business
- Alibaba Cloud
- McKinsey
- Value of cloud
- $1T
- 2030
-
[2022-11-07] Summary: 
The news is about the stock market, specifically the stock $BABA (Alibaba Group Holding Limited). There are various mentions of the stock's price target, analyst predictions, and market trends. Some tweets mention the stock's potential for a run-up, while others discuss the importance of dollar-cost averaging and not trying to time the market. There are also mentions of other stocks, such as $TSLA, $AAPL, $AMZN, and $NVDA, but the focus is primarily on $BABA.

Keywords: 
- $BABA (Alibaba Group Holding Limited)
- Stock market
- Analyst predictions
- Price target
- Market trends
- Dollar-cost averaging
- Trading
- Stocks
- Options
- Alibaba
- China reopening
[2022-11-08] Summary: 
The news is about BABA (Alibaba Group Holding Limited) stock, with various analysts and traders discussing its price target for the next week, and some mentioning its strong customer loyalty and potential for a run-up. There are also mentions of other stocks such as TSLA, AAPL, GME, and NVDA, but the focus is primarily on BABA.

Keywords: 
- BABA (Alibaba Group Holding Limited)
- Stock market
- Trading
- Analysts
- Price target
- Customer loyalty
- Run-up
- TSLA (Tesla)
- AAPL (Apple)
- GME (GameStop)
- NVDA (NVIDIA)
- China
- US sanctions
- PCAOB audit review
- ADRs (American
[2022-11-09] Summary: 
The news is about the stock market, specifically the performance of various tech stocks, including $BABA (Alibaba Group), in 2022. The news mentions that $BABA has 811 million customers in China marketplaces who spend a lot, and that the stock is set for a run-up. There are also mentions of analyst price targets for $BABA, with some predicting a significant increase in the stock price. Additionally, there are mentions of trading strategies and market analysis, including orderbook imbalance and rating changes.

Keywords: 
- $BABA (Alibaba Group)
- Stock market
- Tech stocks
- China marketplaces
- Analyst price targets
- Trading strategies
- Market analysis
- Orderbook imbalance
- Rating changes

Note: The news
[2022-11-10] Summary: 
The news articles mention Alibaba Group (BABA) stock several times, with some articles discussing its potential price target, sales, and market performance. There is no specific news about BABA's stock price movement or any significant events that occurred on the day of the news. However, some articles mention that BABA's sales are on track to set a record, and the stock could still fall despite this. 

Keywords: 
- BABA
- Alibaba Group
- Stock
- Price target
- Sales
- Market performance
- COVID-19
- China
- Politics
- Trading
- Alerts
- Analysis
- Stock market
- Finance

Note: The news articles are quite noisy and contain a lot of irrelevant information, but the above summary and keywords are",Positive
190,AAPL,2022-11-11,"[2022-11-07] Summary: 
Apple Inc. (AAPL) is facing production issues due to COVID-19 restrictions in China, which may affect iPhone shipments. The company has warned that it expects lower iPhone 14 Pro and iPhone 14 Pro Max shipments than previously anticipated. This news has caused a stir in the market, with some analysts predicting a potential impact on the company's stock price.

Keywords: 
- AAPL
- Apple
- iPhone
- China
- COVID-19
- Production
- Shipments
- Stock price
- Market
- Analysts
- Price target
- Trading
- Stocks
- Market news
- Financial news
- Investing
- Finance

Note: The news is mostly about AAPL stock, but some other stocks like TSLA, SP
[2022-11-08] Summary: 
The news is about Apple Inc. (AAPL) stock, with various analysts and traders discussing its price target, production in China, and its performance in the market. Some analysts have lowered their price target for AAPL, while others are predicting a run-up in the stock price. The news also mentions the impact of China's zero-COVID policy on AAPL's production and the company's valuation compared to other tech giants.

Keywords: 
- AAPL
- Apple Inc.
- Stock price
- China
- Production
- COVID-19
- Valuation
- Price target
- Analysts
- Traders
- Market performance
- Tech giants
- Dow Jones
- S&P 500
- NASDAQ
- Stocks
- Options
-
[2022-11-09] Summary: 
The news articles are about various stocks, including AAPL, but the focus is on AAPL. The news articles mention AAPL's performance, analyst price targets, and market trends. Some articles mention AAPL's production cuts, lockdown in the area around its iPhone plant, and its comparison with other companies like TSLA and META.

Keywords: AAPL, stock, price target, production cuts, lockdown, iPhone plant, TSLA, META, market trends.

Note: The news articles are noisy and contain irrelevant information, but the above summary and keywords are extracted from the relevant parts of the articles.
[2022-11-10] Summary: 
The news is about the stock market, particularly Apple (AAPL) and other tech stocks. The news mentions various price movements, analyst predictions, and market trends. Some of the key points include:

- Apple's stock price has increased by 5.62% and 6.12% in two separate instances.
- Analysts have set a target price for Apple's stock.
- The stock market is experiencing a rotation into growth, with some stocks seeing significant gains.
- The Federal Reserve is expected to continue hiking interest rates.
- There are mentions of various other stocks, including Tesla (TSLA), Amazon (AMZN), Microsoft (MSFT), and more.

Keywords: 
AAPL, Apple, stock market, tech stocks, analyst predictions, market trends, rotation
[2022-11-11] Summary: 
Apple's stock (AAPL) has been trending upwards, with a single-day surge of $191 billion in market value, setting a record for the biggest single-day surge by a US-listed company. Analysts have set a high price target for AAPL, and the stock has been mentioned in various trading and investment discussions. There are also mentions of lawsuits and regulatory issues affecting the company.

Keywords: 
- AAPL
- Apple
- Stock market
- Trading
- Investment
- Price target
- Lawsuit
- Regulatory issues
- Market value
- US-listed company
- Analysts
- Trading discussions
- Investment opportunities
- Stock surge
- Record-breaking
- Market value increase
- Trading alerts
- Discord group
- Trading chat",Positive
191,BABA,2022-11-11,"[2022-11-07] Summary: 
The news is about the stock market, specifically the stock $BABA (Alibaba Group Holding Limited). There are various mentions of the stock's price target, analyst predictions, and market trends. Some tweets mention the stock's potential for a run-up, while others discuss the importance of dollar-cost averaging and not trying to time the market. There are also mentions of other stocks, such as $TSLA, $AAPL, $AMZN, and $NVDA, but the focus is primarily on $BABA.

Keywords: 
- $BABA (Alibaba Group Holding Limited)
- Stock market
- Analyst predictions
- Price target
- Market trends
- Dollar-cost averaging
- Trading
- Stocks
- Options
- Alibaba
- China reopening
[2022-11-08] Summary: 
The news is about BABA (Alibaba Group Holding Limited) stock, with various analysts and traders discussing its price target for the next week, and some mentioning its strong customer loyalty and potential for a run-up. There are also mentions of other stocks such as TSLA, AAPL, GME, and NVDA, but the focus is primarily on BABA.

Keywords: 
- BABA (Alibaba Group Holding Limited)
- Stock market
- Trading
- Analysts
- Price target
- Customer loyalty
- Run-up
- TSLA (Tesla)
- AAPL (Apple)
- GME (GameStop)
- NVDA (NVIDIA)
- China
- US sanctions
- PCAOB audit review
- ADRs (American
[2022-11-09] Summary: 
The news is about the stock market, specifically the performance of various tech stocks, including $BABA (Alibaba Group), in 2022. The news mentions that $BABA has 811 million customers in China marketplaces who spend a lot, and that the stock is set for a run-up. There are also mentions of analyst price targets for $BABA, with some predicting a significant increase in the stock price. Additionally, there are mentions of trading strategies and market analysis, including orderbook imbalance and rating changes.

Keywords: 
- $BABA (Alibaba Group)
- Stock market
- Tech stocks
- China marketplaces
- Analyst price targets
- Trading strategies
- Market analysis
- Orderbook imbalance
- Rating changes

Note: The news
[2022-11-10] Summary: 
The news articles mention Alibaba Group (BABA) stock several times, with some articles discussing its potential price target, sales, and market performance. There is no specific news about BABA's stock price movement or any significant events that occurred on the day of the news. However, some articles mention that BABA's sales are on track to set a record, and the stock could still fall despite this. 

Keywords: 
- BABA
- Alibaba Group
- Stock
- Price target
- Sales
- Market performance
- COVID-19
- China
- Politics
- Trading
- Alerts
- Analysis
- Stock market
- Finance

Note: The news articles are quite noisy and contain a lot of irrelevant information, but the above summary and keywords are
[2022-11-11] Summary: 
The news is about the stock market, specifically the stock BABA (Alibaba Group). There are various updates and alerts about the stock, including price targets, trading opportunities, and market analysis. Some of the news mentions the stock's performance, such as a 2-minute line break and a potential multi-bagger play. There are also mentions of other stocks, such as Tesla, Amazon, and NVIDIA, but the focus is on BABA.

Keywords: 
- BABA (Alibaba Group)
- Stock market
- Trading
- Price targets
- Market analysis
- Alibaba Group
- Singles Day
- COVID-19
- China
- E-commerce
- Retail
- Wholesale
- Financial markets
- Stocks
- Options
- Swing trading
-",Positive
192,AAPL,2022-11-14,"[2022-11-08] Summary: 
The news is about Apple Inc. (AAPL) stock, with various analysts and traders discussing its price target, production in China, and its performance in the market. Some analysts have lowered their price target for AAPL, while others are predicting a run-up in the stock price. The news also mentions the impact of China's zero-COVID policy on AAPL's production and the company's valuation compared to other tech giants.

Keywords: 
- AAPL
- Apple Inc.
- Stock price
- China
- Production
- COVID-19
- Valuation
- Price target
- Analysts
- Traders
- Market performance
- Tech giants
- Dow Jones
- S&P 500
- NASDAQ
- Stocks
- Options
-
[2022-11-09] Summary: 
The news articles are about various stocks, including AAPL, but the focus is on AAPL. The news articles mention AAPL's performance, analyst price targets, and market trends. Some articles mention AAPL's production cuts, lockdown in the area around its iPhone plant, and its comparison with other companies like TSLA and META.

Keywords: AAPL, stock, price target, production cuts, lockdown, iPhone plant, TSLA, META, market trends.

Note: The news articles are noisy and contain irrelevant information, but the above summary and keywords are extracted from the relevant parts of the articles.
[2022-11-10] Summary: 
The news is about the stock market, particularly Apple (AAPL) and other tech stocks. The news mentions various price movements, analyst predictions, and market trends. Some of the key points include:

- Apple's stock price has increased by 5.62% and 6.12% in two separate instances.
- Analysts have set a target price for Apple's stock.
- The stock market is experiencing a rotation into growth, with some stocks seeing significant gains.
- The Federal Reserve is expected to continue hiking interest rates.
- There are mentions of various other stocks, including Tesla (TSLA), Amazon (AMZN), Microsoft (MSFT), and more.

Keywords: 
AAPL, Apple, stock market, tech stocks, analyst predictions, market trends, rotation
[2022-11-11] Summary: 
Apple's stock (AAPL) has been trending upwards, with a single-day surge of $191 billion in market value, setting a record for the biggest single-day surge by a US-listed company. Analysts have set a high price target for AAPL, and the stock has been mentioned in various trading and investment discussions. There are also mentions of lawsuits and regulatory issues affecting the company.

Keywords: 
- AAPL
- Apple
- Stock market
- Trading
- Investment
- Price target
- Lawsuit
- Regulatory issues
- Market value
- US-listed company
- Analysts
- Trading discussions
- Investment opportunities
- Stock surge
- Record-breaking
- Market value increase
- Trading alerts
- Discord group
- Trading chat
[2022-11-14] Summary: 
Apple (AAPL) is expected to make a metaverse of its own for its long-rumored headset, according to job listings. The company's CEO, Tim Cook, has also mentioned that Apple has slowed down some hiring. The stock price of AAPL has been trending, with some analysts predicting a price target of over $150. There are also mentions of Apple's iPhone sales, with some reports indicating a decrease in sales due to the high prices of new iPhones.

Keywords: 
- AAPL
- Apple
- Metaverse
- Headset
- Tim Cook
- iPhone
- Stock price
- Analysts
- Price target
- Sales
- Hiring
- Job listings
- CEO
- Trending
- Stock market
- Finance",Negative
193,BABA,2022-11-14,"[2022-11-08] Summary: 
The news is about BABA (Alibaba Group Holding Limited) stock, with various analysts and traders discussing its price target for the next week, and some mentioning its strong customer loyalty and potential for a run-up. There are also mentions of other stocks such as TSLA, AAPL, GME, and NVDA, but the focus is primarily on BABA.

Keywords: 
- BABA (Alibaba Group Holding Limited)
- Stock market
- Trading
- Analysts
- Price target
- Customer loyalty
- Run-up
- TSLA (Tesla)
- AAPL (Apple)
- GME (GameStop)
- NVDA (NVIDIA)
- China
- US sanctions
- PCAOB audit review
- ADRs (American
[2022-11-09] Summary: 
The news is about the stock market, specifically the performance of various tech stocks, including $BABA (Alibaba Group), in 2022. The news mentions that $BABA has 811 million customers in China marketplaces who spend a lot, and that the stock is set for a run-up. There are also mentions of analyst price targets for $BABA, with some predicting a significant increase in the stock price. Additionally, there are mentions of trading strategies and market analysis, including orderbook imbalance and rating changes.

Keywords: 
- $BABA (Alibaba Group)
- Stock market
- Tech stocks
- China marketplaces
- Analyst price targets
- Trading strategies
- Market analysis
- Orderbook imbalance
- Rating changes

Note: The news
[2022-11-10] Summary: 
The news articles mention Alibaba Group (BABA) stock several times, with some articles discussing its potential price target, sales, and market performance. There is no specific news about BABA's stock price movement or any significant events that occurred on the day of the news. However, some articles mention that BABA's sales are on track to set a record, and the stock could still fall despite this. 

Keywords: 
- BABA
- Alibaba Group
- Stock
- Price target
- Sales
- Market performance
- COVID-19
- China
- Politics
- Trading
- Alerts
- Analysis
- Stock market
- Finance

Note: The news articles are quite noisy and contain a lot of irrelevant information, but the above summary and keywords are
[2022-11-11] Summary: 
The news is about the stock market, specifically the stock BABA (Alibaba Group). There are various updates and alerts about the stock, including price targets, trading opportunities, and market analysis. Some of the news mentions the stock's performance, such as a 2-minute line break and a potential multi-bagger play. There are also mentions of other stocks, such as Tesla, Amazon, and NVIDIA, but the focus is on BABA.

Keywords: 
- BABA (Alibaba Group)
- Stock market
- Trading
- Price targets
- Market analysis
- Alibaba Group
- Singles Day
- COVID-19
- China
- E-commerce
- Retail
- Wholesale
- Financial markets
- Stocks
- Options
- Swing trading
-
[2022-11-14] Summary: 
The news is about the stock market, specifically the performance of the stock BABA (Alibaba Group). The news mentions various analysts' price targets for BABA, earnings reports, and market trends. Some news articles mention the stock's performance in the past, while others provide information on upcoming events that may affect the stock's price.

Keywords: 
- BABA (Alibaba Group)
- Stock market
- Analysts' price targets
- Earnings reports
- Market trends
- Trading
- Stock performance
- Alibaba
- China
- E-commerce
- Technology

Note: The news articles are quite noisy and contain a lot of irrelevant information, but the above summary and keywords are the most relevant information that can be extracted.",Positive
194,AAPL,2022-11-15,"[2022-11-09] Summary: 
The news articles are about various stocks, including AAPL, but the focus is on AAPL. The news articles mention AAPL's performance, analyst price targets, and market trends. Some articles mention AAPL's production cuts, lockdown in the area around its iPhone plant, and its comparison with other companies like TSLA and META.

Keywords: AAPL, stock, price target, production cuts, lockdown, iPhone plant, TSLA, META, market trends.

Note: The news articles are noisy and contain irrelevant information, but the above summary and keywords are extracted from the relevant parts of the articles.
[2022-11-10] Summary: 
The news is about the stock market, particularly Apple (AAPL) and other tech stocks. The news mentions various price movements, analyst predictions, and market trends. Some of the key points include:

- Apple's stock price has increased by 5.62% and 6.12% in two separate instances.
- Analysts have set a target price for Apple's stock.
- The stock market is experiencing a rotation into growth, with some stocks seeing significant gains.
- The Federal Reserve is expected to continue hiking interest rates.
- There are mentions of various other stocks, including Tesla (TSLA), Amazon (AMZN), Microsoft (MSFT), and more.

Keywords: 
AAPL, Apple, stock market, tech stocks, analyst predictions, market trends, rotation
[2022-11-11] Summary: 
Apple's stock (AAPL) has been trending upwards, with a single-day surge of $191 billion in market value, setting a record for the biggest single-day surge by a US-listed company. Analysts have set a high price target for AAPL, and the stock has been mentioned in various trading and investment discussions. There are also mentions of lawsuits and regulatory issues affecting the company.

Keywords: 
- AAPL
- Apple
- Stock market
- Trading
- Investment
- Price target
- Lawsuit
- Regulatory issues
- Market value
- US-listed company
- Analysts
- Trading discussions
- Investment opportunities
- Stock surge
- Record-breaking
- Market value increase
- Trading alerts
- Discord group
- Trading chat
[2022-11-14] Summary: 
Apple (AAPL) is expected to make a metaverse of its own for its long-rumored headset, according to job listings. The company's CEO, Tim Cook, has also mentioned that Apple has slowed down some hiring. The stock price of AAPL has been trending, with some analysts predicting a price target of over $150. There are also mentions of Apple's iPhone sales, with some reports indicating a decrease in sales due to the high prices of new iPhones.

Keywords: 
- AAPL
- Apple
- Metaverse
- Headset
- Tim Cook
- iPhone
- Stock price
- Analysts
- Price target
- Sales
- Hiring
- Job listings
- CEO
- Trending
- Stock market
- Finance
[2022-11-15] Summary: 
Apple (AAPL) is making significant moves in the tech industry. The company is building its own metaverse, sourcing chips from Arizona, and working on a 3D world and video service for its upcoming Reality headset. Apple is also offering discounts on MacBooks and iPhones, and its CEO has made a decision to source additional chips from Europe. Additionally, Warren Buffett has increased his stake in Apple, and the company's stock price is expected to rise according to top analyst price targets.

Keywords: 
- Apple (AAPL)
- Metaverse
- Chips
- Arizona
- Reality headset
- Discounts
- Warren Buffett
- Stock price
- Analyst price target
- Top analyst price target
- iPhone
- MacBook
- Mac
- Europe
- Reality",Positive
195,BABA,2022-11-15,"[2022-11-09] Summary: 
The news is about the stock market, specifically the performance of various tech stocks, including $BABA (Alibaba Group), in 2022. The news mentions that $BABA has 811 million customers in China marketplaces who spend a lot, and that the stock is set for a run-up. There are also mentions of analyst price targets for $BABA, with some predicting a significant increase in the stock price. Additionally, there are mentions of trading strategies and market analysis, including orderbook imbalance and rating changes.

Keywords: 
- $BABA (Alibaba Group)
- Stock market
- Tech stocks
- China marketplaces
- Analyst price targets
- Trading strategies
- Market analysis
- Orderbook imbalance
- Rating changes

Note: The news
[2022-11-10] Summary: 
The news articles mention Alibaba Group (BABA) stock several times, with some articles discussing its potential price target, sales, and market performance. There is no specific news about BABA's stock price movement or any significant events that occurred on the day of the news. However, some articles mention that BABA's sales are on track to set a record, and the stock could still fall despite this. 

Keywords: 
- BABA
- Alibaba Group
- Stock
- Price target
- Sales
- Market performance
- COVID-19
- China
- Politics
- Trading
- Alerts
- Analysis
- Stock market
- Finance

Note: The news articles are quite noisy and contain a lot of irrelevant information, but the above summary and keywords are
[2022-11-11] Summary: 
The news is about the stock market, specifically the stock BABA (Alibaba Group). There are various updates and alerts about the stock, including price targets, trading opportunities, and market analysis. Some of the news mentions the stock's performance, such as a 2-minute line break and a potential multi-bagger play. There are also mentions of other stocks, such as Tesla, Amazon, and NVIDIA, but the focus is on BABA.

Keywords: 
- BABA (Alibaba Group)
- Stock market
- Trading
- Price targets
- Market analysis
- Alibaba Group
- Singles Day
- COVID-19
- China
- E-commerce
- Retail
- Wholesale
- Financial markets
- Stocks
- Options
- Swing trading
-
[2022-11-14] Summary: 
The news is about the stock market, specifically the performance of the stock BABA (Alibaba Group). The news mentions various analysts' price targets for BABA, earnings reports, and market trends. Some news articles mention the stock's performance in the past, while others provide information on upcoming events that may affect the stock's price.

Keywords: 
- BABA (Alibaba Group)
- Stock market
- Analysts' price targets
- Earnings reports
- Market trends
- Trading
- Stock performance
- Alibaba
- China
- E-commerce
- Technology

Note: The news articles are quite noisy and contain a lot of irrelevant information, but the above summary and keywords are the most relevant information that can be extracted.
[2022-11-15] Summary: 
BABA (Alibaba Group Holding Limited) stock has seen a significant increase in the pre-market session, with a rise of about 11%. The stock has been trending upwards, with some analysts predicting a potential run-up. There have been various mentions of BABA's performance, including its online sales increase and analyst price targets. The stock has also been mentioned in relation to the broader market, with some analysts predicting a potential rally in the stock market following the Biden-Xi meeting.

Keywords: 
- BABA
- Alibaba Group Holding Limited
- Stock market
- Pre-market session
- Analyst price target
- Online sales
- Biden-Xi meeting
- Rally
- Trading
- Options
- Stock performance

Note: The news data is noisy and contains various",Positive
196,AAPL,2022-11-16,"[2022-11-10] Summary: 
The news is about the stock market, particularly Apple (AAPL) and other tech stocks. The news mentions various price movements, analyst predictions, and market trends. Some of the key points include:

- Apple's stock price has increased by 5.62% and 6.12% in two separate instances.
- Analysts have set a target price for Apple's stock.
- The stock market is experiencing a rotation into growth, with some stocks seeing significant gains.
- The Federal Reserve is expected to continue hiking interest rates.
- There are mentions of various other stocks, including Tesla (TSLA), Amazon (AMZN), Microsoft (MSFT), and more.

Keywords: 
AAPL, Apple, stock market, tech stocks, analyst predictions, market trends, rotation
[2022-11-11] Summary: 
Apple's stock (AAPL) has been trending upwards, with a single-day surge of $191 billion in market value, setting a record for the biggest single-day surge by a US-listed company. Analysts have set a high price target for AAPL, and the stock has been mentioned in various trading and investment discussions. There are also mentions of lawsuits and regulatory issues affecting the company.

Keywords: 
- AAPL
- Apple
- Stock market
- Trading
- Investment
- Price target
- Lawsuit
- Regulatory issues
- Market value
- US-listed company
- Analysts
- Trading discussions
- Investment opportunities
- Stock surge
- Record-breaking
- Market value increase
- Trading alerts
- Discord group
- Trading chat
[2022-11-14] Summary: 
Apple (AAPL) is expected to make a metaverse of its own for its long-rumored headset, according to job listings. The company's CEO, Tim Cook, has also mentioned that Apple has slowed down some hiring. The stock price of AAPL has been trending, with some analysts predicting a price target of over $150. There are also mentions of Apple's iPhone sales, with some reports indicating a decrease in sales due to the high prices of new iPhones.

Keywords: 
- AAPL
- Apple
- Metaverse
- Headset
- Tim Cook
- iPhone
- Stock price
- Analysts
- Price target
- Sales
- Hiring
- Job listings
- CEO
- Trending
- Stock market
- Finance
[2022-11-15] Summary: 
Apple (AAPL) is making significant moves in the tech industry. The company is building its own metaverse, sourcing chips from Arizona, and working on a 3D world and video service for its upcoming Reality headset. Apple is also offering discounts on MacBooks and iPhones, and its CEO has made a decision to source additional chips from Europe. Additionally, Warren Buffett has increased his stake in Apple, and the company's stock price is expected to rise according to top analyst price targets.

Keywords: 
- Apple (AAPL)
- Metaverse
- Chips
- Arizona
- Reality headset
- Discounts
- Warren Buffett
- Stock price
- Analyst price target
- Top analyst price target
- iPhone
- MacBook
- Mac
- Europe
- Reality
[2022-11-16] Summary: 
Apple's CEO has made a decision to source chips from an Arizona plant that is set to open in 2024, and also source additional chips from Europe. This move is a part of the company's supply chain pivot. Warren Buffett's Berkshire Hathaway has purchased $4+ billion worth of Taiwan Semiconductor Manufacturing Company (TSMC) stock, which is a major supplier of chips to Apple. Apple's most in-demand iPhones are expected to fall short of earlier shipment estimates by 6 million units due to the disruption in chip supply. Apple's stock price has been affected by various market trends and analyst predictions.

Keywords: 
- Apple ($AAPL)
- Warren Buffett
- Berkshire Hathaway
- TSMC
- Taiwan Semiconductor Manufacturing Company
- Chips
- Supply",Negative
197,BABA,2022-11-16,"[2022-11-10] Summary: 
The news articles mention Alibaba Group (BABA) stock several times, with some articles discussing its potential price target, sales, and market performance. There is no specific news about BABA's stock price movement or any significant events that occurred on the day of the news. However, some articles mention that BABA's sales are on track to set a record, and the stock could still fall despite this. 

Keywords: 
- BABA
- Alibaba Group
- Stock
- Price target
- Sales
- Market performance
- COVID-19
- China
- Politics
- Trading
- Alerts
- Analysis
- Stock market
- Finance

Note: The news articles are quite noisy and contain a lot of irrelevant information, but the above summary and keywords are
[2022-11-11] Summary: 
The news is about the stock market, specifically the stock BABA (Alibaba Group). There are various updates and alerts about the stock, including price targets, trading opportunities, and market analysis. Some of the news mentions the stock's performance, such as a 2-minute line break and a potential multi-bagger play. There are also mentions of other stocks, such as Tesla, Amazon, and NVIDIA, but the focus is on BABA.

Keywords: 
- BABA (Alibaba Group)
- Stock market
- Trading
- Price targets
- Market analysis
- Alibaba Group
- Singles Day
- COVID-19
- China
- E-commerce
- Retail
- Wholesale
- Financial markets
- Stocks
- Options
- Swing trading
-
[2022-11-14] Summary: 
The news is about the stock market, specifically the performance of the stock BABA (Alibaba Group). The news mentions various analysts' price targets for BABA, earnings reports, and market trends. Some news articles mention the stock's performance in the past, while others provide information on upcoming events that may affect the stock's price.

Keywords: 
- BABA (Alibaba Group)
- Stock market
- Analysts' price targets
- Earnings reports
- Market trends
- Trading
- Stock performance
- Alibaba
- China
- E-commerce
- Technology

Note: The news articles are quite noisy and contain a lot of irrelevant information, but the above summary and keywords are the most relevant information that can be extracted.
[2022-11-15] Summary: 
BABA (Alibaba Group Holding Limited) stock has seen a significant increase in the pre-market session, with a rise of about 11%. The stock has been trending upwards, with some analysts predicting a potential run-up. There have been various mentions of BABA's performance, including its online sales increase and analyst price targets. The stock has also been mentioned in relation to the broader market, with some analysts predicting a potential rally in the stock market following the Biden-Xi meeting.

Keywords: 
- BABA
- Alibaba Group Holding Limited
- Stock market
- Pre-market session
- Analyst price target
- Online sales
- Biden-Xi meeting
- Rally
- Trading
- Options
- Stock performance

Note: The news data is noisy and contains various
[2022-11-16] Summary: 
The news mentions Alibaba Group Holding Limited (BABA) multiple times, indicating that it is the focus of the news. The news includes various information about BABA, such as its price movement, analyst price targets, earnings, and trading volume. Some of the news articles mention that BABA has a high potential for a price increase, while others mention that it may experience a decline. The news also mentions that BABA's auditor is PWC, KPMG, and Deloitte.

Keywords: 
- BABA
- Alibaba Group Holding Limited
- Price movement
- Analyst price targets
- Earnings
- Trading volume
- PWC
- KPMG
- Deloitte
- China
- Stocks
- Trading
- Market

Note:",Negative
198,AAPL,2022-11-17,"[2022-11-11] Summary: 
Apple's stock (AAPL) has been trending upwards, with a single-day surge of $191 billion in market value, setting a record for the biggest single-day surge by a US-listed company. Analysts have set a high price target for AAPL, and the stock has been mentioned in various trading and investment discussions. There are also mentions of lawsuits and regulatory issues affecting the company.

Keywords: 
- AAPL
- Apple
- Stock market
- Trading
- Investment
- Price target
- Lawsuit
- Regulatory issues
- Market value
- US-listed company
- Analysts
- Trading discussions
- Investment opportunities
- Stock surge
- Record-breaking
- Market value increase
- Trading alerts
- Discord group
- Trading chat
[2022-11-14] Summary: 
Apple (AAPL) is expected to make a metaverse of its own for its long-rumored headset, according to job listings. The company's CEO, Tim Cook, has also mentioned that Apple has slowed down some hiring. The stock price of AAPL has been trending, with some analysts predicting a price target of over $150. There are also mentions of Apple's iPhone sales, with some reports indicating a decrease in sales due to the high prices of new iPhones.

Keywords: 
- AAPL
- Apple
- Metaverse
- Headset
- Tim Cook
- iPhone
- Stock price
- Analysts
- Price target
- Sales
- Hiring
- Job listings
- CEO
- Trending
- Stock market
- Finance
[2022-11-15] Summary: 
Apple (AAPL) is making significant moves in the tech industry. The company is building its own metaverse, sourcing chips from Arizona, and working on a 3D world and video service for its upcoming Reality headset. Apple is also offering discounts on MacBooks and iPhones, and its CEO has made a decision to source additional chips from Europe. Additionally, Warren Buffett has increased his stake in Apple, and the company's stock price is expected to rise according to top analyst price targets.

Keywords: 
- Apple (AAPL)
- Metaverse
- Chips
- Arizona
- Reality headset
- Discounts
- Warren Buffett
- Stock price
- Analyst price target
- Top analyst price target
- iPhone
- MacBook
- Mac
- Europe
- Reality
[2022-11-16] Summary: 
Apple's CEO has made a decision to source chips from an Arizona plant that is set to open in 2024, and also source additional chips from Europe. This move is a part of the company's supply chain pivot. Warren Buffett's Berkshire Hathaway has purchased $4+ billion worth of Taiwan Semiconductor Manufacturing Company (TSMC) stock, which is a major supplier of chips to Apple. Apple's most in-demand iPhones are expected to fall short of earlier shipment estimates by 6 million units due to the disruption in chip supply. Apple's stock price has been affected by various market trends and analyst predictions.

Keywords: 
- Apple ($AAPL)
- Warren Buffett
- Berkshire Hathaway
- TSMC
- Taiwan Semiconductor Manufacturing Company
- Chips
- Supply
[2022-11-17] Summary: 
The news is about Apple Inc. (AAPL) stock, with various mentions of its performance, price targets, and analyst opinions. There are also mentions of other stocks such as Tesla (TSLA), Amazon (AMZN), and Microsoft (MSFT). Some tweets mention trading strategies, market analysis, and stock market news.

Keywords: 
- AAPL (Apple Inc.)
- TSLA (Tesla)
- AMZN (Amazon)
- MSFT (Microsoft)
- Stock market
- Trading
- Analyst opinions
- Price targets
- Market analysis
- Stock performance

Note: The news is quite noisy and contains a lot of irrelevant information, but the above summary and keywords are the most relevant information that can be extracted.",Positive
199,BABA,2022-11-17,"[2022-11-11] Summary: 
The news is about the stock market, specifically the stock BABA (Alibaba Group). There are various updates and alerts about the stock, including price targets, trading opportunities, and market analysis. Some of the news mentions the stock's performance, such as a 2-minute line break and a potential multi-bagger play. There are also mentions of other stocks, such as Tesla, Amazon, and NVIDIA, but the focus is on BABA.

Keywords: 
- BABA (Alibaba Group)
- Stock market
- Trading
- Price targets
- Market analysis
- Alibaba Group
- Singles Day
- COVID-19
- China
- E-commerce
- Retail
- Wholesale
- Financial markets
- Stocks
- Options
- Swing trading
-
[2022-11-14] Summary: 
The news is about the stock market, specifically the performance of the stock BABA (Alibaba Group). The news mentions various analysts' price targets for BABA, earnings reports, and market trends. Some news articles mention the stock's performance in the past, while others provide information on upcoming events that may affect the stock's price.

Keywords: 
- BABA (Alibaba Group)
- Stock market
- Analysts' price targets
- Earnings reports
- Market trends
- Trading
- Stock performance
- Alibaba
- China
- E-commerce
- Technology

Note: The news articles are quite noisy and contain a lot of irrelevant information, but the above summary and keywords are the most relevant information that can be extracted.
[2022-11-15] Summary: 
BABA (Alibaba Group Holding Limited) stock has seen a significant increase in the pre-market session, with a rise of about 11%. The stock has been trending upwards, with some analysts predicting a potential run-up. There have been various mentions of BABA's performance, including its online sales increase and analyst price targets. The stock has also been mentioned in relation to the broader market, with some analysts predicting a potential rally in the stock market following the Biden-Xi meeting.

Keywords: 
- BABA
- Alibaba Group Holding Limited
- Stock market
- Pre-market session
- Analyst price target
- Online sales
- Biden-Xi meeting
- Rally
- Trading
- Options
- Stock performance

Note: The news data is noisy and contains various
[2022-11-16] Summary: 
The news mentions Alibaba Group Holding Limited (BABA) multiple times, indicating that it is the focus of the news. The news includes various information about BABA, such as its price movement, analyst price targets, earnings, and trading volume. Some of the news articles mention that BABA has a high potential for a price increase, while others mention that it may experience a decline. The news also mentions that BABA's auditor is PWC, KPMG, and Deloitte.

Keywords: 
- BABA
- Alibaba Group Holding Limited
- Price movement
- Analyst price targets
- Earnings
- Trading volume
- PWC
- KPMG
- Deloitte
- China
- Stocks
- Trading
- Market

Note:
[2022-11-17] Summary: 
Alibaba Group Holding Limited (BABA) reported its quarterly earnings, with revenue of $29.12B, a 3% increase from the same period last year, but missing expectations of $29.45B. The company's adjusted earnings per share (EPS) was $1.82, beating expectations of $1.64. However, the company's GAAP earnings per share was -$1.09, missing expectations. The company also announced an increase in its share buyback program by another $15 billion.

Keywords: 
- Alibaba Group Holding Limited (BABA)
- Earnings
- Revenue
- EPS
- Share buyback
- China
- Stock market
- Finance
- Business
- Stock market news
- Alibaba Group
- Quarterly",Positive
200,BABA,2022-11-18,"[2022-11-14] Summary: 
The news is about the stock market, specifically the performance of the stock BABA (Alibaba Group). The news mentions various analysts' price targets for BABA, earnings reports, and market trends. Some news articles mention the stock's performance in the past, while others provide information on upcoming events that may affect the stock's price.

Keywords: 
- BABA (Alibaba Group)
- Stock market
- Analysts' price targets
- Earnings reports
- Market trends
- Trading
- Stock performance
- Alibaba
- China
- E-commerce
- Technology

Note: The news articles are quite noisy and contain a lot of irrelevant information, but the above summary and keywords are the most relevant information that can be extracted.
[2022-11-15] Summary: 
BABA (Alibaba Group Holding Limited) stock has seen a significant increase in the pre-market session, with a rise of about 11%. The stock has been trending upwards, with some analysts predicting a potential run-up. There have been various mentions of BABA's performance, including its online sales increase and analyst price targets. The stock has also been mentioned in relation to the broader market, with some analysts predicting a potential rally in the stock market following the Biden-Xi meeting.

Keywords: 
- BABA
- Alibaba Group Holding Limited
- Stock market
- Pre-market session
- Analyst price target
- Online sales
- Biden-Xi meeting
- Rally
- Trading
- Options
- Stock performance

Note: The news data is noisy and contains various
[2022-11-16] Summary: 
The news mentions Alibaba Group Holding Limited (BABA) multiple times, indicating that it is the focus of the news. The news includes various information about BABA, such as its price movement, analyst price targets, earnings, and trading volume. Some of the news articles mention that BABA has a high potential for a price increase, while others mention that it may experience a decline. The news also mentions that BABA's auditor is PWC, KPMG, and Deloitte.

Keywords: 
- BABA
- Alibaba Group Holding Limited
- Price movement
- Analyst price targets
- Earnings
- Trading volume
- PWC
- KPMG
- Deloitte
- China
- Stocks
- Trading
- Market

Note:
[2022-11-17] Summary: 
Alibaba Group Holding Limited (BABA) reported its quarterly earnings, with revenue of $29.12B, a 3% increase from the same period last year, but missing expectations of $29.45B. The company's adjusted earnings per share (EPS) was $1.82, beating expectations of $1.64. However, the company's GAAP earnings per share was -$1.09, missing expectations. The company also announced an increase in its share buyback program by another $15 billion.

Keywords: 
- Alibaba Group Holding Limited (BABA)
- Earnings
- Revenue
- EPS
- Share buyback
- China
- Stock market
- Finance
- Business
- Stock market news
- Alibaba Group
- Quarterly
[2022-11-18] Summary: 
Alibaba Group Holding (BABA) reported its Q2 2022 earnings, which beat estimates but showed a weak revenue growth. Despite this, the stock price rose. The key results include EPS of $1.82 and revenue of $29.12B. Analysts have set a top price target for BABA stock for the next week.

Keywords: 
- Alibaba Group Holding (BABA)
- Earnings
- Q2 2022
- Revenue
- EPS
- Stock price
- Analysts' price target
- China's recovery
- E-commerce
- Black Friday
- Trading
- Stock market
- Wall Street Bets
- Stocks
- Options
- Day trading
- Swing trading
- Swing Trading
- Technical analysis",Negative
201,AAPL,2022-11-21,"[2022-11-15] Summary: 
Apple (AAPL) is making significant moves in the tech industry. The company is building its own metaverse, sourcing chips from Arizona, and working on a 3D world and video service for its upcoming Reality headset. Apple is also offering discounts on MacBooks and iPhones, and its CEO has made a decision to source additional chips from Europe. Additionally, Warren Buffett has increased his stake in Apple, and the company's stock price is expected to rise according to top analyst price targets.

Keywords: 
- Apple (AAPL)
- Metaverse
- Chips
- Arizona
- Reality headset
- Discounts
- Warren Buffett
- Stock price
- Analyst price target
- Top analyst price target
- iPhone
- MacBook
- Mac
- Europe
- Reality
[2022-11-16] Summary: 
Apple's CEO has made a decision to source chips from an Arizona plant that is set to open in 2024, and also source additional chips from Europe. This move is a part of the company's supply chain pivot. Warren Buffett's Berkshire Hathaway has purchased $4+ billion worth of Taiwan Semiconductor Manufacturing Company (TSMC) stock, which is a major supplier of chips to Apple. Apple's most in-demand iPhones are expected to fall short of earlier shipment estimates by 6 million units due to the disruption in chip supply. Apple's stock price has been affected by various market trends and analyst predictions.

Keywords: 
- Apple ($AAPL)
- Warren Buffett
- Berkshire Hathaway
- TSMC
- Taiwan Semiconductor Manufacturing Company
- Chips
- Supply
[2022-11-17] Summary: 
The news is about Apple Inc. (AAPL) stock, with various mentions of its performance, price targets, and analyst opinions. There are also mentions of other stocks such as Tesla (TSLA), Amazon (AMZN), and Microsoft (MSFT). Some tweets mention trading strategies, market analysis, and stock market news.

Keywords: 
- AAPL (Apple Inc.)
- TSLA (Tesla)
- AMZN (Amazon)
- MSFT (Microsoft)
- Stock market
- Trading
- Analyst opinions
- Price targets
- Market analysis
- Stock performance

Note: The news is quite noisy and contains a lot of irrelevant information, but the above summary and keywords are the most relevant information that can be extracted.
[2022-11-18] Summary: 
The news is about Apple (AAPL) stock, with various analysts and traders discussing its price target, trading strategies, and market trends. Some news articles mention Apple's revenue by product segment, its performance in the market, and its comparison with other companies. There is also a mention of a possible recession and its impact on the stock market.

Keywords: 
- AAPL
- Apple
- Stock
- Price target
- Trading
- Market trends
- Analysts
- Traders
- Recession
- Stock market
- Options
- Trading strategies

Note: The news is quite noisy and contains a lot of irrelevant information, but the above summary and keywords are the most relevant to the topic of AAPL stock.
[2022-11-21] Summary: 
The news is about various stocks, including AAPL, with some mentions of trading, investing, and market analysis. There are also mentions of Apple's products, such as the iPhone and Apple Music, and the company's integration with Tesla's vehicles. Some news articles discuss the performance of various stocks, including AAPL, and provide price targets and trading ideas.

Keywords: 
AAPL, Apple, stock, trading, investing, market analysis, iPhone, Apple Music, Tesla, TSLA, stock market, finance, investing, trading ideas, stock performance, price target, stock news, stock market news, financial news, stock market analysis, stock market trends, stock market performance, stock market data, stock market statistics, stock market charts, stock market graphs, stock market indicators",Negative
202,BABA,2022-11-21,"[2022-11-15] Summary: 
BABA (Alibaba Group Holding Limited) stock has seen a significant increase in the pre-market session, with a rise of about 11%. The stock has been trending upwards, with some analysts predicting a potential run-up. There have been various mentions of BABA's performance, including its online sales increase and analyst price targets. The stock has also been mentioned in relation to the broader market, with some analysts predicting a potential rally in the stock market following the Biden-Xi meeting.

Keywords: 
- BABA
- Alibaba Group Holding Limited
- Stock market
- Pre-market session
- Analyst price target
- Online sales
- Biden-Xi meeting
- Rally
- Trading
- Options
- Stock performance

Note: The news data is noisy and contains various
[2022-11-16] Summary: 
The news mentions Alibaba Group Holding Limited (BABA) multiple times, indicating that it is the focus of the news. The news includes various information about BABA, such as its price movement, analyst price targets, earnings, and trading volume. Some of the news articles mention that BABA has a high potential for a price increase, while others mention that it may experience a decline. The news also mentions that BABA's auditor is PWC, KPMG, and Deloitte.

Keywords: 
- BABA
- Alibaba Group Holding Limited
- Price movement
- Analyst price targets
- Earnings
- Trading volume
- PWC
- KPMG
- Deloitte
- China
- Stocks
- Trading
- Market

Note:
[2022-11-17] Summary: 
Alibaba Group Holding Limited (BABA) reported its quarterly earnings, with revenue of $29.12B, a 3% increase from the same period last year, but missing expectations of $29.45B. The company's adjusted earnings per share (EPS) was $1.82, beating expectations of $1.64. However, the company's GAAP earnings per share was -$1.09, missing expectations. The company also announced an increase in its share buyback program by another $15 billion.

Keywords: 
- Alibaba Group Holding Limited (BABA)
- Earnings
- Revenue
- EPS
- Share buyback
- China
- Stock market
- Finance
- Business
- Stock market news
- Alibaba Group
- Quarterly
[2022-11-18] Summary: 
Alibaba Group Holding (BABA) reported its Q2 2022 earnings, which beat estimates but showed a weak revenue growth. Despite this, the stock price rose. The key results include EPS of $1.82 and revenue of $29.12B. Analysts have set a top price target for BABA stock for the next week.

Keywords: 
- Alibaba Group Holding (BABA)
- Earnings
- Q2 2022
- Revenue
- EPS
- Stock price
- Analysts' price target
- China's recovery
- E-commerce
- Black Friday
- Trading
- Stock market
- Wall Street Bets
- Stocks
- Options
- Day trading
- Swing trading
- Swing Trading
- Technical analysis
[2022-11-21] Summary: 
BABA (Alibaba Group) stock is mentioned in various tweets as a potential investment opportunity, with some users sharing their analysis and predictions for the stock's price target. Some users also mention BABA as part of a list of stocks to watch or trade, while others share their experiences with trading the stock. There is no specific news or update about BABA's performance or earnings, but the stock is being discussed as a potential investment opportunity.

Keywords: 
- BABA (Alibaba Group)
- Stock market
- Investment
- Trading
- Price target
- Stock analysis
- Alibaba
- China
- E-commerce
- Technology

Note: The news is mostly about general stock market and trading information, with BABA being mentioned as one of the stocks being discussed",Negative
203,AAPL,2022-11-22,"[2022-11-16] Summary: 
Apple's CEO has made a decision to source chips from an Arizona plant that is set to open in 2024, and also source additional chips from Europe. This move is a part of the company's supply chain pivot. Warren Buffett's Berkshire Hathaway has purchased $4+ billion worth of Taiwan Semiconductor Manufacturing Company (TSMC) stock, which is a major supplier of chips to Apple. Apple's most in-demand iPhones are expected to fall short of earlier shipment estimates by 6 million units due to the disruption in chip supply. Apple's stock price has been affected by various market trends and analyst predictions.

Keywords: 
- Apple ($AAPL)
- Warren Buffett
- Berkshire Hathaway
- TSMC
- Taiwan Semiconductor Manufacturing Company
- Chips
- Supply
[2022-11-17] Summary: 
The news is about Apple Inc. (AAPL) stock, with various mentions of its performance, price targets, and analyst opinions. There are also mentions of other stocks such as Tesla (TSLA), Amazon (AMZN), and Microsoft (MSFT). Some tweets mention trading strategies, market analysis, and stock market news.

Keywords: 
- AAPL (Apple Inc.)
- TSLA (Tesla)
- AMZN (Amazon)
- MSFT (Microsoft)
- Stock market
- Trading
- Analyst opinions
- Price targets
- Market analysis
- Stock performance

Note: The news is quite noisy and contains a lot of irrelevant information, but the above summary and keywords are the most relevant information that can be extracted.
[2022-11-18] Summary: 
The news is about Apple (AAPL) stock, with various analysts and traders discussing its price target, trading strategies, and market trends. Some news articles mention Apple's revenue by product segment, its performance in the market, and its comparison with other companies. There is also a mention of a possible recession and its impact on the stock market.

Keywords: 
- AAPL
- Apple
- Stock
- Price target
- Trading
- Market trends
- Analysts
- Traders
- Recession
- Stock market
- Options
- Trading strategies

Note: The news is quite noisy and contains a lot of irrelevant information, but the above summary and keywords are the most relevant to the topic of AAPL stock.
[2022-11-21] Summary: 
The news is about various stocks, including AAPL, with some mentions of trading, investing, and market analysis. There are also mentions of Apple's products, such as the iPhone and Apple Music, and the company's integration with Tesla's vehicles. Some news articles discuss the performance of various stocks, including AAPL, and provide price targets and trading ideas.

Keywords: 
AAPL, Apple, stock, trading, investing, market analysis, iPhone, Apple Music, Tesla, TSLA, stock market, finance, investing, trading ideas, stock performance, price target, stock news, stock market news, financial news, stock market analysis, stock market trends, stock market performance, stock market data, stock market statistics, stock market charts, stock market graphs, stock market indicators
[2022-11-22] Summary: 
The news is about Apple Inc. (AAPL) stock, with various mentions of its price, analyst predictions, and market trends. There are also mentions of other stocks such as Tesla (TSLA), Amazon (AMZN), Microsoft (MSFT), and Google (GOOGL). The news also includes information about the UK CMA investigating Apple and Google's mobile browser dominance.

Keywords: 
- AAPL (Apple Inc.)
- TSLA (Tesla)
- AMZN (Amazon)
- MSFT (Microsoft)
- GOOGL (Google)
- UK CMA (UK Competition and Markets Authority)
- Mobile browser dominance
- Analyst predictions
- Market trends
- Stock prices
- Trading room
- Discord
- Chatroom
- Trading alerts",Positive
204,BABA,2022-11-22,"[2022-11-16] Summary: 
The news mentions Alibaba Group Holding Limited (BABA) multiple times, indicating that it is the focus of the news. The news includes various information about BABA, such as its price movement, analyst price targets, earnings, and trading volume. Some of the news articles mention that BABA has a high potential for a price increase, while others mention that it may experience a decline. The news also mentions that BABA's auditor is PWC, KPMG, and Deloitte.

Keywords: 
- BABA
- Alibaba Group Holding Limited
- Price movement
- Analyst price targets
- Earnings
- Trading volume
- PWC
- KPMG
- Deloitte
- China
- Stocks
- Trading
- Market

Note:
[2022-11-17] Summary: 
Alibaba Group Holding Limited (BABA) reported its quarterly earnings, with revenue of $29.12B, a 3% increase from the same period last year, but missing expectations of $29.45B. The company's adjusted earnings per share (EPS) was $1.82, beating expectations of $1.64. However, the company's GAAP earnings per share was -$1.09, missing expectations. The company also announced an increase in its share buyback program by another $15 billion.

Keywords: 
- Alibaba Group Holding Limited (BABA)
- Earnings
- Revenue
- EPS
- Share buyback
- China
- Stock market
- Finance
- Business
- Stock market news
- Alibaba Group
- Quarterly
[2022-11-18] Summary: 
Alibaba Group Holding (BABA) reported its Q2 2022 earnings, which beat estimates but showed a weak revenue growth. Despite this, the stock price rose. The key results include EPS of $1.82 and revenue of $29.12B. Analysts have set a top price target for BABA stock for the next week.

Keywords: 
- Alibaba Group Holding (BABA)
- Earnings
- Q2 2022
- Revenue
- EPS
- Stock price
- Analysts' price target
- China's recovery
- E-commerce
- Black Friday
- Trading
- Stock market
- Wall Street Bets
- Stocks
- Options
- Day trading
- Swing trading
- Swing Trading
- Technical analysis
[2022-11-21] Summary: 
BABA (Alibaba Group) stock is mentioned in various tweets as a potential investment opportunity, with some users sharing their analysis and predictions for the stock's price target. Some users also mention BABA as part of a list of stocks to watch or trade, while others share their experiences with trading the stock. There is no specific news or update about BABA's performance or earnings, but the stock is being discussed as a potential investment opportunity.

Keywords: 
- BABA (Alibaba Group)
- Stock market
- Investment
- Trading
- Price target
- Stock analysis
- Alibaba
- China
- E-commerce
- Technology

Note: The news is mostly about general stock market and trading information, with BABA being mentioned as one of the stocks being discussed
[2022-11-22] Summary: 
The news is about BABA (Alibaba Group Holding Limited) stock. There are several mentions of BABA stock in the news, including its price target, trading volume, and analyst opinions. Some news articles mention that BABA is trading at 2014 prices despite a 12x increase in revenue, and that the company's balance sheet is being used as a ""piggy bank"" for the Chinese government. There are also mentions of BABA's stock price movement, with some articles noting that it has dropped by 1.57% and others mentioning that it has been a popular stock among traders.

Keywords: 
- BABA
- Alibaba Group Holding Limited
- Stock price
- Trading volume
- Analyst opinions
- Revenue growth
- Balance sheet
-",Negative
205,AAPL,2022-11-23,"[2022-11-17] Summary: 
The news is about Apple Inc. (AAPL) stock, with various mentions of its performance, price targets, and analyst opinions. There are also mentions of other stocks such as Tesla (TSLA), Amazon (AMZN), and Microsoft (MSFT). Some tweets mention trading strategies, market analysis, and stock market news.

Keywords: 
- AAPL (Apple Inc.)
- TSLA (Tesla)
- AMZN (Amazon)
- MSFT (Microsoft)
- Stock market
- Trading
- Analyst opinions
- Price targets
- Market analysis
- Stock performance

Note: The news is quite noisy and contains a lot of irrelevant information, but the above summary and keywords are the most relevant information that can be extracted.
[2022-11-18] Summary: 
The news is about Apple (AAPL) stock, with various analysts and traders discussing its price target, trading strategies, and market trends. Some news articles mention Apple's revenue by product segment, its performance in the market, and its comparison with other companies. There is also a mention of a possible recession and its impact on the stock market.

Keywords: 
- AAPL
- Apple
- Stock
- Price target
- Trading
- Market trends
- Analysts
- Traders
- Recession
- Stock market
- Options
- Trading strategies

Note: The news is quite noisy and contains a lot of irrelevant information, but the above summary and keywords are the most relevant to the topic of AAPL stock.
[2022-11-21] Summary: 
The news is about various stocks, including AAPL, with some mentions of trading, investing, and market analysis. There are also mentions of Apple's products, such as the iPhone and Apple Music, and the company's integration with Tesla's vehicles. Some news articles discuss the performance of various stocks, including AAPL, and provide price targets and trading ideas.

Keywords: 
AAPL, Apple, stock, trading, investing, market analysis, iPhone, Apple Music, Tesla, TSLA, stock market, finance, investing, trading ideas, stock performance, price target, stock news, stock market news, financial news, stock market analysis, stock market trends, stock market performance, stock market data, stock market statistics, stock market charts, stock market graphs, stock market indicators
[2022-11-22] Summary: 
The news is about Apple Inc. (AAPL) stock, with various mentions of its price, analyst predictions, and market trends. There are also mentions of other stocks such as Tesla (TSLA), Amazon (AMZN), Microsoft (MSFT), and Google (GOOGL). The news also includes information about the UK CMA investigating Apple and Google's mobile browser dominance.

Keywords: 
- AAPL (Apple Inc.)
- TSLA (Tesla)
- AMZN (Amazon)
- MSFT (Microsoft)
- GOOGL (Google)
- UK CMA (UK Competition and Markets Authority)
- Mobile browser dominance
- Analyst predictions
- Market trends
- Stock prices
- Trading room
- Discord
- Chatroom
- Trading alerts
[2022-11-23] Summary: 
Violent protests have erupted at Apple's main iPhone plant in China, which may impact the company's production and sales. The protests are reportedly due to China's ZeroCovid policy, which has caused frustration among factory workers. This news may affect Apple's stock price, with some analysts predicting a potential decline in iPhone sales.

Keywords: 
- Apple
- iPhone
- China
- Protests
- ZeroCovid
- Foxconn
- $AAPL
- Stock price
- Production
- Sales
- Analysts
- Predictions

Note: The news is mostly about the protests at Apple's iPhone plant in China, which is a significant event that may impact the company's stock price and sales. The keywords extracted are relevant to the news and the company",Positive
206,BABA,2022-11-23,"[2022-11-17] Summary: 
Alibaba Group Holding Limited (BABA) reported its quarterly earnings, with revenue of $29.12B, a 3% increase from the same period last year, but missing expectations of $29.45B. The company's adjusted earnings per share (EPS) was $1.82, beating expectations of $1.64. However, the company's GAAP earnings per share was -$1.09, missing expectations. The company also announced an increase in its share buyback program by another $15 billion.

Keywords: 
- Alibaba Group Holding Limited (BABA)
- Earnings
- Revenue
- EPS
- Share buyback
- China
- Stock market
- Finance
- Business
- Stock market news
- Alibaba Group
- Quarterly
[2022-11-18] Summary: 
Alibaba Group Holding (BABA) reported its Q2 2022 earnings, which beat estimates but showed a weak revenue growth. Despite this, the stock price rose. The key results include EPS of $1.82 and revenue of $29.12B. Analysts have set a top price target for BABA stock for the next week.

Keywords: 
- Alibaba Group Holding (BABA)
- Earnings
- Q2 2022
- Revenue
- EPS
- Stock price
- Analysts' price target
- China's recovery
- E-commerce
- Black Friday
- Trading
- Stock market
- Wall Street Bets
- Stocks
- Options
- Day trading
- Swing trading
- Swing Trading
- Technical analysis
[2022-11-21] Summary: 
BABA (Alibaba Group) stock is mentioned in various tweets as a potential investment opportunity, with some users sharing their analysis and predictions for the stock's price target. Some users also mention BABA as part of a list of stocks to watch or trade, while others share their experiences with trading the stock. There is no specific news or update about BABA's performance or earnings, but the stock is being discussed as a potential investment opportunity.

Keywords: 
- BABA (Alibaba Group)
- Stock market
- Investment
- Trading
- Price target
- Stock analysis
- Alibaba
- China
- E-commerce
- Technology

Note: The news is mostly about general stock market and trading information, with BABA being mentioned as one of the stocks being discussed
[2022-11-22] Summary: 
The news is about BABA (Alibaba Group Holding Limited) stock. There are several mentions of BABA stock in the news, including its price target, trading volume, and analyst opinions. Some news articles mention that BABA is trading at 2014 prices despite a 12x increase in revenue, and that the company's balance sheet is being used as a ""piggy bank"" for the Chinese government. There are also mentions of BABA's stock price movement, with some articles noting that it has dropped by 1.57% and others mentioning that it has been a popular stock among traders.

Keywords: 
- BABA
- Alibaba Group Holding Limited
- Stock price
- Trading volume
- Analyst opinions
- Revenue growth
- Balance sheet
-
[2022-11-23] Summary: 
BABA (Alibaba Group Holding Limited) stock is expected to have a positive catalyst in the upcoming weeks, with the end of the audit of Ant Group and a potential fine of $1 billion. The stock price has been trending upwards, with a 2.51% increase in the last day. There are also mentions of BABA being a long watch stock by some traders.

Keywords: 
- BABA
- Alibaba Group Holding Limited
- Ant Group
- Audit
- Fine
- Stock price
- Trending
- Long watch
- Catalyst
- $BABA
- $SPY
- $NVDA
- $AAPL
- $AMZN
- $TSLA
- $NFLX
- $FB
- $",Positive
207,AAPL,2022-11-25,"[2022-11-18] Summary: 
The news is about Apple (AAPL) stock, with various analysts and traders discussing its price target, trading strategies, and market trends. Some news articles mention Apple's revenue by product segment, its performance in the market, and its comparison with other companies. There is also a mention of a possible recession and its impact on the stock market.

Keywords: 
- AAPL
- Apple
- Stock
- Price target
- Trading
- Market trends
- Analysts
- Traders
- Recession
- Stock market
- Options
- Trading strategies

Note: The news is quite noisy and contains a lot of irrelevant information, but the above summary and keywords are the most relevant to the topic of AAPL stock.
[2022-11-21] Summary: 
The news is about various stocks, including AAPL, with some mentions of trading, investing, and market analysis. There are also mentions of Apple's products, such as the iPhone and Apple Music, and the company's integration with Tesla's vehicles. Some news articles discuss the performance of various stocks, including AAPL, and provide price targets and trading ideas.

Keywords: 
AAPL, Apple, stock, trading, investing, market analysis, iPhone, Apple Music, Tesla, TSLA, stock market, finance, investing, trading ideas, stock performance, price target, stock news, stock market news, financial news, stock market analysis, stock market trends, stock market performance, stock market data, stock market statistics, stock market charts, stock market graphs, stock market indicators
[2022-11-22] Summary: 
The news is about Apple Inc. (AAPL) stock, with various mentions of its price, analyst predictions, and market trends. There are also mentions of other stocks such as Tesla (TSLA), Amazon (AMZN), Microsoft (MSFT), and Google (GOOGL). The news also includes information about the UK CMA investigating Apple and Google's mobile browser dominance.

Keywords: 
- AAPL (Apple Inc.)
- TSLA (Tesla)
- AMZN (Amazon)
- MSFT (Microsoft)
- GOOGL (Google)
- UK CMA (UK Competition and Markets Authority)
- Mobile browser dominance
- Analyst predictions
- Market trends
- Stock prices
- Trading room
- Discord
- Chatroom
- Trading alerts
[2022-11-23] Summary: 
Violent protests have erupted at Apple's main iPhone plant in China, which may impact the company's production and sales. The protests are reportedly due to China's ZeroCovid policy, which has caused frustration among factory workers. This news may affect Apple's stock price, with some analysts predicting a potential decline in iPhone sales.

Keywords: 
- Apple
- iPhone
- China
- Protests
- ZeroCovid
- Foxconn
- $AAPL
- Stock price
- Production
- Sales
- Analysts
- Predictions

Note: The news is mostly about the protests at Apple's iPhone plant in China, which is a significant event that may impact the company's stock price and sales. The keywords extracted are relevant to the news and the company
[2022-11-25] Summary: 
Apple (AAPL) stock is experiencing various market movements and news. There are concerns about the company's production in China due to worker protests and potential iPhone shipment delays. Apple's CEO, Tim Cook, is reportedly interested in buying Manchester United, a British football club, for £5.8 billion ($7 billion). The company's services segment, which includes revenue and gross margin, is growing. Apple's stock price is fluctuating, with some analysts predicting a potential break or bounce.

Keywords: 
- Apple (AAPL)
- Manchester United
- Tim Cook
- iPhone
- Foxconn
- China
- Worker protests
- Production delays
- Stock price
- Services segment
- Revenue
- Gross margin
- Tim Cook
- Manchester United acquisition",Negative
208,BABA,2022-11-25,"[2022-11-18] Summary: 
Alibaba Group Holding (BABA) reported its Q2 2022 earnings, which beat estimates but showed a weak revenue growth. Despite this, the stock price rose. The key results include EPS of $1.82 and revenue of $29.12B. Analysts have set a top price target for BABA stock for the next week.

Keywords: 
- Alibaba Group Holding (BABA)
- Earnings
- Q2 2022
- Revenue
- EPS
- Stock price
- Analysts' price target
- China's recovery
- E-commerce
- Black Friday
- Trading
- Stock market
- Wall Street Bets
- Stocks
- Options
- Day trading
- Swing trading
- Swing Trading
- Technical analysis
[2022-11-21] Summary: 
BABA (Alibaba Group) stock is mentioned in various tweets as a potential investment opportunity, with some users sharing their analysis and predictions for the stock's price target. Some users also mention BABA as part of a list of stocks to watch or trade, while others share their experiences with trading the stock. There is no specific news or update about BABA's performance or earnings, but the stock is being discussed as a potential investment opportunity.

Keywords: 
- BABA (Alibaba Group)
- Stock market
- Investment
- Trading
- Price target
- Stock analysis
- Alibaba
- China
- E-commerce
- Technology

Note: The news is mostly about general stock market and trading information, with BABA being mentioned as one of the stocks being discussed
[2022-11-22] Summary: 
The news is about BABA (Alibaba Group Holding Limited) stock. There are several mentions of BABA stock in the news, including its price target, trading volume, and analyst opinions. Some news articles mention that BABA is trading at 2014 prices despite a 12x increase in revenue, and that the company's balance sheet is being used as a ""piggy bank"" for the Chinese government. There are also mentions of BABA's stock price movement, with some articles noting that it has dropped by 1.57% and others mentioning that it has been a popular stock among traders.

Keywords: 
- BABA
- Alibaba Group Holding Limited
- Stock price
- Trading volume
- Analyst opinions
- Revenue growth
- Balance sheet
-
[2022-11-23] Summary: 
BABA (Alibaba Group Holding Limited) stock is expected to have a positive catalyst in the upcoming weeks, with the end of the audit of Ant Group and a potential fine of $1 billion. The stock price has been trending upwards, with a 2.51% increase in the last day. There are also mentions of BABA being a long watch stock by some traders.

Keywords: 
- BABA
- Alibaba Group Holding Limited
- Ant Group
- Audit
- Fine
- Stock price
- Trending
- Long watch
- Catalyst
- $BABA
- $SPY
- $NVDA
- $AAPL
- $AMZN
- $TSLA
- $NFLX
- $FB
- $
[2022-11-25] Summary: 
The news is about the stock market, specifically about the stock $BABA (Alibaba Group Holding Limited). The news mentions analyst price targets, trading strategies, and market trends. Some of the news articles mention making profits, trading alerts, and stock market analysis. There is also a mention of a ""most profitable trading community"" and a ""free chatroom"" for traders.

Keywords: 
- $BABA (Alibaba Group Holding Limited)
- Stock market
- Trading
- Analyst price target
- Profit
- Trading strategy
- Market trend
- Stock analysis
- Trading community
- Chatroom

Note: The news articles are mostly promotional and seem to be trying to attract traders to a specific trading community or chatroom. The information provided is not always clear",Negative
209,AAPL,2022-11-28,"[2022-11-21] Summary: 
The news is about various stocks, including AAPL, with some mentions of trading, investing, and market analysis. There are also mentions of Apple's products, such as the iPhone and Apple Music, and the company's integration with Tesla's vehicles. Some news articles discuss the performance of various stocks, including AAPL, and provide price targets and trading ideas.

Keywords: 
AAPL, Apple, stock, trading, investing, market analysis, iPhone, Apple Music, Tesla, TSLA, stock market, finance, investing, trading ideas, stock performance, price target, stock news, stock market news, financial news, stock market analysis, stock market trends, stock market performance, stock market data, stock market statistics, stock market charts, stock market graphs, stock market indicators
[2022-11-22] Summary: 
The news is about Apple Inc. (AAPL) stock, with various mentions of its price, analyst predictions, and market trends. There are also mentions of other stocks such as Tesla (TSLA), Amazon (AMZN), Microsoft (MSFT), and Google (GOOGL). The news also includes information about the UK CMA investigating Apple and Google's mobile browser dominance.

Keywords: 
- AAPL (Apple Inc.)
- TSLA (Tesla)
- AMZN (Amazon)
- MSFT (Microsoft)
- GOOGL (Google)
- UK CMA (UK Competition and Markets Authority)
- Mobile browser dominance
- Analyst predictions
- Market trends
- Stock prices
- Trading room
- Discord
- Chatroom
- Trading alerts
[2022-11-23] Summary: 
Violent protests have erupted at Apple's main iPhone plant in China, which may impact the company's production and sales. The protests are reportedly due to China's ZeroCovid policy, which has caused frustration among factory workers. This news may affect Apple's stock price, with some analysts predicting a potential decline in iPhone sales.

Keywords: 
- Apple
- iPhone
- China
- Protests
- ZeroCovid
- Foxconn
- $AAPL
- Stock price
- Production
- Sales
- Analysts
- Predictions

Note: The news is mostly about the protests at Apple's iPhone plant in China, which is a significant event that may impact the company's stock price and sales. The keywords extracted are relevant to the news and the company
[2022-11-25] Summary: 
Apple (AAPL) stock is experiencing various market movements and news. There are concerns about the company's production in China due to worker protests and potential iPhone shipment delays. Apple's CEO, Tim Cook, is reportedly interested in buying Manchester United, a British football club, for £5.8 billion ($7 billion). The company's services segment, which includes revenue and gross margin, is growing. Apple's stock price is fluctuating, with some analysts predicting a potential break or bounce.

Keywords: 
- Apple (AAPL)
- Manchester United
- Tim Cook
- iPhone
- Foxconn
- China
- Worker protests
- Production delays
- Stock price
- Services segment
- Revenue
- Gross margin
- Tim Cook
- Manchester United acquisition
[2022-11-28] Summary: 
Apple's stock ($AAPL) is facing challenges due to production disruptions at its manufacturing hub in China, which may result in a production shortfall of 6 million iPhones. The company has also threatened to remove Twitter from its App Store, and Elon Musk has stated that Apple has mostly stopped advertising on Twitter. Additionally, there are reports of workers fighting with guards at Foxconn Technology's plant in China, which may further exacerbate the situation.

Keywords: 
- $AAPL
- Apple
- iPhone
- China
- Production shortfall
- Twitter
- Elon Musk
- Foxconn Technology
- App Store
- Manufacturing hub
- Stock price
- iPhone 14 Pro
- Shortages

Note: The news is quite noisy and contains a lot of irrelevant information",Negative
210,AAPL,2022-11-29,"[2022-11-22] Summary: 
The news is about Apple Inc. (AAPL) stock, with various mentions of its price, analyst predictions, and market trends. There are also mentions of other stocks such as Tesla (TSLA), Amazon (AMZN), Microsoft (MSFT), and Google (GOOGL). The news also includes information about the UK CMA investigating Apple and Google's mobile browser dominance.

Keywords: 
- AAPL (Apple Inc.)
- TSLA (Tesla)
- AMZN (Amazon)
- MSFT (Microsoft)
- GOOGL (Google)
- UK CMA (UK Competition and Markets Authority)
- Mobile browser dominance
- Analyst predictions
- Market trends
- Stock prices
- Trading room
- Discord
- Chatroom
- Trading alerts
[2022-11-23] Summary: 
Violent protests have erupted at Apple's main iPhone plant in China, which may impact the company's production and sales. The protests are reportedly due to China's ZeroCovid policy, which has caused frustration among factory workers. This news may affect Apple's stock price, with some analysts predicting a potential decline in iPhone sales.

Keywords: 
- Apple
- iPhone
- China
- Protests
- ZeroCovid
- Foxconn
- $AAPL
- Stock price
- Production
- Sales
- Analysts
- Predictions

Note: The news is mostly about the protests at Apple's iPhone plant in China, which is a significant event that may impact the company's stock price and sales. The keywords extracted are relevant to the news and the company
[2022-11-25] Summary: 
Apple (AAPL) stock is experiencing various market movements and news. There are concerns about the company's production in China due to worker protests and potential iPhone shipment delays. Apple's CEO, Tim Cook, is reportedly interested in buying Manchester United, a British football club, for £5.8 billion ($7 billion). The company's services segment, which includes revenue and gross margin, is growing. Apple's stock price is fluctuating, with some analysts predicting a potential break or bounce.

Keywords: 
- Apple (AAPL)
- Manchester United
- Tim Cook
- iPhone
- Foxconn
- China
- Worker protests
- Production delays
- Stock price
- Services segment
- Revenue
- Gross margin
- Tim Cook
- Manchester United acquisition
[2022-11-28] Summary: 
Apple's stock ($AAPL) is facing challenges due to production disruptions at its manufacturing hub in China, which may result in a production shortfall of 6 million iPhones. The company has also threatened to remove Twitter from its App Store, and Elon Musk has stated that Apple has mostly stopped advertising on Twitter. Additionally, there are reports of workers fighting with guards at Foxconn Technology's plant in China, which may further exacerbate the situation.

Keywords: 
- $AAPL
- Apple
- iPhone
- China
- Production shortfall
- Twitter
- Elon Musk
- Foxconn Technology
- App Store
- Manufacturing hub
- Stock price
- iPhone 14 Pro
- Shortages

Note: The news is quite noisy and contains a lot of irrelevant information
[2022-11-29] Summary: 
The news articles and tweets suggest that Apple (AAPL) is facing challenges and controversies, including a potential loss of $6.9 billion due to iPhone production disruptions in China, a threat to remove Twitter from the App Store, and a decrease in ad spending on Twitter. There are also discussions about Apple's moral stance and its impact on the company's stock price. Additionally, some analysts are predicting a potential bounce in the stock price if it stays above $140.00.

Keywords: 
- Apple (AAPL)
- Twitter
- TikTok
- iPhone
- China
- Foxconn
- Elon Musk
- Tim Cook
- Stock price
- Ad spending
- App Store
- Dividend stocks
- Analyst price target
- Stock market
-",Negative
211,BABA,2022-11-29,"[2022-11-22] Summary: 
The news is about BABA (Alibaba Group Holding Limited) stock. There are several mentions of BABA stock in the news, including its price target, trading volume, and analyst opinions. Some news articles mention that BABA is trading at 2014 prices despite a 12x increase in revenue, and that the company's balance sheet is being used as a ""piggy bank"" for the Chinese government. There are also mentions of BABA's stock price movement, with some articles noting that it has dropped by 1.57% and others mentioning that it has been a popular stock among traders.

Keywords: 
- BABA
- Alibaba Group Holding Limited
- Stock price
- Trading volume
- Analyst opinions
- Revenue growth
- Balance sheet
-
[2022-11-23] Summary: 
BABA (Alibaba Group Holding Limited) stock is expected to have a positive catalyst in the upcoming weeks, with the end of the audit of Ant Group and a potential fine of $1 billion. The stock price has been trending upwards, with a 2.51% increase in the last day. There are also mentions of BABA being a long watch stock by some traders.

Keywords: 
- BABA
- Alibaba Group Holding Limited
- Ant Group
- Audit
- Fine
- Stock price
- Trending
- Long watch
- Catalyst
- $BABA
- $SPY
- $NVDA
- $AAPL
- $AMZN
- $TSLA
- $NFLX
- $FB
- $
[2022-11-25] Summary: 
The news is about the stock market, specifically about the stock $BABA (Alibaba Group Holding Limited). The news mentions analyst price targets, trading strategies, and market trends. Some of the news articles mention making profits, trading alerts, and stock market analysis. There is also a mention of a ""most profitable trading community"" and a ""free chatroom"" for traders.

Keywords: 
- $BABA (Alibaba Group Holding Limited)
- Stock market
- Trading
- Analyst price target
- Profit
- Trading strategy
- Market trend
- Stock analysis
- Trading community
- Chatroom

Note: The news articles are mostly promotional and seem to be trying to attract traders to a specific trading community or chatroom. The information provided is not always clear
[2022-11-28] Summary: 
The news is about the stock market, specifically the performance of the stock BABA (Alibaba Group Holding). The stock is mentioned in various tweets as being up or having a high price target for the next week. Some tweets mention that the stock is part of a list of most mentioned tickers on WSB (WallStreetBets) or that it is one of the top analyst price targets for the next week. There is also a mention of a trading chatroom where users can get real-time trading alerts and join a community of traders.

Keywords: 
- BABA (Alibaba Group Holding)
- Stock market
- Trading
- Stock options
- WallStreetBets (WSB)
- Trading chatroom
- Analyst price target
- Stock performance
- Trading
[2022-11-29] Summary: 
The news is about the stock market, specifically the performance of various stocks, including $BABA (Alibaba Group Holding Limited). The news mentions that $BABA is up 5.5% in pre-market, and there are various analyst price targets for the stock. Some news articles mention that Alibaba's founder, Jack Ma, has been living in central Tokyo for nearly six months. There are also mentions of other stocks, such as $TSLA (Tesla), $NVDA (NVIDIA), $AMZN (Amazon), and $AAPL (Apple), but the focus is on $BABA.

Keywords: 
- $BABA (Alibaba Group Holding Limited)
- Stock market
- Analyst price target
- Jack Ma
- Tokyo
- $T",Positive
212,AAPL,2022-11-30,"[2022-11-23] Summary: 
Violent protests have erupted at Apple's main iPhone plant in China, which may impact the company's production and sales. The protests are reportedly due to China's ZeroCovid policy, which has caused frustration among factory workers. This news may affect Apple's stock price, with some analysts predicting a potential decline in iPhone sales.

Keywords: 
- Apple
- iPhone
- China
- Protests
- ZeroCovid
- Foxconn
- $AAPL
- Stock price
- Production
- Sales
- Analysts
- Predictions

Note: The news is mostly about the protests at Apple's iPhone plant in China, which is a significant event that may impact the company's stock price and sales. The keywords extracted are relevant to the news and the company
[2022-11-25] Summary: 
Apple (AAPL) stock is experiencing various market movements and news. There are concerns about the company's production in China due to worker protests and potential iPhone shipment delays. Apple's CEO, Tim Cook, is reportedly interested in buying Manchester United, a British football club, for £5.8 billion ($7 billion). The company's services segment, which includes revenue and gross margin, is growing. Apple's stock price is fluctuating, with some analysts predicting a potential break or bounce.

Keywords: 
- Apple (AAPL)
- Manchester United
- Tim Cook
- iPhone
- Foxconn
- China
- Worker protests
- Production delays
- Stock price
- Services segment
- Revenue
- Gross margin
- Tim Cook
- Manchester United acquisition
[2022-11-28] Summary: 
Apple's stock ($AAPL) is facing challenges due to production disruptions at its manufacturing hub in China, which may result in a production shortfall of 6 million iPhones. The company has also threatened to remove Twitter from its App Store, and Elon Musk has stated that Apple has mostly stopped advertising on Twitter. Additionally, there are reports of workers fighting with guards at Foxconn Technology's plant in China, which may further exacerbate the situation.

Keywords: 
- $AAPL
- Apple
- iPhone
- China
- Production shortfall
- Twitter
- Elon Musk
- Foxconn Technology
- App Store
- Manufacturing hub
- Stock price
- iPhone 14 Pro
- Shortages

Note: The news is quite noisy and contains a lot of irrelevant information
[2022-11-29] Summary: 
The news articles and tweets suggest that Apple (AAPL) is facing challenges and controversies, including a potential loss of $6.9 billion due to iPhone production disruptions in China, a threat to remove Twitter from the App Store, and a decrease in ad spending on Twitter. There are also discussions about Apple's moral stance and its impact on the company's stock price. Additionally, some analysts are predicting a potential bounce in the stock price if it stays above $140.00.

Keywords: 
- Apple (AAPL)
- Twitter
- TikTok
- iPhone
- China
- Foxconn
- Elon Musk
- Tim Cook
- Stock price
- Ad spending
- App Store
- Dividend stocks
- Analyst price target
- Stock market
-
[2022-11-30] Summary: 
The news articles and tweets extracted from the web page HTML are mostly about Apple Inc. (AAPL) stock, its performance, and its relationship with other companies such as Twitter, Tesla, and Google. Some articles mention the impact of COVID-19 lockdowns in China on AAPL's revenue, while others discuss the company's operating margin, stock price, and analyst price targets. There are also mentions of Apple's CEO, Tim Cook, and the company's App Store policies.

Keywords: 
- AAPL
- Apple
- Stock
- Price
- Revenue
- Operating margin
- COVID-19
- China
- Tim Cook
- Twitter
- Tesla
- Google
- Analyst price target
- App Store
- CEO
- Stock market",Positive
213,BABA,2022-11-30,"[2022-11-23] Summary: 
BABA (Alibaba Group Holding Limited) stock is expected to have a positive catalyst in the upcoming weeks, with the end of the audit of Ant Group and a potential fine of $1 billion. The stock price has been trending upwards, with a 2.51% increase in the last day. There are also mentions of BABA being a long watch stock by some traders.

Keywords: 
- BABA
- Alibaba Group Holding Limited
- Ant Group
- Audit
- Fine
- Stock price
- Trending
- Long watch
- Catalyst
- $BABA
- $SPY
- $NVDA
- $AAPL
- $AMZN
- $TSLA
- $NFLX
- $FB
- $
[2022-11-25] Summary: 
The news is about the stock market, specifically about the stock $BABA (Alibaba Group Holding Limited). The news mentions analyst price targets, trading strategies, and market trends. Some of the news articles mention making profits, trading alerts, and stock market analysis. There is also a mention of a ""most profitable trading community"" and a ""free chatroom"" for traders.

Keywords: 
- $BABA (Alibaba Group Holding Limited)
- Stock market
- Trading
- Analyst price target
- Profit
- Trading strategy
- Market trend
- Stock analysis
- Trading community
- Chatroom

Note: The news articles are mostly promotional and seem to be trying to attract traders to a specific trading community or chatroom. The information provided is not always clear
[2022-11-28] Summary: 
The news is about the stock market, specifically the performance of the stock BABA (Alibaba Group Holding). The stock is mentioned in various tweets as being up or having a high price target for the next week. Some tweets mention that the stock is part of a list of most mentioned tickers on WSB (WallStreetBets) or that it is one of the top analyst price targets for the next week. There is also a mention of a trading chatroom where users can get real-time trading alerts and join a community of traders.

Keywords: 
- BABA (Alibaba Group Holding)
- Stock market
- Trading
- Stock options
- WallStreetBets (WSB)
- Trading chatroom
- Analyst price target
- Stock performance
- Trading
[2022-11-29] Summary: 
The news is about the stock market, specifically the performance of various stocks, including $BABA (Alibaba Group Holding Limited). The news mentions that $BABA is up 5.5% in pre-market, and there are various analyst price targets for the stock. Some news articles mention that Alibaba's founder, Jack Ma, has been living in central Tokyo for nearly six months. There are also mentions of other stocks, such as $TSLA (Tesla), $NVDA (NVIDIA), $AMZN (Amazon), and $AAPL (Apple), but the focus is on $BABA.

Keywords: 
- $BABA (Alibaba Group Holding Limited)
- Stock market
- Analyst price target
- Jack Ma
- Tokyo
- $T
[2022-11-30] Summary: 
BABA stock has been experiencing a significant increase in value, with a 43% rise from its lows just a month ago. The stock has been mentioned in various news and updates, including a potential run-up, with some analysts predicting a strong performance. The company's founder, Jack Ma, has been living in Tokyo for nearly six months, and the stock has been compared to other companies such as Tesla and NVIDIA. There have been various updates and alerts about the stock, including a potential 1000%+ gain from a specific entry point.

Keywords: 
- BABA
- Stock market
- Alibaba
- Jack Ma
- Tokyo
- Tesla
- NVIDIA
- Options trading
- Trading alerts
- Stock updates
- Market analysis
- Investment
-",Positive
214,BABA,2022-12-01,"[2022-11-25] Summary: 
The news is about the stock market, specifically about the stock $BABA (Alibaba Group Holding Limited). The news mentions analyst price targets, trading strategies, and market trends. Some of the news articles mention making profits, trading alerts, and stock market analysis. There is also a mention of a ""most profitable trading community"" and a ""free chatroom"" for traders.

Keywords: 
- $BABA (Alibaba Group Holding Limited)
- Stock market
- Trading
- Analyst price target
- Profit
- Trading strategy
- Market trend
- Stock analysis
- Trading community
- Chatroom

Note: The news articles are mostly promotional and seem to be trying to attract traders to a specific trading community or chatroom. The information provided is not always clear
[2022-11-28] Summary: 
The news is about the stock market, specifically the performance of the stock BABA (Alibaba Group Holding). The stock is mentioned in various tweets as being up or having a high price target for the next week. Some tweets mention that the stock is part of a list of most mentioned tickers on WSB (WallStreetBets) or that it is one of the top analyst price targets for the next week. There is also a mention of a trading chatroom where users can get real-time trading alerts and join a community of traders.

Keywords: 
- BABA (Alibaba Group Holding)
- Stock market
- Trading
- Stock options
- WallStreetBets (WSB)
- Trading chatroom
- Analyst price target
- Stock performance
- Trading
[2022-11-29] Summary: 
The news is about the stock market, specifically the performance of various stocks, including $BABA (Alibaba Group Holding Limited). The news mentions that $BABA is up 5.5% in pre-market, and there are various analyst price targets for the stock. Some news articles mention that Alibaba's founder, Jack Ma, has been living in central Tokyo for nearly six months. There are also mentions of other stocks, such as $TSLA (Tesla), $NVDA (NVIDIA), $AMZN (Amazon), and $AAPL (Apple), but the focus is on $BABA.

Keywords: 
- $BABA (Alibaba Group Holding Limited)
- Stock market
- Analyst price target
- Jack Ma
- Tokyo
- $T
[2022-11-30] Summary: 
BABA stock has been experiencing a significant increase in value, with a 43% rise from its lows just a month ago. The stock has been mentioned in various news and updates, including a potential run-up, with some analysts predicting a strong performance. The company's founder, Jack Ma, has been living in Tokyo for nearly six months, and the stock has been compared to other companies such as Tesla and NVIDIA. There have been various updates and alerts about the stock, including a potential 1000%+ gain from a specific entry point.

Keywords: 
- BABA
- Stock market
- Alibaba
- Jack Ma
- Tokyo
- Tesla
- NVIDIA
- Options trading
- Trading alerts
- Stock updates
- Market analysis
- Investment
-
[2022-12-01] Summary: 
Alibaba Group Holding Limited (BABA) has been mentioned in various news and updates related to its stock performance and analyst price targets. The company's stock has been discussed in relation to its recovery in China's discretionary consumer spending, with some analysts predicting a positive outlook for the company. There have been mentions of BABA's stock price targets for the next week, with some analysts predicting a significant increase. Additionally, there have been discussions about BABA's stock performance in comparison to other companies such as Tesla (TSLA), Amazon (AMZN), and NVIDIA (NVDA). Some users have also shared their own trading strategies and experiences with BABA stock.

Keywords: 
- BABA
- Alibaba Group Holding Limited
- Stock performance
- Analyst price targets
- China",Negative
215,BABA,2022-12-02,"[2022-11-28] Summary: 
The news is about the stock market, specifically the performance of the stock BABA (Alibaba Group Holding). The stock is mentioned in various tweets as being up or having a high price target for the next week. Some tweets mention that the stock is part of a list of most mentioned tickers on WSB (WallStreetBets) or that it is one of the top analyst price targets for the next week. There is also a mention of a trading chatroom where users can get real-time trading alerts and join a community of traders.

Keywords: 
- BABA (Alibaba Group Holding)
- Stock market
- Trading
- Stock options
- WallStreetBets (WSB)
- Trading chatroom
- Analyst price target
- Stock performance
- Trading
[2022-11-29] Summary: 
The news is about the stock market, specifically the performance of various stocks, including $BABA (Alibaba Group Holding Limited). The news mentions that $BABA is up 5.5% in pre-market, and there are various analyst price targets for the stock. Some news articles mention that Alibaba's founder, Jack Ma, has been living in central Tokyo for nearly six months. There are also mentions of other stocks, such as $TSLA (Tesla), $NVDA (NVIDIA), $AMZN (Amazon), and $AAPL (Apple), but the focus is on $BABA.

Keywords: 
- $BABA (Alibaba Group Holding Limited)
- Stock market
- Analyst price target
- Jack Ma
- Tokyo
- $T
[2022-11-30] Summary: 
BABA stock has been experiencing a significant increase in value, with a 43% rise from its lows just a month ago. The stock has been mentioned in various news and updates, including a potential run-up, with some analysts predicting a strong performance. The company's founder, Jack Ma, has been living in Tokyo for nearly six months, and the stock has been compared to other companies such as Tesla and NVIDIA. There have been various updates and alerts about the stock, including a potential 1000%+ gain from a specific entry point.

Keywords: 
- BABA
- Stock market
- Alibaba
- Jack Ma
- Tokyo
- Tesla
- NVIDIA
- Options trading
- Trading alerts
- Stock updates
- Market analysis
- Investment
-
[2022-12-01] Summary: 
Alibaba Group Holding Limited (BABA) has been mentioned in various news and updates related to its stock performance and analyst price targets. The company's stock has been discussed in relation to its recovery in China's discretionary consumer spending, with some analysts predicting a positive outlook for the company. There have been mentions of BABA's stock price targets for the next week, with some analysts predicting a significant increase. Additionally, there have been discussions about BABA's stock performance in comparison to other companies such as Tesla (TSLA), Amazon (AMZN), and NVIDIA (NVDA). Some users have also shared their own trading strategies and experiences with BABA stock.

Keywords: 
- BABA
- Alibaba Group Holding Limited
- Stock performance
- Analyst price targets
- China
[2022-12-02] Summary: 
BABA (Alibaba Group) stock has been performing well, with some analysts predicting a price target of over 100 for the next week. The stock has seen a significant increase in value, with some investors making substantial profits. The company has also been in the news for its partnership with Avalanche, a blockchain platform. However, the stock is known to be volatile, and investors are advised to be patient and not to whine about every tick up or down.

Keywords: 
- BABA
- Alibaba Group
- Stock market
- Volatility
- Avalanche
- Blockchain
- Options trading
- Trading community
- Price target
- Profit
- Investment
- Stock market news
- Trading alerts
- Stock analysis
- Options flow
- Stock options",Positive
216,AAPL,2022-12-05,"[2022-11-29] Summary: 
The news articles and tweets suggest that Apple (AAPL) is facing challenges and controversies, including a potential loss of $6.9 billion due to iPhone production disruptions in China, a threat to remove Twitter from the App Store, and a decrease in ad spending on Twitter. There are also discussions about Apple's moral stance and its impact on the company's stock price. Additionally, some analysts are predicting a potential bounce in the stock price if it stays above $140.00.

Keywords: 
- Apple (AAPL)
- Twitter
- TikTok
- iPhone
- China
- Foxconn
- Elon Musk
- Tim Cook
- Stock price
- Ad spending
- App Store
- Dividend stocks
- Analyst price target
- Stock market
-
[2022-11-30] Summary: 
The news articles and tweets extracted from the web page HTML are mostly about Apple Inc. (AAPL) stock, its performance, and its relationship with other companies such as Twitter, Tesla, and Google. Some articles mention the impact of COVID-19 lockdowns in China on AAPL's revenue, while others discuss the company's operating margin, stock price, and analyst price targets. There are also mentions of Apple's CEO, Tim Cook, and the company's App Store policies.

Keywords: 
- AAPL
- Apple
- Stock
- Price
- Revenue
- Operating margin
- COVID-19
- China
- Tim Cook
- Twitter
- Tesla
- Google
- Analyst price target
- App Store
- CEO
- Stock market
[2022-12-01] Summary: 
Apple's stock ($AAPL) is being discussed in various contexts, including its potential rally into the end of the year, its upcoming AR/VR headset, and its relationship with Elon Musk and Tim Cook. There are also mentions of Apple's stock price targets, its performance compared to other tech companies, and its potential for a collapse.

Keywords: 
- $AAPL (Apple stock)
- $TSLA (Tesla stock)
- $MSFT (Microsoft stock)
- $AMZN (Amazon stock)
- $GOOGL (Alphabet stock)
- $FB (Facebook stock)
- $NVDA (NVIDIA stock)
- $AMD (AMD stock)
- $SPY (S&P 500 ETF)
- $QQQ (Nasdaq-
[2022-12-02] Summary: 
The news is about Apple (AAPL) stock, with various updates and analysis from different sources. Some of the key points include:

- Apple's upcoming AR/VR headset software is being developed.
- Apple's Emergency SOS via Satellite feature has saved a person in Alaska.
- Apple's stock price target is mentioned in several posts, with some analysts predicting a significant increase.
- There are discussions about Apple's performance in the stock market, including its ranking among other companies.
- Some users are sharing their personal experiences and profits from trading Apple stock.

Keywords: 
AAPL, Apple, stock, AR/VR, Emergency SOS, satellite, stock price target, trading, stock market, finance, investing, stocks, options, trading alerts, analysis, news.

Note: The news
[2022-12-05] Summary: 
Apple Inc. (AAPL) is facing various news and updates, including plans to move production out of China, shifting production away from China, and exploring moving some iPad production to India. The company's stock price has been fluctuating, with some analysts predicting a price target for the next week. Additionally, there are mentions of Apple's advertising on Twitter and its largest advertiser status. The company's stock price has been affected by various market trends and news, including a recent drop in Foxconn's revenue due to a Covid outbreak at an iPhone factory.

Keywords: 
- AAPL
- Apple
- China
- India
- Production
- Stock price
- Analysts
- Twitter
- Advertising
- Foxconn
- Covid
- iPhone
- Market trends",Negative
217,AAPL,2022-12-06,"[2022-11-30] Summary: 
The news articles and tweets extracted from the web page HTML are mostly about Apple Inc. (AAPL) stock, its performance, and its relationship with other companies such as Twitter, Tesla, and Google. Some articles mention the impact of COVID-19 lockdowns in China on AAPL's revenue, while others discuss the company's operating margin, stock price, and analyst price targets. There are also mentions of Apple's CEO, Tim Cook, and the company's App Store policies.

Keywords: 
- AAPL
- Apple
- Stock
- Price
- Revenue
- Operating margin
- COVID-19
- China
- Tim Cook
- Twitter
- Tesla
- Google
- Analyst price target
- App Store
- CEO
- Stock market
[2022-12-01] Summary: 
Apple's stock ($AAPL) is being discussed in various contexts, including its potential rally into the end of the year, its upcoming AR/VR headset, and its relationship with Elon Musk and Tim Cook. There are also mentions of Apple's stock price targets, its performance compared to other tech companies, and its potential for a collapse.

Keywords: 
- $AAPL (Apple stock)
- $TSLA (Tesla stock)
- $MSFT (Microsoft stock)
- $AMZN (Amazon stock)
- $GOOGL (Alphabet stock)
- $FB (Facebook stock)
- $NVDA (NVIDIA stock)
- $AMD (AMD stock)
- $SPY (S&P 500 ETF)
- $QQQ (Nasdaq-
[2022-12-02] Summary: 
The news is about Apple (AAPL) stock, with various updates and analysis from different sources. Some of the key points include:

- Apple's upcoming AR/VR headset software is being developed.
- Apple's Emergency SOS via Satellite feature has saved a person in Alaska.
- Apple's stock price target is mentioned in several posts, with some analysts predicting a significant increase.
- There are discussions about Apple's performance in the stock market, including its ranking among other companies.
- Some users are sharing their personal experiences and profits from trading Apple stock.

Keywords: 
AAPL, Apple, stock, AR/VR, Emergency SOS, satellite, stock price target, trading, stock market, finance, investing, stocks, options, trading alerts, analysis, news.

Note: The news
[2022-12-05] Summary: 
Apple Inc. (AAPL) is facing various news and updates, including plans to move production out of China, shifting production away from China, and exploring moving some iPad production to India. The company's stock price has been fluctuating, with some analysts predicting a price target for the next week. Additionally, there are mentions of Apple's advertising on Twitter and its largest advertiser status. The company's stock price has been affected by various market trends and news, including a recent drop in Foxconn's revenue due to a Covid outbreak at an iPhone factory.

Keywords: 
- AAPL
- Apple
- China
- India
- Production
- Stock price
- Analysts
- Twitter
- Advertising
- Foxconn
- Covid
- iPhone
- Market trends
[2022-12-06] Summary: 
Apple (AAPL) stock news includes updates on its self-driving car project, which is being scaled back and delayed until 2026. The company is also moving its device chip production to the United States. Additionally, Apple has introduced Apple Music Sing and is expanding its self-service repair program in Europe. The company's iPad manufacturing is being moved out of China, and there are updates on its supply chain and wait times for its products.

Keywords: AAPL, self-driving car, chip production, Apple Music Sing, self-service repair, iPad manufacturing, supply chain, wait times.

Note: The news is mostly related to AAPL stock, but some tweets are about other stocks or general market trends.",Negative
218,BABA,2022-12-06,"[2022-11-30] Summary: 
BABA stock has been experiencing a significant increase in value, with a 43% rise from its lows just a month ago. The stock has been mentioned in various news and updates, including a potential run-up, with some analysts predicting a strong performance. The company's founder, Jack Ma, has been living in Tokyo for nearly six months, and the stock has been compared to other companies such as Tesla and NVIDIA. There have been various updates and alerts about the stock, including a potential 1000%+ gain from a specific entry point.

Keywords: 
- BABA
- Stock market
- Alibaba
- Jack Ma
- Tokyo
- Tesla
- NVIDIA
- Options trading
- Trading alerts
- Stock updates
- Market analysis
- Investment
-
[2022-12-01] Summary: 
Alibaba Group Holding Limited (BABA) has been mentioned in various news and updates related to its stock performance and analyst price targets. The company's stock has been discussed in relation to its recovery in China's discretionary consumer spending, with some analysts predicting a positive outlook for the company. There have been mentions of BABA's stock price targets for the next week, with some analysts predicting a significant increase. Additionally, there have been discussions about BABA's stock performance in comparison to other companies such as Tesla (TSLA), Amazon (AMZN), and NVIDIA (NVDA). Some users have also shared their own trading strategies and experiences with BABA stock.

Keywords: 
- BABA
- Alibaba Group Holding Limited
- Stock performance
- Analyst price targets
- China
[2022-12-02] Summary: 
BABA (Alibaba Group) stock has been performing well, with some analysts predicting a price target of over 100 for the next week. The stock has seen a significant increase in value, with some investors making substantial profits. The company has also been in the news for its partnership with Avalanche, a blockchain platform. However, the stock is known to be volatile, and investors are advised to be patient and not to whine about every tick up or down.

Keywords: 
- BABA
- Alibaba Group
- Stock market
- Volatility
- Avalanche
- Blockchain
- Options trading
- Trading community
- Price target
- Profit
- Investment
- Stock market news
- Trading alerts
- Stock analysis
- Options flow
- Stock options
[2022-12-05] Summary: 
BABA stock has been trending in the news with various analysts predicting a price target for the next week, ranging from $90 to $120. The stock has been affected by the relaxation of Covid-19 restrictions in China, which has led to a surge in the stock prices of Chinese companies, including BABA. The company has also partnered with Avalanche, a blockchain network, to support validators and provide state-of-the-art infrastructure.

Keywords: 
- BABA
- Alibaba
- Avalanche
- Blockchain
- China
- Covid-19
- Stock market
- Price target
- Analysts
- Trading
- Stocks
- Options
- Cryptocurrency
- Bitcoin
- Ethereum
- NIO
- AMC
- GME
- TSLA
[2022-12-06] Summary: 
The news is about BABA (Alibaba Group Holding Limited) stock, with various analysts and traders discussing its price target for the next week, and some predicting a potential run-up. There are also mentions of unusual options activity and trading signals for BABA. Additionally, there are discussions about the stock's performance in relation to other market indices and companies.

Keywords: 
- BABA (Alibaba Group Holding Limited)
- Stock market
- Trading
- Options
- Price target
- Analysts
- Trading signals
- Alibaba cloud
- Avalanche
- NIO
- TSLA
- AMD
- SPY
- QQQ
- NVDA
- BA
- AMZN
- FB
- USO
- DAL
- UGA",Positive
219,AAPL,2022-12-07,"[2022-12-01] Summary: 
Apple's stock ($AAPL) is being discussed in various contexts, including its potential rally into the end of the year, its upcoming AR/VR headset, and its relationship with Elon Musk and Tim Cook. There are also mentions of Apple's stock price targets, its performance compared to other tech companies, and its potential for a collapse.

Keywords: 
- $AAPL (Apple stock)
- $TSLA (Tesla stock)
- $MSFT (Microsoft stock)
- $AMZN (Amazon stock)
- $GOOGL (Alphabet stock)
- $FB (Facebook stock)
- $NVDA (NVIDIA stock)
- $AMD (AMD stock)
- $SPY (S&P 500 ETF)
- $QQQ (Nasdaq-
[2022-12-02] Summary: 
The news is about Apple (AAPL) stock, with various updates and analysis from different sources. Some of the key points include:

- Apple's upcoming AR/VR headset software is being developed.
- Apple's Emergency SOS via Satellite feature has saved a person in Alaska.
- Apple's stock price target is mentioned in several posts, with some analysts predicting a significant increase.
- There are discussions about Apple's performance in the stock market, including its ranking among other companies.
- Some users are sharing their personal experiences and profits from trading Apple stock.

Keywords: 
AAPL, Apple, stock, AR/VR, Emergency SOS, satellite, stock price target, trading, stock market, finance, investing, stocks, options, trading alerts, analysis, news.

Note: The news
[2022-12-05] Summary: 
Apple Inc. (AAPL) is facing various news and updates, including plans to move production out of China, shifting production away from China, and exploring moving some iPad production to India. The company's stock price has been fluctuating, with some analysts predicting a price target for the next week. Additionally, there are mentions of Apple's advertising on Twitter and its largest advertiser status. The company's stock price has been affected by various market trends and news, including a recent drop in Foxconn's revenue due to a Covid outbreak at an iPhone factory.

Keywords: 
- AAPL
- Apple
- China
- India
- Production
- Stock price
- Analysts
- Twitter
- Advertising
- Foxconn
- Covid
- iPhone
- Market trends
[2022-12-06] Summary: 
Apple (AAPL) stock news includes updates on its self-driving car project, which is being scaled back and delayed until 2026. The company is also moving its device chip production to the United States. Additionally, Apple has introduced Apple Music Sing and is expanding its self-service repair program in Europe. The company's iPad manufacturing is being moved out of China, and there are updates on its supply chain and wait times for its products.

Keywords: AAPL, self-driving car, chip production, Apple Music Sing, self-service repair, iPad manufacturing, supply chain, wait times.

Note: The news is mostly related to AAPL stock, but some tweets are about other stocks or general market trends.
[2022-12-07] Summary: 
Apple's CEO Tim Cook announced that the company will move its device chip production to the United States for the first time in nearly a decade, working with Taiwan Semiconductor Manufacturing Company (TSMC). This move is seen as a significant shift in the company's manufacturing strategy. The news has been met with mixed reactions, with some analysts praising the move as a step towards reducing reliance on foreign suppliers, while others have expressed concerns about the potential costs and challenges associated with domestic production.

Keywords: 
- Apple
- AAPL
- Tim Cook
- TSMC
- Chip production
- United States
- Manufacturing
- Taiwan Semiconductor Manufacturing Company
- Domestic production
- Foreign suppliers
- iPhone
- Nation-state hackers
- Security
- iPhone security
- Nation-state",Negative
220,BABA,2022-12-07,"[2022-12-01] Summary: 
Alibaba Group Holding Limited (BABA) has been mentioned in various news and updates related to its stock performance and analyst price targets. The company's stock has been discussed in relation to its recovery in China's discretionary consumer spending, with some analysts predicting a positive outlook for the company. There have been mentions of BABA's stock price targets for the next week, with some analysts predicting a significant increase. Additionally, there have been discussions about BABA's stock performance in comparison to other companies such as Tesla (TSLA), Amazon (AMZN), and NVIDIA (NVDA). Some users have also shared their own trading strategies and experiences with BABA stock.

Keywords: 
- BABA
- Alibaba Group Holding Limited
- Stock performance
- Analyst price targets
- China
[2022-12-02] Summary: 
BABA (Alibaba Group) stock has been performing well, with some analysts predicting a price target of over 100 for the next week. The stock has seen a significant increase in value, with some investors making substantial profits. The company has also been in the news for its partnership with Avalanche, a blockchain platform. However, the stock is known to be volatile, and investors are advised to be patient and not to whine about every tick up or down.

Keywords: 
- BABA
- Alibaba Group
- Stock market
- Volatility
- Avalanche
- Blockchain
- Options trading
- Trading community
- Price target
- Profit
- Investment
- Stock market news
- Trading alerts
- Stock analysis
- Options flow
- Stock options
[2022-12-05] Summary: 
BABA stock has been trending in the news with various analysts predicting a price target for the next week, ranging from $90 to $120. The stock has been affected by the relaxation of Covid-19 restrictions in China, which has led to a surge in the stock prices of Chinese companies, including BABA. The company has also partnered with Avalanche, a blockchain network, to support validators and provide state-of-the-art infrastructure.

Keywords: 
- BABA
- Alibaba
- Avalanche
- Blockchain
- China
- Covid-19
- Stock market
- Price target
- Analysts
- Trading
- Stocks
- Options
- Cryptocurrency
- Bitcoin
- Ethereum
- NIO
- AMC
- GME
- TSLA
[2022-12-06] Summary: 
The news is about BABA (Alibaba Group Holding Limited) stock, with various analysts and traders discussing its price target for the next week, and some predicting a potential run-up. There are also mentions of unusual options activity and trading signals for BABA. Additionally, there are discussions about the stock's performance in relation to other market indices and companies.

Keywords: 
- BABA (Alibaba Group Holding Limited)
- Stock market
- Trading
- Options
- Price target
- Analysts
- Trading signals
- Alibaba cloud
- Avalanche
- NIO
- TSLA
- AMD
- SPY
- QQQ
- NVDA
- BA
- AMZN
- FB
- USO
- DAL
- UGA
[2022-12-07] Summary: 
The news is about the stock market, specifically about the stock BABA (Alibaba Group). The news mentions various price targets, analyst predictions, and trading strategies for BABA stock. It also mentions the company's partnership with Avalanche blockchain and its expansion of support for the platform. Additionally, the news mentions the stock's performance and its relation to other stocks in the market.

Keywords: 
- BABA (Alibaba Group)
- Stock market
- Price target
- Analyst prediction
- Trading strategy
- Avalanche blockchain
- Alibaba Cloud
- Partnership
- Stock performance
- Market analysis

Note: The news is quite noisy and contains a lot of irrelevant information, but the above summary and keywords are the most relevant and important points extracted from the news.",Negative
221,AAPL,2022-12-08,"[2022-12-02] Summary: 
The news is about Apple (AAPL) stock, with various updates and analysis from different sources. Some of the key points include:

- Apple's upcoming AR/VR headset software is being developed.
- Apple's Emergency SOS via Satellite feature has saved a person in Alaska.
- Apple's stock price target is mentioned in several posts, with some analysts predicting a significant increase.
- There are discussions about Apple's performance in the stock market, including its ranking among other companies.
- Some users are sharing their personal experiences and profits from trading Apple stock.

Keywords: 
AAPL, Apple, stock, AR/VR, Emergency SOS, satellite, stock price target, trading, stock market, finance, investing, stocks, options, trading alerts, analysis, news.

Note: The news
[2022-12-05] Summary: 
Apple Inc. (AAPL) is facing various news and updates, including plans to move production out of China, shifting production away from China, and exploring moving some iPad production to India. The company's stock price has been fluctuating, with some analysts predicting a price target for the next week. Additionally, there are mentions of Apple's advertising on Twitter and its largest advertiser status. The company's stock price has been affected by various market trends and news, including a recent drop in Foxconn's revenue due to a Covid outbreak at an iPhone factory.

Keywords: 
- AAPL
- Apple
- China
- India
- Production
- Stock price
- Analysts
- Twitter
- Advertising
- Foxconn
- Covid
- iPhone
- Market trends
[2022-12-06] Summary: 
Apple (AAPL) stock news includes updates on its self-driving car project, which is being scaled back and delayed until 2026. The company is also moving its device chip production to the United States. Additionally, Apple has introduced Apple Music Sing and is expanding its self-service repair program in Europe. The company's iPad manufacturing is being moved out of China, and there are updates on its supply chain and wait times for its products.

Keywords: AAPL, self-driving car, chip production, Apple Music Sing, self-service repair, iPad manufacturing, supply chain, wait times.

Note: The news is mostly related to AAPL stock, but some tweets are about other stocks or general market trends.
[2022-12-07] Summary: 
Apple's CEO Tim Cook announced that the company will move its device chip production to the United States for the first time in nearly a decade, working with Taiwan Semiconductor Manufacturing Company (TSMC). This move is seen as a significant shift in the company's manufacturing strategy. The news has been met with mixed reactions, with some analysts praising the move as a step towards reducing reliance on foreign suppliers, while others have expressed concerns about the potential costs and challenges associated with domestic production.

Keywords: 
- Apple
- AAPL
- Tim Cook
- TSMC
- Chip production
- United States
- Manufacturing
- Taiwan Semiconductor Manufacturing Company
- Domestic production
- Foreign suppliers
- iPhone
- Nation-state hackers
- Security
- iPhone security
- Nation-state
[2022-12-08] Summary: 
The news articles and tweets extracted from the given data are primarily about the stock market, particularly Apple (AAPL) and other major tech companies. The news includes updates on stock prices, analyst predictions, and market trends. There are also mentions of Apple's supplier Foxconn investing in India and the company's plans to build chips in the US. Additionally, there are discussions about the impact of the COVID-19 pandemic on the stock market and the potential for a recession.

Keywords: 
- AAPL (Apple)
- Stock market
- Tech companies
- Analyst predictions
- Stock prices
- Market trends
- Foxconn
- India
- US
- COVID-19
- Recession
- Stock buyback
- Tim Cook
- Steve Jobs
- Elon",Positive
222,BABA,2022-12-08,"[2022-12-02] Summary: 
BABA (Alibaba Group) stock has been performing well, with some analysts predicting a price target of over 100 for the next week. The stock has seen a significant increase in value, with some investors making substantial profits. The company has also been in the news for its partnership with Avalanche, a blockchain platform. However, the stock is known to be volatile, and investors are advised to be patient and not to whine about every tick up or down.

Keywords: 
- BABA
- Alibaba Group
- Stock market
- Volatility
- Avalanche
- Blockchain
- Options trading
- Trading community
- Price target
- Profit
- Investment
- Stock market news
- Trading alerts
- Stock analysis
- Options flow
- Stock options
[2022-12-05] Summary: 
BABA stock has been trending in the news with various analysts predicting a price target for the next week, ranging from $90 to $120. The stock has been affected by the relaxation of Covid-19 restrictions in China, which has led to a surge in the stock prices of Chinese companies, including BABA. The company has also partnered with Avalanche, a blockchain network, to support validators and provide state-of-the-art infrastructure.

Keywords: 
- BABA
- Alibaba
- Avalanche
- Blockchain
- China
- Covid-19
- Stock market
- Price target
- Analysts
- Trading
- Stocks
- Options
- Cryptocurrency
- Bitcoin
- Ethereum
- NIO
- AMC
- GME
- TSLA
[2022-12-06] Summary: 
The news is about BABA (Alibaba Group Holding Limited) stock, with various analysts and traders discussing its price target for the next week, and some predicting a potential run-up. There are also mentions of unusual options activity and trading signals for BABA. Additionally, there are discussions about the stock's performance in relation to other market indices and companies.

Keywords: 
- BABA (Alibaba Group Holding Limited)
- Stock market
- Trading
- Options
- Price target
- Analysts
- Trading signals
- Alibaba cloud
- Avalanche
- NIO
- TSLA
- AMD
- SPY
- QQQ
- NVDA
- BA
- AMZN
- FB
- USO
- DAL
- UGA
[2022-12-07] Summary: 
The news is about the stock market, specifically about the stock BABA (Alibaba Group). The news mentions various price targets, analyst predictions, and trading strategies for BABA stock. It also mentions the company's partnership with Avalanche blockchain and its expansion of support for the platform. Additionally, the news mentions the stock's performance and its relation to other stocks in the market.

Keywords: 
- BABA (Alibaba Group)
- Stock market
- Price target
- Analyst prediction
- Trading strategy
- Avalanche blockchain
- Alibaba Cloud
- Partnership
- Stock performance
- Market analysis

Note: The news is quite noisy and contains a lot of irrelevant information, but the above summary and keywords are the most relevant and important points extracted from the news.
[2022-12-08] Summary: 
The news is about BABA (Alibaba Group Holding Limited) stock. There are various mentions of BABA stock price targets, analyst predictions, and trading strategies. Some tweets mention the stock's performance, such as a loss on BABA, while others promote trading chat rooms and communities for making huge profits.

Keywords: 
- BABA
- Alibaba Group Holding Limited
- Stock price target
- Analyst prediction
- Trading strategy
- Trading chat room
- Community
- Stock performance
- Trading alerts
- Options trading
- Stock market
- Finance
- Trading",Positive
223,BABA,2022-12-09,"[2022-12-05] Summary: 
BABA stock has been trending in the news with various analysts predicting a price target for the next week, ranging from $90 to $120. The stock has been affected by the relaxation of Covid-19 restrictions in China, which has led to a surge in the stock prices of Chinese companies, including BABA. The company has also partnered with Avalanche, a blockchain network, to support validators and provide state-of-the-art infrastructure.

Keywords: 
- BABA
- Alibaba
- Avalanche
- Blockchain
- China
- Covid-19
- Stock market
- Price target
- Analysts
- Trading
- Stocks
- Options
- Cryptocurrency
- Bitcoin
- Ethereum
- NIO
- AMC
- GME
- TSLA
[2022-12-06] Summary: 
The news is about BABA (Alibaba Group Holding Limited) stock, with various analysts and traders discussing its price target for the next week, and some predicting a potential run-up. There are also mentions of unusual options activity and trading signals for BABA. Additionally, there are discussions about the stock's performance in relation to other market indices and companies.

Keywords: 
- BABA (Alibaba Group Holding Limited)
- Stock market
- Trading
- Options
- Price target
- Analysts
- Trading signals
- Alibaba cloud
- Avalanche
- NIO
- TSLA
- AMD
- SPY
- QQQ
- NVDA
- BA
- AMZN
- FB
- USO
- DAL
- UGA
[2022-12-07] Summary: 
The news is about the stock market, specifically about the stock BABA (Alibaba Group). The news mentions various price targets, analyst predictions, and trading strategies for BABA stock. It also mentions the company's partnership with Avalanche blockchain and its expansion of support for the platform. Additionally, the news mentions the stock's performance and its relation to other stocks in the market.

Keywords: 
- BABA (Alibaba Group)
- Stock market
- Price target
- Analyst prediction
- Trading strategy
- Avalanche blockchain
- Alibaba Cloud
- Partnership
- Stock performance
- Market analysis

Note: The news is quite noisy and contains a lot of irrelevant information, but the above summary and keywords are the most relevant and important points extracted from the news.
[2022-12-08] Summary: 
The news is about BABA (Alibaba Group Holding Limited) stock. There are various mentions of BABA stock price targets, analyst predictions, and trading strategies. Some tweets mention the stock's performance, such as a loss on BABA, while others promote trading chat rooms and communities for making huge profits.

Keywords: 
- BABA
- Alibaba Group Holding Limited
- Stock price target
- Analyst prediction
- Trading strategy
- Trading chat room
- Community
- Stock performance
- Trading alerts
- Options trading
- Stock market
- Finance
- Trading
[2022-12-09] Summary: 
The news is about BABA (Alibaba Group Holding Limited) stock, with various traders and analysts discussing its price movements, potential price targets, and trading strategies. Some of the key points mentioned include:

* BABA has broken above 95.1 and is expected to continue higher to an ideal target at 101.30.
* Top analyst price target for BABA is mentioned multiple times, with some sources suggesting a price target of $101.30.
* Traders are discussing the potential for BABA to make significant gains, with some claiming to have made profits of up to $1,400 in a single hour.
* There are also mentions of BABA's integration with Web3 and its potential for growth.

Keywords: 
BABA, Alibaba Group Holding Limited,",Negative
224,AAPL,2022-12-12,"[2022-12-06] Summary: 
Apple (AAPL) stock news includes updates on its self-driving car project, which is being scaled back and delayed until 2026. The company is also moving its device chip production to the United States. Additionally, Apple has introduced Apple Music Sing and is expanding its self-service repair program in Europe. The company's iPad manufacturing is being moved out of China, and there are updates on its supply chain and wait times for its products.

Keywords: AAPL, self-driving car, chip production, Apple Music Sing, self-service repair, iPad manufacturing, supply chain, wait times.

Note: The news is mostly related to AAPL stock, but some tweets are about other stocks or general market trends.
[2022-12-07] Summary: 
Apple's CEO Tim Cook announced that the company will move its device chip production to the United States for the first time in nearly a decade, working with Taiwan Semiconductor Manufacturing Company (TSMC). This move is seen as a significant shift in the company's manufacturing strategy. The news has been met with mixed reactions, with some analysts praising the move as a step towards reducing reliance on foreign suppliers, while others have expressed concerns about the potential costs and challenges associated with domestic production.

Keywords: 
- Apple
- AAPL
- Tim Cook
- TSMC
- Chip production
- United States
- Manufacturing
- Taiwan Semiconductor Manufacturing Company
- Domestic production
- Foreign suppliers
- iPhone
- Nation-state hackers
- Security
- iPhone security
- Nation-state
[2022-12-08] Summary: 
The news articles and tweets extracted from the given data are primarily about the stock market, particularly Apple (AAPL) and other major tech companies. The news includes updates on stock prices, analyst predictions, and market trends. There are also mentions of Apple's supplier Foxconn investing in India and the company's plans to build chips in the US. Additionally, there are discussions about the impact of the COVID-19 pandemic on the stock market and the potential for a recession.

Keywords: 
- AAPL (Apple)
- Stock market
- Tech companies
- Analyst predictions
- Stock prices
- Market trends
- Foxconn
- India
- US
- COVID-19
- Recession
- Stock buyback
- Tim Cook
- Steve Jobs
- Elon
[2022-12-09] Summary: 
The news is about various stocks, including AAPL, with a focus on trading, stock market analysis, and investment opportunities. The news mentions trading rooms, stock market updates, and analyst price targets for AAPL. There are also mentions of other stocks such as TSLA, AMZN, MSFT, and SPY.

Keywords: 
AAPL, TSLA, AMZN, MSFT, SPY, trading, stock market, investment, analyst price target, stock market analysis, trading room, stock updates.

Note: The news is quite noisy and contains a lot of irrelevant information, but the above summary and keywords are the most relevant information related to AAPL stock.
[2022-12-12] Summary: 
Apple's stock (AAPL) is trending with various news and updates. The company is planning to build chips in the US for the first time in nearly a decade, working with TSMC. There are also updates on analyst price targets, with some predicting a run-up for the stock. Additionally, Apple is partnering with Tata Group to open 100 stores that exclusively sell Apple products in India. The company's initial public offering (IPO) was on December 12, 1980, and it has since become one of the most valuable companies in the world.

Keywords: 
- Apple (AAPL)
- TSMC
- Chips
- US
- India
- Tata Group
- Analyst price targets
- IPO
- Stock market
- Trading",Positive
225,BABA,2022-12-12,"[2022-12-06] Summary: 
The news is about BABA (Alibaba Group Holding Limited) stock, with various analysts and traders discussing its price target for the next week, and some predicting a potential run-up. There are also mentions of unusual options activity and trading signals for BABA. Additionally, there are discussions about the stock's performance in relation to other market indices and companies.

Keywords: 
- BABA (Alibaba Group Holding Limited)
- Stock market
- Trading
- Options
- Price target
- Analysts
- Trading signals
- Alibaba cloud
- Avalanche
- NIO
- TSLA
- AMD
- SPY
- QQQ
- NVDA
- BA
- AMZN
- FB
- USO
- DAL
- UGA
[2022-12-07] Summary: 
The news is about the stock market, specifically about the stock BABA (Alibaba Group). The news mentions various price targets, analyst predictions, and trading strategies for BABA stock. It also mentions the company's partnership with Avalanche blockchain and its expansion of support for the platform. Additionally, the news mentions the stock's performance and its relation to other stocks in the market.

Keywords: 
- BABA (Alibaba Group)
- Stock market
- Price target
- Analyst prediction
- Trading strategy
- Avalanche blockchain
- Alibaba Cloud
- Partnership
- Stock performance
- Market analysis

Note: The news is quite noisy and contains a lot of irrelevant information, but the above summary and keywords are the most relevant and important points extracted from the news.
[2022-12-08] Summary: 
The news is about BABA (Alibaba Group Holding Limited) stock. There are various mentions of BABA stock price targets, analyst predictions, and trading strategies. Some tweets mention the stock's performance, such as a loss on BABA, while others promote trading chat rooms and communities for making huge profits.

Keywords: 
- BABA
- Alibaba Group Holding Limited
- Stock price target
- Analyst prediction
- Trading strategy
- Trading chat room
- Community
- Stock performance
- Trading alerts
- Options trading
- Stock market
- Finance
- Trading
[2022-12-09] Summary: 
The news is about BABA (Alibaba Group Holding Limited) stock, with various traders and analysts discussing its price movements, potential price targets, and trading strategies. Some of the key points mentioned include:

* BABA has broken above 95.1 and is expected to continue higher to an ideal target at 101.30.
* Top analyst price target for BABA is mentioned multiple times, with some sources suggesting a price target of $101.30.
* Traders are discussing the potential for BABA to make significant gains, with some claiming to have made profits of up to $1,400 in a single hour.
* There are also mentions of BABA's integration with Web3 and its potential for growth.

Keywords: 
BABA, Alibaba Group Holding Limited,
[2022-12-12] Summary: 
The news is about BABA (Alibaba Group) stock, with various analysts providing price targets for the next week. Some of the analysts predict a significant increase in the stock price, while others do not provide specific targets. There are also mentions of trading rooms and communities where users can join to get real-time trading alerts and analysis.

Keywords: 
- BABA (Alibaba Group)
- Stock price target
- Analysts
- Trading room
- Trading community
- Real-time alerts
- Analysis
- Stock market
- Investing
- Options trading
- Alibaba Group

Note: The news is quite noisy and contains a lot of irrelevant information, but the above summary and keywords are the most relevant information that can be extracted.",Negative
226,AAPL,2022-12-13,"[2022-12-07] Summary: 
Apple's CEO Tim Cook announced that the company will move its device chip production to the United States for the first time in nearly a decade, working with Taiwan Semiconductor Manufacturing Company (TSMC). This move is seen as a significant shift in the company's manufacturing strategy. The news has been met with mixed reactions, with some analysts praising the move as a step towards reducing reliance on foreign suppliers, while others have expressed concerns about the potential costs and challenges associated with domestic production.

Keywords: 
- Apple
- AAPL
- Tim Cook
- TSMC
- Chip production
- United States
- Manufacturing
- Taiwan Semiconductor Manufacturing Company
- Domestic production
- Foreign suppliers
- iPhone
- Nation-state hackers
- Security
- iPhone security
- Nation-state
[2022-12-08] Summary: 
The news articles and tweets extracted from the given data are primarily about the stock market, particularly Apple (AAPL) and other major tech companies. The news includes updates on stock prices, analyst predictions, and market trends. There are also mentions of Apple's supplier Foxconn investing in India and the company's plans to build chips in the US. Additionally, there are discussions about the impact of the COVID-19 pandemic on the stock market and the potential for a recession.

Keywords: 
- AAPL (Apple)
- Stock market
- Tech companies
- Analyst predictions
- Stock prices
- Market trends
- Foxconn
- India
- US
- COVID-19
- Recession
- Stock buyback
- Tim Cook
- Steve Jobs
- Elon
[2022-12-09] Summary: 
The news is about various stocks, including AAPL, with a focus on trading, stock market analysis, and investment opportunities. The news mentions trading rooms, stock market updates, and analyst price targets for AAPL. There are also mentions of other stocks such as TSLA, AMZN, MSFT, and SPY.

Keywords: 
AAPL, TSLA, AMZN, MSFT, SPY, trading, stock market, investment, analyst price target, stock market analysis, trading room, stock updates.

Note: The news is quite noisy and contains a lot of irrelevant information, but the above summary and keywords are the most relevant information related to AAPL stock.
[2022-12-12] Summary: 
Apple's stock (AAPL) is trending with various news and updates. The company is planning to build chips in the US for the first time in nearly a decade, working with TSMC. There are also updates on analyst price targets, with some predicting a run-up for the stock. Additionally, Apple is partnering with Tata Group to open 100 stores that exclusively sell Apple products in India. The company's initial public offering (IPO) was on December 12, 1980, and it has since become one of the most valuable companies in the world.

Keywords: 
- Apple (AAPL)
- TSMC
- Chips
- US
- India
- Tata Group
- Analyst price targets
- IPO
- Stock market
- Trading
[2022-12-13] Summary: 
The news is about Apple's stock ($AAPL) and its performance. There are mentions of Apple's investment in Japan, Apple's stock price, and analyst price targets for Apple's stock. Some tweets also mention the overall stock market and inflation.

Keywords: 
- $AAPL (Apple stock)
- $SPY (S&P 500 ETF)
- $TSLA (Tesla stock)
- $AMZN (Amazon stock)
- $MSFT (Microsoft stock)
- $NVDA (NVIDIA stock)
- $AMD (AMD stock)
- $FB (Facebook stock)
- $GOOGL (Alphabet stock)
- $AMC (AMC Entertainment stock)
- $ETH (Ethereum)
- $XRP (Ripple)
-",Positive
227,BABA,2022-12-13,"[2022-12-07] Summary: 
The news is about the stock market, specifically about the stock BABA (Alibaba Group). The news mentions various price targets, analyst predictions, and trading strategies for BABA stock. It also mentions the company's partnership with Avalanche blockchain and its expansion of support for the platform. Additionally, the news mentions the stock's performance and its relation to other stocks in the market.

Keywords: 
- BABA (Alibaba Group)
- Stock market
- Price target
- Analyst prediction
- Trading strategy
- Avalanche blockchain
- Alibaba Cloud
- Partnership
- Stock performance
- Market analysis

Note: The news is quite noisy and contains a lot of irrelevant information, but the above summary and keywords are the most relevant and important points extracted from the news.
[2022-12-08] Summary: 
The news is about BABA (Alibaba Group Holding Limited) stock. There are various mentions of BABA stock price targets, analyst predictions, and trading strategies. Some tweets mention the stock's performance, such as a loss on BABA, while others promote trading chat rooms and communities for making huge profits.

Keywords: 
- BABA
- Alibaba Group Holding Limited
- Stock price target
- Analyst prediction
- Trading strategy
- Trading chat room
- Community
- Stock performance
- Trading alerts
- Options trading
- Stock market
- Finance
- Trading
[2022-12-09] Summary: 
The news is about BABA (Alibaba Group Holding Limited) stock, with various traders and analysts discussing its price movements, potential price targets, and trading strategies. Some of the key points mentioned include:

* BABA has broken above 95.1 and is expected to continue higher to an ideal target at 101.30.
* Top analyst price target for BABA is mentioned multiple times, with some sources suggesting a price target of $101.30.
* Traders are discussing the potential for BABA to make significant gains, with some claiming to have made profits of up to $1,400 in a single hour.
* There are also mentions of BABA's integration with Web3 and its potential for growth.

Keywords: 
BABA, Alibaba Group Holding Limited,
[2022-12-12] Summary: 
The news is about BABA (Alibaba Group) stock, with various analysts providing price targets for the next week. Some of the analysts predict a significant increase in the stock price, while others do not provide specific targets. There are also mentions of trading rooms and communities where users can join to get real-time trading alerts and analysis.

Keywords: 
- BABA (Alibaba Group)
- Stock price target
- Analysts
- Trading room
- Trading community
- Real-time alerts
- Analysis
- Stock market
- Investing
- Options trading
- Alibaba Group

Note: The news is quite noisy and contains a lot of irrelevant information, but the above summary and keywords are the most relevant information that can be extracted.
[2022-12-13] Summary: 
The news is about a trading community that claims to have a 98% success rate and has turned $64,000 into $1.9M in 10 months. The community is promoting their trading chat room and offering a free trial. They are also sharing their stock picks and analyst price targets for various stocks, including BABA. The community is active on Discord and Twitter, and they are promoting their services to attract new members.

Keywords: 
- BABA
- Trading community
- Stock market
- Trading chat room
- Analyst price target
- Discord
- Twitter
- Stock picks
- Trading success rate
- Profitable trading

Note: The news is very noisy and contains a lot of irrelevant information, but the above summary and keywords are the most",Positive
228,AAPL,2022-12-14,"[2022-12-08] Summary: 
The news articles and tweets extracted from the given data are primarily about the stock market, particularly Apple (AAPL) and other major tech companies. The news includes updates on stock prices, analyst predictions, and market trends. There are also mentions of Apple's supplier Foxconn investing in India and the company's plans to build chips in the US. Additionally, there are discussions about the impact of the COVID-19 pandemic on the stock market and the potential for a recession.

Keywords: 
- AAPL (Apple)
- Stock market
- Tech companies
- Analyst predictions
- Stock prices
- Market trends
- Foxconn
- India
- US
- COVID-19
- Recession
- Stock buyback
- Tim Cook
- Steve Jobs
- Elon
[2022-12-09] Summary: 
The news is about various stocks, including AAPL, with a focus on trading, stock market analysis, and investment opportunities. The news mentions trading rooms, stock market updates, and analyst price targets for AAPL. There are also mentions of other stocks such as TSLA, AMZN, MSFT, and SPY.

Keywords: 
AAPL, TSLA, AMZN, MSFT, SPY, trading, stock market, investment, analyst price target, stock market analysis, trading room, stock updates.

Note: The news is quite noisy and contains a lot of irrelevant information, but the above summary and keywords are the most relevant information related to AAPL stock.
[2022-12-12] Summary: 
Apple's stock (AAPL) is trending with various news and updates. The company is planning to build chips in the US for the first time in nearly a decade, working with TSMC. There are also updates on analyst price targets, with some predicting a run-up for the stock. Additionally, Apple is partnering with Tata Group to open 100 stores that exclusively sell Apple products in India. The company's initial public offering (IPO) was on December 12, 1980, and it has since become one of the most valuable companies in the world.

Keywords: 
- Apple (AAPL)
- TSMC
- Chips
- US
- India
- Tata Group
- Analyst price targets
- IPO
- Stock market
- Trading
[2022-12-13] Summary: 
The news is about Apple's stock ($AAPL) and its performance. There are mentions of Apple's investment in Japan, Apple's stock price, and analyst price targets for Apple's stock. Some tweets also mention the overall stock market and inflation.

Keywords: 
- $AAPL (Apple stock)
- $SPY (S&P 500 ETF)
- $TSLA (Tesla stock)
- $AMZN (Amazon stock)
- $MSFT (Microsoft stock)
- $NVDA (NVIDIA stock)
- $AMD (AMD stock)
- $FB (Facebook stock)
- $GOOGL (Alphabet stock)
- $AMC (AMC Entertainment stock)
- $ETH (Ethereum)
- $XRP (Ripple)
-
[2022-12-14] Summary: 
The news is about Apple Inc. (AAPL) stock performance and market trends. The stock has been experiencing fluctuations, with some days showing a loss of $3.54 (-0.82%) and others showing a significant gain. Berkshire Hathaway has been purchasing shares of Apple since 2016. The stock has been mentioned in various discussions about market trends, inflation, and the impact of EU laws on the company. There are also mentions of Apple's potential to reach $4500 per share and the company's allowance of third-party app stores on iOS.

Keywords: 
- AAPL
- Apple
- Stock
- Market
- Trend
- Berkshire Hathaway
- EU
- Inflation
- $4500
- Third-party app stores
- iOS",Negative
229,BABA,2022-12-14,"[2022-12-08] Summary: 
The news is about BABA (Alibaba Group Holding Limited) stock. There are various mentions of BABA stock price targets, analyst predictions, and trading strategies. Some tweets mention the stock's performance, such as a loss on BABA, while others promote trading chat rooms and communities for making huge profits.

Keywords: 
- BABA
- Alibaba Group Holding Limited
- Stock price target
- Analyst prediction
- Trading strategy
- Trading chat room
- Community
- Stock performance
- Trading alerts
- Options trading
- Stock market
- Finance
- Trading
[2022-12-09] Summary: 
The news is about BABA (Alibaba Group Holding Limited) stock, with various traders and analysts discussing its price movements, potential price targets, and trading strategies. Some of the key points mentioned include:

* BABA has broken above 95.1 and is expected to continue higher to an ideal target at 101.30.
* Top analyst price target for BABA is mentioned multiple times, with some sources suggesting a price target of $101.30.
* Traders are discussing the potential for BABA to make significant gains, with some claiming to have made profits of up to $1,400 in a single hour.
* There are also mentions of BABA's integration with Web3 and its potential for growth.

Keywords: 
BABA, Alibaba Group Holding Limited,
[2022-12-12] Summary: 
The news is about BABA (Alibaba Group) stock, with various analysts providing price targets for the next week. Some of the analysts predict a significant increase in the stock price, while others do not provide specific targets. There are also mentions of trading rooms and communities where users can join to get real-time trading alerts and analysis.

Keywords: 
- BABA (Alibaba Group)
- Stock price target
- Analysts
- Trading room
- Trading community
- Real-time alerts
- Analysis
- Stock market
- Investing
- Options trading
- Alibaba Group

Note: The news is quite noisy and contains a lot of irrelevant information, but the above summary and keywords are the most relevant information that can be extracted.
[2022-12-13] Summary: 
The news is about a trading community that claims to have a 98% success rate and has turned $64,000 into $1.9M in 10 months. The community is promoting their trading chat room and offering a free trial. They are also sharing their stock picks and analyst price targets for various stocks, including BABA. The community is active on Discord and Twitter, and they are promoting their services to attract new members.

Keywords: 
- BABA
- Trading community
- Stock market
- Trading chat room
- Analyst price target
- Discord
- Twitter
- Stock picks
- Trading success rate
- Profitable trading

Note: The news is very noisy and contains a lot of irrelevant information, but the above summary and keywords are the most
[2022-12-14] Summary: 
The news is about BABA (Alibaba Group) stock, with various mentions of its price target, trading performance, and analyst opinions. There are also mentions of other stocks such as AMD, TSLA, AMZN, and NVDA. The news suggests that BABA has a high potential for growth and is a good investment opportunity.

Keywords: 
- BABA (Alibaba Group)
- Stock market
- Trading
- Price target
- Analyst opinions
- AMD
- TSLA
- AMZN
- NVDA
- Alibaba Group
- Stock performance
- Investment opportunity

Note: The news is quite noisy and contains a lot of irrelevant information, but the above summary and keywords are the most relevant and important points extracted from the text.",Negative
230,AAPL,2022-12-15,"[2022-12-09] Summary: 
The news is about various stocks, including AAPL, with a focus on trading, stock market analysis, and investment opportunities. The news mentions trading rooms, stock market updates, and analyst price targets for AAPL. There are also mentions of other stocks such as TSLA, AMZN, MSFT, and SPY.

Keywords: 
AAPL, TSLA, AMZN, MSFT, SPY, trading, stock market, investment, analyst price target, stock market analysis, trading room, stock updates.

Note: The news is quite noisy and contains a lot of irrelevant information, but the above summary and keywords are the most relevant information related to AAPL stock.
[2022-12-12] Summary: 
Apple's stock (AAPL) is trending with various news and updates. The company is planning to build chips in the US for the first time in nearly a decade, working with TSMC. There are also updates on analyst price targets, with some predicting a run-up for the stock. Additionally, Apple is partnering with Tata Group to open 100 stores that exclusively sell Apple products in India. The company's initial public offering (IPO) was on December 12, 1980, and it has since become one of the most valuable companies in the world.

Keywords: 
- Apple (AAPL)
- TSMC
- Chips
- US
- India
- Tata Group
- Analyst price targets
- IPO
- Stock market
- Trading
[2022-12-13] Summary: 
The news is about Apple's stock ($AAPL) and its performance. There are mentions of Apple's investment in Japan, Apple's stock price, and analyst price targets for Apple's stock. Some tweets also mention the overall stock market and inflation.

Keywords: 
- $AAPL (Apple stock)
- $SPY (S&P 500 ETF)
- $TSLA (Tesla stock)
- $AMZN (Amazon stock)
- $MSFT (Microsoft stock)
- $NVDA (NVIDIA stock)
- $AMD (AMD stock)
- $FB (Facebook stock)
- $GOOGL (Alphabet stock)
- $AMC (AMC Entertainment stock)
- $ETH (Ethereum)
- $XRP (Ripple)
-
[2022-12-14] Summary: 
The news is about Apple Inc. (AAPL) stock performance and market trends. The stock has been experiencing fluctuations, with some days showing a loss of $3.54 (-0.82%) and others showing a significant gain. Berkshire Hathaway has been purchasing shares of Apple since 2016. The stock has been mentioned in various discussions about market trends, inflation, and the impact of EU laws on the company. There are also mentions of Apple's potential to reach $4500 per share and the company's allowance of third-party app stores on iOS.

Keywords: 
- AAPL
- Apple
- Stock
- Market
- Trend
- Berkshire Hathaway
- EU
- Inflation
- $4500
- Third-party app stores
- iOS
[2022-12-15] Summary: 
AAPL stock is experiencing a decline, with some analysts predicting a potential drop to $100. The stock has been affected by various market trends and news, including a possible short position in the stock, a decline in the Nasdaq 100, and a drop in the S&P 500. However, some analysts are also predicting a potential increase in the stock price, with a top analyst price target for next week.

Keywords: AAPL, stock, price, target, analyst, prediction, decline, drop, Nasdaq, S&P 500, short position, trading, market, news.

Note: The news data is noisy and contains various unrelated information, but the above summary and keywords are extracted based on the relevant information related to AAPL stock.",Negative
231,BABA,2022-12-15,"[2022-12-09] Summary: 
The news is about BABA (Alibaba Group Holding Limited) stock, with various traders and analysts discussing its price movements, potential price targets, and trading strategies. Some of the key points mentioned include:

* BABA has broken above 95.1 and is expected to continue higher to an ideal target at 101.30.
* Top analyst price target for BABA is mentioned multiple times, with some sources suggesting a price target of $101.30.
* Traders are discussing the potential for BABA to make significant gains, with some claiming to have made profits of up to $1,400 in a single hour.
* There are also mentions of BABA's integration with Web3 and its potential for growth.

Keywords: 
BABA, Alibaba Group Holding Limited,
[2022-12-12] Summary: 
The news is about BABA (Alibaba Group) stock, with various analysts providing price targets for the next week. Some of the analysts predict a significant increase in the stock price, while others do not provide specific targets. There are also mentions of trading rooms and communities where users can join to get real-time trading alerts and analysis.

Keywords: 
- BABA (Alibaba Group)
- Stock price target
- Analysts
- Trading room
- Trading community
- Real-time alerts
- Analysis
- Stock market
- Investing
- Options trading
- Alibaba Group

Note: The news is quite noisy and contains a lot of irrelevant information, but the above summary and keywords are the most relevant information that can be extracted.
[2022-12-13] Summary: 
The news is about a trading community that claims to have a 98% success rate and has turned $64,000 into $1.9M in 10 months. The community is promoting their trading chat room and offering a free trial. They are also sharing their stock picks and analyst price targets for various stocks, including BABA. The community is active on Discord and Twitter, and they are promoting their services to attract new members.

Keywords: 
- BABA
- Trading community
- Stock market
- Trading chat room
- Analyst price target
- Discord
- Twitter
- Stock picks
- Trading success rate
- Profitable trading

Note: The news is very noisy and contains a lot of irrelevant information, but the above summary and keywords are the most
[2022-12-14] Summary: 
The news is about BABA (Alibaba Group) stock, with various mentions of its price target, trading performance, and analyst opinions. There are also mentions of other stocks such as AMD, TSLA, AMZN, and NVDA. The news suggests that BABA has a high potential for growth and is a good investment opportunity.

Keywords: 
- BABA (Alibaba Group)
- Stock market
- Trading
- Price target
- Analyst opinions
- AMD
- TSLA
- AMZN
- NVDA
- Alibaba Group
- Stock performance
- Investment opportunity

Note: The news is quite noisy and contains a lot of irrelevant information, but the above summary and keywords are the most relevant and important points extracted from the text.
[2022-12-15] Summary: 
The news is about BABA (Alibaba Group Holding Limited) stock. There are several news articles and updates about BABA stock, including its price target, trading performance, and analyst opinions. Some articles mention the company's success rate and profitability, while others discuss the PCAOB's (Public Company Accounting Oversight Board) access to Chinese companies' audit records, which may impact BABA's stock performance.

Keywords: 
- BABA
- Alibaba Group Holding Limited
- Stock
- Trading
- PCAOB
- Audit
- China
- US
- Stock market
- Trading performance
- Analyst opinions
- Price target
- Profitability
- Success rate

Note: The news articles are quite noisy and contain a lot of irrelevant information, but the above summary",Negative
232,AAPL,2022-12-16,"[2022-12-12] Summary: 
Apple's stock (AAPL) is trending with various news and updates. The company is planning to build chips in the US for the first time in nearly a decade, working with TSMC. There are also updates on analyst price targets, with some predicting a run-up for the stock. Additionally, Apple is partnering with Tata Group to open 100 stores that exclusively sell Apple products in India. The company's initial public offering (IPO) was on December 12, 1980, and it has since become one of the most valuable companies in the world.

Keywords: 
- Apple (AAPL)
- TSMC
- Chips
- US
- India
- Tata Group
- Analyst price targets
- IPO
- Stock market
- Trading
[2022-12-13] Summary: 
The news is about Apple's stock ($AAPL) and its performance. There are mentions of Apple's investment in Japan, Apple's stock price, and analyst price targets for Apple's stock. Some tweets also mention the overall stock market and inflation.

Keywords: 
- $AAPL (Apple stock)
- $SPY (S&P 500 ETF)
- $TSLA (Tesla stock)
- $AMZN (Amazon stock)
- $MSFT (Microsoft stock)
- $NVDA (NVIDIA stock)
- $AMD (AMD stock)
- $FB (Facebook stock)
- $GOOGL (Alphabet stock)
- $AMC (AMC Entertainment stock)
- $ETH (Ethereum)
- $XRP (Ripple)
-
[2022-12-14] Summary: 
The news is about Apple Inc. (AAPL) stock performance and market trends. The stock has been experiencing fluctuations, with some days showing a loss of $3.54 (-0.82%) and others showing a significant gain. Berkshire Hathaway has been purchasing shares of Apple since 2016. The stock has been mentioned in various discussions about market trends, inflation, and the impact of EU laws on the company. There are also mentions of Apple's potential to reach $4500 per share and the company's allowance of third-party app stores on iOS.

Keywords: 
- AAPL
- Apple
- Stock
- Market
- Trend
- Berkshire Hathaway
- EU
- Inflation
- $4500
- Third-party app stores
- iOS
[2022-12-15] Summary: 
AAPL stock is experiencing a decline, with some analysts predicting a potential drop to $100. The stock has been affected by various market trends and news, including a possible short position in the stock, a decline in the Nasdaq 100, and a drop in the S&P 500. However, some analysts are also predicting a potential increase in the stock price, with a top analyst price target for next week.

Keywords: AAPL, stock, price, target, analyst, prediction, decline, drop, Nasdaq, S&P 500, short position, trading, market, news.

Note: The news data is noisy and contains various unrelated information, but the above summary and keywords are extracted based on the relevant information related to AAPL stock.
[2022-12-16] Summary: The news is about Apple (AAPL) stock performance and analysis. There are various opinions and predictions about the stock's future, including a potential price target of $175 and $235. Some analysts are bearish on the stock, while others are bullish. There are also discussions about the company's operational performance, supply chain issues, and the impact of the iPhone 14 PRO on the stock price.

Keywords: AAPL, Apple, stock, stock market, stock analysis, stock price, prediction, bearish, bullish, iPhone, supply chain, operational performance.

Note: The news is quite noisy and contains a lot of irrelevant information, but the above summary and keywords are the most relevant information that can be extracted.",Negative
233,BABA,2022-12-16,"[2022-12-12] Summary: 
The news is about BABA (Alibaba Group) stock, with various analysts providing price targets for the next week. Some of the analysts predict a significant increase in the stock price, while others do not provide specific targets. There are also mentions of trading rooms and communities where users can join to get real-time trading alerts and analysis.

Keywords: 
- BABA (Alibaba Group)
- Stock price target
- Analysts
- Trading room
- Trading community
- Real-time alerts
- Analysis
- Stock market
- Investing
- Options trading
- Alibaba Group

Note: The news is quite noisy and contains a lot of irrelevant information, but the above summary and keywords are the most relevant information that can be extracted.
[2022-12-13] Summary: 
The news is about a trading community that claims to have a 98% success rate and has turned $64,000 into $1.9M in 10 months. The community is promoting their trading chat room and offering a free trial. They are also sharing their stock picks and analyst price targets for various stocks, including BABA. The community is active on Discord and Twitter, and they are promoting their services to attract new members.

Keywords: 
- BABA
- Trading community
- Stock market
- Trading chat room
- Analyst price target
- Discord
- Twitter
- Stock picks
- Trading success rate
- Profitable trading

Note: The news is very noisy and contains a lot of irrelevant information, but the above summary and keywords are the most
[2022-12-14] Summary: 
The news is about BABA (Alibaba Group) stock, with various mentions of its price target, trading performance, and analyst opinions. There are also mentions of other stocks such as AMD, TSLA, AMZN, and NVDA. The news suggests that BABA has a high potential for growth and is a good investment opportunity.

Keywords: 
- BABA (Alibaba Group)
- Stock market
- Trading
- Price target
- Analyst opinions
- AMD
- TSLA
- AMZN
- NVDA
- Alibaba Group
- Stock performance
- Investment opportunity

Note: The news is quite noisy and contains a lot of irrelevant information, but the above summary and keywords are the most relevant and important points extracted from the text.
[2022-12-15] Summary: 
The news is about BABA (Alibaba Group Holding Limited) stock. There are several news articles and updates about BABA stock, including its price target, trading performance, and analyst opinions. Some articles mention the company's success rate and profitability, while others discuss the PCAOB's (Public Company Accounting Oversight Board) access to Chinese companies' audit records, which may impact BABA's stock performance.

Keywords: 
- BABA
- Alibaba Group Holding Limited
- Stock
- Trading
- PCAOB
- Audit
- China
- US
- Stock market
- Trading performance
- Analyst opinions
- Price target
- Profitability
- Success rate

Note: The news articles are quite noisy and contain a lot of irrelevant information, but the above summary
[2022-12-16] Summary: 
The news is about BABA (Alibaba Group Holding Limited) stock, with various mentions of price targets, trading strategies, and market trends. Some news articles mention the company's co-founder Joseph Tsai planning to sell about $260M worth of shares, while others discuss the company's compliance with the PCAOB (Public Company Accounting Oversight Board) inspections. There are also mentions of trading challenges, profitable trading communities, and stock market updates.

Keywords: 
- BABA (Alibaba Group Holding Limited)
- Stock market
- Trading
- Price target
- PCAOB (Public Company Accounting Oversight Board)
- Joseph Tsai
- Alibaba
- Stock market updates
- Trading strategies
- Profitable trading communities
- Stock market trends

Note: The news articles are",Positive
234,AAPL,2022-12-19,"[2022-12-13] Summary: 
The news is about Apple's stock ($AAPL) and its performance. There are mentions of Apple's investment in Japan, Apple's stock price, and analyst price targets for Apple's stock. Some tweets also mention the overall stock market and inflation.

Keywords: 
- $AAPL (Apple stock)
- $SPY (S&P 500 ETF)
- $TSLA (Tesla stock)
- $AMZN (Amazon stock)
- $MSFT (Microsoft stock)
- $NVDA (NVIDIA stock)
- $AMD (AMD stock)
- $FB (Facebook stock)
- $GOOGL (Alphabet stock)
- $AMC (AMC Entertainment stock)
- $ETH (Ethereum)
- $XRP (Ripple)
-
[2022-12-14] Summary: 
The news is about Apple Inc. (AAPL) stock performance and market trends. The stock has been experiencing fluctuations, with some days showing a loss of $3.54 (-0.82%) and others showing a significant gain. Berkshire Hathaway has been purchasing shares of Apple since 2016. The stock has been mentioned in various discussions about market trends, inflation, and the impact of EU laws on the company. There are also mentions of Apple's potential to reach $4500 per share and the company's allowance of third-party app stores on iOS.

Keywords: 
- AAPL
- Apple
- Stock
- Market
- Trend
- Berkshire Hathaway
- EU
- Inflation
- $4500
- Third-party app stores
- iOS
[2022-12-15] Summary: 
AAPL stock is experiencing a decline, with some analysts predicting a potential drop to $100. The stock has been affected by various market trends and news, including a possible short position in the stock, a decline in the Nasdaq 100, and a drop in the S&P 500. However, some analysts are also predicting a potential increase in the stock price, with a top analyst price target for next week.

Keywords: AAPL, stock, price, target, analyst, prediction, decline, drop, Nasdaq, S&P 500, short position, trading, market, news.

Note: The news data is noisy and contains various unrelated information, but the above summary and keywords are extracted based on the relevant information related to AAPL stock.
[2022-12-16] Summary: The news is about Apple (AAPL) stock performance and analysis. There are various opinions and predictions about the stock's future, including a potential price target of $175 and $235. Some analysts are bearish on the stock, while others are bullish. There are also discussions about the company's operational performance, supply chain issues, and the impact of the iPhone 14 PRO on the stock price.

Keywords: AAPL, Apple, stock, stock market, stock analysis, stock price, prediction, bearish, bullish, iPhone, supply chain, operational performance.

Note: The news is quite noisy and contains a lot of irrelevant information, but the above summary and keywords are the most relevant information that can be extracted.
[2022-12-19] Summary: 
The news is about Apple Inc. (AAPL) stock performance and market trends. The stock has been experiencing fluctuations, with some analysts predicting a potential bounce up to the 20ma before a lower trend. There are also mentions of Apple's recent price movements, with some analysts suggesting that the stock is oversold and near its 52-week low. Additionally, there are mentions of Apple's performance in comparison to other major tech stocks, such as Tesla (TSLA), Amazon (AMZN), and Microsoft (MSFT).

Keywords: 
- AAPL (Apple Inc.)
- TSLA (Tesla Inc.)
- AMZN (Amazon.com Inc.)
- MSFT (Microsoft Corporation)
- SPY (SPDR S&P 500 ETF Trust)
- QQQ (",Negative
235,BABA,2022-12-20,"[2022-12-14] Summary: 
The news is about BABA (Alibaba Group) stock, with various mentions of its price target, trading performance, and analyst opinions. There are also mentions of other stocks such as AMD, TSLA, AMZN, and NVDA. The news suggests that BABA has a high potential for growth and is a good investment opportunity.

Keywords: 
- BABA (Alibaba Group)
- Stock market
- Trading
- Price target
- Analyst opinions
- AMD
- TSLA
- AMZN
- NVDA
- Alibaba Group
- Stock performance
- Investment opportunity

Note: The news is quite noisy and contains a lot of irrelevant information, but the above summary and keywords are the most relevant and important points extracted from the text.
[2022-12-15] Summary: 
The news is about BABA (Alibaba Group Holding Limited) stock. There are several news articles and updates about BABA stock, including its price target, trading performance, and analyst opinions. Some articles mention the company's success rate and profitability, while others discuss the PCAOB's (Public Company Accounting Oversight Board) access to Chinese companies' audit records, which may impact BABA's stock performance.

Keywords: 
- BABA
- Alibaba Group Holding Limited
- Stock
- Trading
- PCAOB
- Audit
- China
- US
- Stock market
- Trading performance
- Analyst opinions
- Price target
- Profitability
- Success rate

Note: The news articles are quite noisy and contain a lot of irrelevant information, but the above summary
[2022-12-16] Summary: 
The news is about BABA (Alibaba Group Holding Limited) stock, with various mentions of price targets, trading strategies, and market trends. Some news articles mention the company's co-founder Joseph Tsai planning to sell about $260M worth of shares, while others discuss the company's compliance with the PCAOB (Public Company Accounting Oversight Board) inspections. There are also mentions of trading challenges, profitable trading communities, and stock market updates.

Keywords: 
- BABA (Alibaba Group Holding Limited)
- Stock market
- Trading
- Price target
- PCAOB (Public Company Accounting Oversight Board)
- Joseph Tsai
- Alibaba
- Stock market updates
- Trading strategies
- Profitable trading communities
- Stock market trends

Note: The news articles are
[2022-12-19] Summary: 
Alibaba Group Holding Limited (BABA) stock is expected to have a run-up, with some analysts predicting a price target for next week. The Chinese government has announced business-friendly policies to boost the economy in 2023, which may positively impact BABA stock. However, Chinese business confidence has fallen to its lowest level in almost a decade, which may have a negative impact on the stock.

Keywords: 
- BABA
- Alibaba Group Holding Limited
- Stock market
- Chinese economy
- Business-friendly policies
- Analyst price target
- Stock run-up
- Trading
- Options
- Recession
- Economy
- Stock market news
- Trading alerts
- Discord group
- Trading community
- Stock analysis
- Day trading
- Stock market
[2022-12-20] Summary: 
The news is about various stocks and their performance, with a focus on BABA (Alibaba Group Holding Limited). The news includes analyst price targets, trading ideas, and market trends. There is also a mention of a trading community and a discord group where users can join to get updates and alerts.

Keywords: 
- BABA (Alibaba Group Holding Limited)
- Stock market
- Trading
- Analyst price target
- Market trend
- Trading community
- Discord group
- Stock performance
- Trading ideas
- Market analysis

Note: The news is quite noisy and contains a lot of irrelevant information, but the above summary and keywords are the most relevant to the topic of BABA stock.",Negative
236,AAPL,2022-12-21,"[2022-12-15] Summary: 
AAPL stock is experiencing a decline, with some analysts predicting a potential drop to $100. The stock has been affected by various market trends and news, including a possible short position in the stock, a decline in the Nasdaq 100, and a drop in the S&P 500. However, some analysts are also predicting a potential increase in the stock price, with a top analyst price target for next week.

Keywords: AAPL, stock, price, target, analyst, prediction, decline, drop, Nasdaq, S&P 500, short position, trading, market, news.

Note: The news data is noisy and contains various unrelated information, but the above summary and keywords are extracted based on the relevant information related to AAPL stock.
[2022-12-16] Summary: The news is about Apple (AAPL) stock performance and analysis. There are various opinions and predictions about the stock's future, including a potential price target of $175 and $235. Some analysts are bearish on the stock, while others are bullish. There are also discussions about the company's operational performance, supply chain issues, and the impact of the iPhone 14 PRO on the stock price.

Keywords: AAPL, Apple, stock, stock market, stock analysis, stock price, prediction, bearish, bullish, iPhone, supply chain, operational performance.

Note: The news is quite noisy and contains a lot of irrelevant information, but the above summary and keywords are the most relevant information that can be extracted.
[2022-12-19] Summary: 
The news is about Apple Inc. (AAPL) stock performance and market trends. The stock has been experiencing fluctuations, with some analysts predicting a potential bounce up to the 20ma before a lower trend. There are also mentions of Apple's recent price movements, with some analysts suggesting that the stock is oversold and near its 52-week low. Additionally, there are mentions of Apple's performance in comparison to other major tech stocks, such as Tesla (TSLA), Amazon (AMZN), and Microsoft (MSFT).

Keywords: 
- AAPL (Apple Inc.)
- TSLA (Tesla Inc.)
- AMZN (Amazon.com Inc.)
- MSFT (Microsoft Corporation)
- SPY (SPDR S&P 500 ETF Trust)
- QQQ (
[2022-12-20] Summary: 
Apple (AAPL) stock is experiencing a decline, with some analysts predicting a potential price drop. There are mixed signals about the stock's future, with some indicating a distribution pattern and others suggesting a possible rebound. The company is planning to start producing MacBooks in Vietnam in 2023. The stock's price target has been cut by JP Morgan to $190 from $200.

Keywords: 
- AAPL
- Apple
- Stock
- Price target
- Vietnam
- MacBook
- Production
- Distribution
- Rebound
- Analysts
- Predictions
- Decline
- Trend
- Options
- Trading
- Stock market
- Recession
- Economy
- Investing
- Trading
- Stocks
- Options
- Swing trading
[2022-12-21] Summary: 
The news is about Apple Inc. (AAPL) stock, with various mentions of its performance, price targets, and analyst opinions. There are also mentions of other stocks such as Tesla (TSLA), Amazon (AMZN), and Meta (META), but the primary focus is on AAPL. The news includes discussions of price movements, analyst predictions, and market trends.

Keywords: 
AAPL, Apple, stock, price target, analyst, Tesla, Amazon, Meta, market trend, performance, prediction, stock movement.

Note: The news is quite noisy and contains a lot of irrelevant information, but the above summary and keywords are the most relevant and accurate based on the provided data.",Positive
237,BABA,2022-12-21,"[2022-12-15] Summary: 
The news is about BABA (Alibaba Group Holding Limited) stock. There are several news articles and updates about BABA stock, including its price target, trading performance, and analyst opinions. Some articles mention the company's success rate and profitability, while others discuss the PCAOB's (Public Company Accounting Oversight Board) access to Chinese companies' audit records, which may impact BABA's stock performance.

Keywords: 
- BABA
- Alibaba Group Holding Limited
- Stock
- Trading
- PCAOB
- Audit
- China
- US
- Stock market
- Trading performance
- Analyst opinions
- Price target
- Profitability
- Success rate

Note: The news articles are quite noisy and contain a lot of irrelevant information, but the above summary
[2022-12-16] Summary: 
The news is about BABA (Alibaba Group Holding Limited) stock, with various mentions of price targets, trading strategies, and market trends. Some news articles mention the company's co-founder Joseph Tsai planning to sell about $260M worth of shares, while others discuss the company's compliance with the PCAOB (Public Company Accounting Oversight Board) inspections. There are also mentions of trading challenges, profitable trading communities, and stock market updates.

Keywords: 
- BABA (Alibaba Group Holding Limited)
- Stock market
- Trading
- Price target
- PCAOB (Public Company Accounting Oversight Board)
- Joseph Tsai
- Alibaba
- Stock market updates
- Trading strategies
- Profitable trading communities
- Stock market trends

Note: The news articles are
[2022-12-19] Summary: 
Alibaba Group Holding Limited (BABA) stock is expected to have a run-up, with some analysts predicting a price target for next week. The Chinese government has announced business-friendly policies to boost the economy in 2023, which may positively impact BABA stock. However, Chinese business confidence has fallen to its lowest level in almost a decade, which may have a negative impact on the stock.

Keywords: 
- BABA
- Alibaba Group Holding Limited
- Stock market
- Chinese economy
- Business-friendly policies
- Analyst price target
- Stock run-up
- Trading
- Options
- Recession
- Economy
- Stock market news
- Trading alerts
- Discord group
- Trading community
- Stock analysis
- Day trading
- Stock market
[2022-12-20] Summary: 
The news is about various stocks and their performance, with a focus on BABA (Alibaba Group Holding Limited). The news includes analyst price targets, trading ideas, and market trends. There is also a mention of a trading community and a discord group where users can join to get updates and alerts.

Keywords: 
- BABA (Alibaba Group Holding Limited)
- Stock market
- Trading
- Analyst price target
- Market trend
- Trading community
- Discord group
- Stock performance
- Trading ideas
- Market analysis

Note: The news is quite noisy and contains a lot of irrelevant information, but the above summary and keywords are the most relevant to the topic of BABA stock.
[2022-12-21] Summary: 
The news is about BABA (Alibaba Group Holding Limited) stock. There are multiple tweets about BABA's price target, trading ideas, and updates. Some tweets mention BABA's performance and its comparison with other stocks. There is also a mention of a trading community and a chat room where users can get trading alerts and ideas.

Keywords: 
- BABA (Alibaba Group Holding Limited)
- Stock price target
- Trading ideas
- Trading community
- Chat room
- Trading alerts
- Alibaba Group Holding Limited
- Stock performance
- Comparison with other stocks

Note: The news is quite noisy and contains a lot of irrelevant information, but the above summary and keywords are the most relevant information that can be extracted.",Positive
238,AAPL,2022-12-22,"[2022-12-16] Summary: The news is about Apple (AAPL) stock performance and analysis. There are various opinions and predictions about the stock's future, including a potential price target of $175 and $235. Some analysts are bearish on the stock, while others are bullish. There are also discussions about the company's operational performance, supply chain issues, and the impact of the iPhone 14 PRO on the stock price.

Keywords: AAPL, Apple, stock, stock market, stock analysis, stock price, prediction, bearish, bullish, iPhone, supply chain, operational performance.

Note: The news is quite noisy and contains a lot of irrelevant information, but the above summary and keywords are the most relevant information that can be extracted.
[2022-12-19] Summary: 
The news is about Apple Inc. (AAPL) stock performance and market trends. The stock has been experiencing fluctuations, with some analysts predicting a potential bounce up to the 20ma before a lower trend. There are also mentions of Apple's recent price movements, with some analysts suggesting that the stock is oversold and near its 52-week low. Additionally, there are mentions of Apple's performance in comparison to other major tech stocks, such as Tesla (TSLA), Amazon (AMZN), and Microsoft (MSFT).

Keywords: 
- AAPL (Apple Inc.)
- TSLA (Tesla Inc.)
- AMZN (Amazon.com Inc.)
- MSFT (Microsoft Corporation)
- SPY (SPDR S&P 500 ETF Trust)
- QQQ (
[2022-12-20] Summary: 
Apple (AAPL) stock is experiencing a decline, with some analysts predicting a potential price drop. There are mixed signals about the stock's future, with some indicating a distribution pattern and others suggesting a possible rebound. The company is planning to start producing MacBooks in Vietnam in 2023. The stock's price target has been cut by JP Morgan to $190 from $200.

Keywords: 
- AAPL
- Apple
- Stock
- Price target
- Vietnam
- MacBook
- Production
- Distribution
- Rebound
- Analysts
- Predictions
- Decline
- Trend
- Options
- Trading
- Stock market
- Recession
- Economy
- Investing
- Trading
- Stocks
- Options
- Swing trading
[2022-12-21] Summary: 
The news is about Apple Inc. (AAPL) stock, with various mentions of its performance, price targets, and analyst opinions. There are also mentions of other stocks such as Tesla (TSLA), Amazon (AMZN), and Meta (META), but the primary focus is on AAPL. The news includes discussions of price movements, analyst predictions, and market trends.

Keywords: 
AAPL, Apple, stock, price target, analyst, Tesla, Amazon, Meta, market trend, performance, prediction, stock movement.

Note: The news is quite noisy and contains a lot of irrelevant information, but the above summary and keywords are the most relevant and accurate based on the provided data.
[2022-12-22] Summary: 
The news is about Apple Inc. (AAPL) stock, with various mentions of its price, analyst predictions, and market trends. Some tweets mention the stock's performance in comparison to other companies like Tesla (TSLA), Amazon (AMZN), and Microsoft (MSFT). There are also mentions of analyst price targets, trading strategies, and market analysis.

Keywords: 
- AAPL (Apple Inc.)
- TSLA (Tesla Inc.)
- AMZN (Amazon.com Inc.)
- MSFT (Microsoft Corporation)
- SPY (SPDR S&P 500 ETF Trust)
- QQQ (Invesco QQQ ETF)
- NVDA (NVIDIA Corporation)
- GOOGL (Alphabet Inc.)
- FB (Meta Platforms Inc.)
- NFLX",Negative
239,BABA,2022-12-23,"[2022-12-19] Summary: 
Alibaba Group Holding Limited (BABA) stock is expected to have a run-up, with some analysts predicting a price target for next week. The Chinese government has announced business-friendly policies to boost the economy in 2023, which may positively impact BABA stock. However, Chinese business confidence has fallen to its lowest level in almost a decade, which may have a negative impact on the stock.

Keywords: 
- BABA
- Alibaba Group Holding Limited
- Stock market
- Chinese economy
- Business-friendly policies
- Analyst price target
- Stock run-up
- Trading
- Options
- Recession
- Economy
- Stock market news
- Trading alerts
- Discord group
- Trading community
- Stock analysis
- Day trading
- Stock market
[2022-12-20] Summary: 
The news is about various stocks and their performance, with a focus on BABA (Alibaba Group Holding Limited). The news includes analyst price targets, trading ideas, and market trends. There is also a mention of a trading community and a discord group where users can join to get updates and alerts.

Keywords: 
- BABA (Alibaba Group Holding Limited)
- Stock market
- Trading
- Analyst price target
- Market trend
- Trading community
- Discord group
- Stock performance
- Trading ideas
- Market analysis

Note: The news is quite noisy and contains a lot of irrelevant information, but the above summary and keywords are the most relevant to the topic of BABA stock.
[2022-12-21] Summary: 
The news is about BABA (Alibaba Group Holding Limited) stock. There are multiple tweets about BABA's price target, trading ideas, and updates. Some tweets mention BABA's performance and its comparison with other stocks. There is also a mention of a trading community and a chat room where users can get trading alerts and ideas.

Keywords: 
- BABA (Alibaba Group Holding Limited)
- Stock price target
- Trading ideas
- Trading community
- Chat room
- Trading alerts
- Alibaba Group Holding Limited
- Stock performance
- Comparison with other stocks

Note: The news is quite noisy and contains a lot of irrelevant information, but the above summary and keywords are the most relevant information that can be extracted.
[2022-12-22] Summary: 
The news is about various stocks, including $BABA, with some mentions of price targets, analyst opinions, and market trends. There are also mentions of trading communities, discord groups, and stock alerts. The news is mostly about stocks and their performance, with some mentions of the Chinese economy and the role of $BABA in it.

Keywords: 
$BABA, $TSLA, $SPY, $QQQ, $AAPL, $AMZN, $NVDA, $MSFT, $FB, $NFLX, $ROKU, $GOOGL, $JPM, $BAC, $YM, $YM_F, $NQ, $NQ_F, $ES, $ES_F, $GC, $GL
[2022-12-23] Summary: 
The news is about BABA (Alibaba Group Holding Limited) stock. There are multiple posts mentioning BABA as a top analyst price target for the week or next week, with some posts providing links to specific articles or websites for more information. Some posts also mention BABA in the context of unusual call options or trading activity.

Keywords: 
- BABA
- Alibaba Group Holding Limited
- Stock market
- Trading
- Options
- Price target
- Analyst
- Stock market news
- Trading community
- Discord
- Chatroom
- Alerts
- Analysis
- Trading room
- Day trading
- Swing trading

Note: The news is quite noisy and contains a lot of irrelevant information, but the above summary and keywords are the most relevant information related",Negative
240,AAPL,2022-12-27,"[2022-12-20] Summary: 
Apple (AAPL) stock is experiencing a decline, with some analysts predicting a potential price drop. There are mixed signals about the stock's future, with some indicating a distribution pattern and others suggesting a possible rebound. The company is planning to start producing MacBooks in Vietnam in 2023. The stock's price target has been cut by JP Morgan to $190 from $200.

Keywords: 
- AAPL
- Apple
- Stock
- Price target
- Vietnam
- MacBook
- Production
- Distribution
- Rebound
- Analysts
- Predictions
- Decline
- Trend
- Options
- Trading
- Stock market
- Recession
- Economy
- Investing
- Trading
- Stocks
- Options
- Swing trading
[2022-12-21] Summary: 
The news is about Apple Inc. (AAPL) stock, with various mentions of its performance, price targets, and analyst opinions. There are also mentions of other stocks such as Tesla (TSLA), Amazon (AMZN), and Meta (META), but the primary focus is on AAPL. The news includes discussions of price movements, analyst predictions, and market trends.

Keywords: 
AAPL, Apple, stock, price target, analyst, Tesla, Amazon, Meta, market trend, performance, prediction, stock movement.

Note: The news is quite noisy and contains a lot of irrelevant information, but the above summary and keywords are the most relevant and accurate based on the provided data.
[2022-12-22] Summary: 
The news is about Apple Inc. (AAPL) stock, with various mentions of its price, analyst predictions, and market trends. Some tweets mention the stock's performance in comparison to other companies like Tesla (TSLA), Amazon (AMZN), and Microsoft (MSFT). There are also mentions of analyst price targets, trading strategies, and market analysis.

Keywords: 
- AAPL (Apple Inc.)
- TSLA (Tesla Inc.)
- AMZN (Amazon.com Inc.)
- MSFT (Microsoft Corporation)
- SPY (SPDR S&P 500 ETF Trust)
- QQQ (Invesco QQQ ETF)
- NVDA (NVIDIA Corporation)
- GOOGL (Alphabet Inc.)
- FB (Meta Platforms Inc.)
- NFLX
[2022-12-23] Summary: 
Apple (AAPL) stock has been a topic of discussion among traders and investors, with various analysts and experts sharing their opinions and predictions. Some have mentioned a potential head and shoulders setup, while others have discussed the company's consumer discretionary business and its valuation. There have been mentions of Apple's stock price target, with some analysts predicting a potential drop in the coming months. Additionally, there have been discussions about the company's dividend payment and its impact on the stock price.

Keywords: 
- Apple (AAPL)
- Stock price
- Analyst predictions
- Head and shoulders setup
- Consumer discretionary business
- Valuation
- Dividend payment
- Stock price target
- Trading community
- Options trading
- Day trading
- Swing trading

Note: The news",Negative
241,BABA,2022-12-27,"[2022-12-20] Summary: 
The news is about various stocks and their performance, with a focus on BABA (Alibaba Group Holding Limited). The news includes analyst price targets, trading ideas, and market trends. There is also a mention of a trading community and a discord group where users can join to get updates and alerts.

Keywords: 
- BABA (Alibaba Group Holding Limited)
- Stock market
- Trading
- Analyst price target
- Market trend
- Trading community
- Discord group
- Stock performance
- Trading ideas
- Market analysis

Note: The news is quite noisy and contains a lot of irrelevant information, but the above summary and keywords are the most relevant to the topic of BABA stock.
[2022-12-21] Summary: 
The news is about BABA (Alibaba Group Holding Limited) stock. There are multiple tweets about BABA's price target, trading ideas, and updates. Some tweets mention BABA's performance and its comparison with other stocks. There is also a mention of a trading community and a chat room where users can get trading alerts and ideas.

Keywords: 
- BABA (Alibaba Group Holding Limited)
- Stock price target
- Trading ideas
- Trading community
- Chat room
- Trading alerts
- Alibaba Group Holding Limited
- Stock performance
- Comparison with other stocks

Note: The news is quite noisy and contains a lot of irrelevant information, but the above summary and keywords are the most relevant information that can be extracted.
[2022-12-22] Summary: 
The news is about various stocks, including $BABA, with some mentions of price targets, analyst opinions, and market trends. There are also mentions of trading communities, discord groups, and stock alerts. The news is mostly about stocks and their performance, with some mentions of the Chinese economy and the role of $BABA in it.

Keywords: 
$BABA, $TSLA, $SPY, $QQQ, $AAPL, $AMZN, $NVDA, $MSFT, $FB, $NFLX, $ROKU, $GOOGL, $JPM, $BAC, $YM, $YM_F, $NQ, $NQ_F, $ES, $ES_F, $GC, $GL
[2022-12-23] Summary: 
The news is about BABA (Alibaba Group Holding Limited) stock. There are multiple posts mentioning BABA as a top analyst price target for the week or next week, with some posts providing links to specific articles or websites for more information. Some posts also mention BABA in the context of unusual call options or trading activity.

Keywords: 
- BABA
- Alibaba Group Holding Limited
- Stock market
- Trading
- Options
- Price target
- Analyst
- Stock market news
- Trading community
- Discord
- Chatroom
- Alerts
- Analysis
- Trading room
- Day trading
- Swing trading

Note: The news is quite noisy and contains a lot of irrelevant information, but the above summary and keywords are the most relevant information related",Positive
242,AAPL,2022-12-28,"[2022-12-21] Summary: 
The news is about Apple Inc. (AAPL) stock, with various mentions of its performance, price targets, and analyst opinions. There are also mentions of other stocks such as Tesla (TSLA), Amazon (AMZN), and Meta (META), but the primary focus is on AAPL. The news includes discussions of price movements, analyst predictions, and market trends.

Keywords: 
AAPL, Apple, stock, price target, analyst, Tesla, Amazon, Meta, market trend, performance, prediction, stock movement.

Note: The news is quite noisy and contains a lot of irrelevant information, but the above summary and keywords are the most relevant and accurate based on the provided data.
[2022-12-22] Summary: 
The news is about Apple Inc. (AAPL) stock, with various mentions of its price, analyst predictions, and market trends. Some tweets mention the stock's performance in comparison to other companies like Tesla (TSLA), Amazon (AMZN), and Microsoft (MSFT). There are also mentions of analyst price targets, trading strategies, and market analysis.

Keywords: 
- AAPL (Apple Inc.)
- TSLA (Tesla Inc.)
- AMZN (Amazon.com Inc.)
- MSFT (Microsoft Corporation)
- SPY (SPDR S&P 500 ETF Trust)
- QQQ (Invesco QQQ ETF)
- NVDA (NVIDIA Corporation)
- GOOGL (Alphabet Inc.)
- FB (Meta Platforms Inc.)
- NFLX
[2022-12-23] Summary: 
Apple (AAPL) stock has been a topic of discussion among traders and investors, with various analysts and experts sharing their opinions and predictions. Some have mentioned a potential head and shoulders setup, while others have discussed the company's consumer discretionary business and its valuation. There have been mentions of Apple's stock price target, with some analysts predicting a potential drop in the coming months. Additionally, there have been discussions about the company's dividend payment and its impact on the stock price.

Keywords: 
- Apple (AAPL)
- Stock price
- Analyst predictions
- Head and shoulders setup
- Consumer discretionary business
- Valuation
- Dividend payment
- Stock price target
- Trading community
- Options trading
- Day trading
- Swing trading

Note: The news",Negative
243,BABA,2022-12-28,"[2022-12-21] Summary: 
The news is about BABA (Alibaba Group Holding Limited) stock. There are multiple tweets about BABA's price target, trading ideas, and updates. Some tweets mention BABA's performance and its comparison with other stocks. There is also a mention of a trading community and a chat room where users can get trading alerts and ideas.

Keywords: 
- BABA (Alibaba Group Holding Limited)
- Stock price target
- Trading ideas
- Trading community
- Chat room
- Trading alerts
- Alibaba Group Holding Limited
- Stock performance
- Comparison with other stocks

Note: The news is quite noisy and contains a lot of irrelevant information, but the above summary and keywords are the most relevant information that can be extracted.
[2022-12-22] Summary: 
The news is about various stocks, including $BABA, with some mentions of price targets, analyst opinions, and market trends. There are also mentions of trading communities, discord groups, and stock alerts. The news is mostly about stocks and their performance, with some mentions of the Chinese economy and the role of $BABA in it.

Keywords: 
$BABA, $TSLA, $SPY, $QQQ, $AAPL, $AMZN, $NVDA, $MSFT, $FB, $NFLX, $ROKU, $GOOGL, $JPM, $BAC, $YM, $YM_F, $NQ, $NQ_F, $ES, $ES_F, $GC, $GL
[2022-12-23] Summary: 
The news is about BABA (Alibaba Group Holding Limited) stock. There are multiple posts mentioning BABA as a top analyst price target for the week or next week, with some posts providing links to specific articles or websites for more information. Some posts also mention BABA in the context of unusual call options or trading activity.

Keywords: 
- BABA
- Alibaba Group Holding Limited
- Stock market
- Trading
- Options
- Price target
- Analyst
- Stock market news
- Trading community
- Discord
- Chatroom
- Alerts
- Analysis
- Trading room
- Day trading
- Swing trading

Note: The news is quite noisy and contains a lot of irrelevant information, but the above summary and keywords are the most relevant information related",Negative
244,AAPL,2022-12-29,"[2022-12-22] Summary: 
The news is about Apple Inc. (AAPL) stock, with various mentions of its price, analyst predictions, and market trends. Some tweets mention the stock's performance in comparison to other companies like Tesla (TSLA), Amazon (AMZN), and Microsoft (MSFT). There are also mentions of analyst price targets, trading strategies, and market analysis.

Keywords: 
- AAPL (Apple Inc.)
- TSLA (Tesla Inc.)
- AMZN (Amazon.com Inc.)
- MSFT (Microsoft Corporation)
- SPY (SPDR S&P 500 ETF Trust)
- QQQ (Invesco QQQ ETF)
- NVDA (NVIDIA Corporation)
- GOOGL (Alphabet Inc.)
- FB (Meta Platforms Inc.)
- NFLX
[2022-12-23] Summary: 
Apple (AAPL) stock has been a topic of discussion among traders and investors, with various analysts and experts sharing their opinions and predictions. Some have mentioned a potential head and shoulders setup, while others have discussed the company's consumer discretionary business and its valuation. There have been mentions of Apple's stock price target, with some analysts predicting a potential drop in the coming months. Additionally, there have been discussions about the company's dividend payment and its impact on the stock price.

Keywords: 
- Apple (AAPL)
- Stock price
- Analyst predictions
- Head and shoulders setup
- Consumer discretionary business
- Valuation
- Dividend payment
- Stock price target
- Trading community
- Options trading
- Day trading
- Swing trading

Note: The news",Positive
245,BABA,2022-12-29,"[2022-12-22] Summary: 
The news is about various stocks, including $BABA, with some mentions of price targets, analyst opinions, and market trends. There are also mentions of trading communities, discord groups, and stock alerts. The news is mostly about stocks and their performance, with some mentions of the Chinese economy and the role of $BABA in it.

Keywords: 
$BABA, $TSLA, $SPY, $QQQ, $AAPL, $AMZN, $NVDA, $MSFT, $FB, $NFLX, $ROKU, $GOOGL, $JPM, $BAC, $YM, $YM_F, $NQ, $NQ_F, $ES, $ES_F, $GC, $GL
[2022-12-23] Summary: 
The news is about BABA (Alibaba Group Holding Limited) stock. There are multiple posts mentioning BABA as a top analyst price target for the week or next week, with some posts providing links to specific articles or websites for more information. Some posts also mention BABA in the context of unusual call options or trading activity.

Keywords: 
- BABA
- Alibaba Group Holding Limited
- Stock market
- Trading
- Options
- Price target
- Analyst
- Stock market news
- Trading community
- Discord
- Chatroom
- Alerts
- Analysis
- Trading room
- Day trading
- Swing trading

Note: The news is quite noisy and contains a lot of irrelevant information, but the above summary and keywords are the most relevant information related",Positive
246,BABA,2022-12-30,"[2022-12-23] Summary: 
The news is about BABA (Alibaba Group Holding Limited) stock. There are multiple posts mentioning BABA as a top analyst price target for the week or next week, with some posts providing links to specific articles or websites for more information. Some posts also mention BABA in the context of unusual call options or trading activity.

Keywords: 
- BABA
- Alibaba Group Holding Limited
- Stock market
- Trading
- Options
- Price target
- Analyst
- Stock market news
- Trading community
- Discord
- Chatroom
- Alerts
- Analysis
- Trading room
- Day trading
- Swing trading

Note: The news is quite noisy and contains a lot of irrelevant information, but the above summary and keywords are the most relevant information related",Negative
