{
    "model_name": "meta-llama/Meta-Llama-3.1-8B-Instruct",
    "timestamp": "20250512_154713",
    "total_samples": 7796,
    "valid_samples": 7796,
    "invalid_samples": 0,
    "accuracy": 0.3677526936890713,
    "mcc": -0.3011550865139644,
    "precision": 0.4109947643979058,
    "recall": 0.602455871066769,
    "f1_score": 0.4886399004046063,
    "confusion_matrix": {
        "labels": [
            "Negative",
            "Positive"
        ],
        "matrix": [
            [
                512,
                3375
            ],
            [
                1554,
                2355
            ]
        ]
    }
}